allocation,multiplexing,target_fidelity,scenario,run_idx,rate_hz,accepted_rate_hz,below_target_rate_hz,fidelity,accepted_fidelity,below_target_count,delivered_count,case_label
1:1,True,0.75,no TTL,13,100.5,99.5,1.0,0.8778698197670357,0.8793661678557543,2,201,allocation 1:1
1:1,True,0.75,no TTL,10,97.0,95.5,1.5,0.875522134917988,0.8780229283592688,3,194,allocation 1:1
1:1,True,0.75,no TTL,8,88.5,87.0,1.5,0.873325462932248,0.8760706860501529,3,177,allocation 1:1
1:1,True,0.75,no TTL,14,105.5,105.0,0.5,0.8761822071040465,0.8769741277767253,1,211,allocation 1:1
1:1,True,0.75,no TTL,22,104.0,103.0,1.0,0.8776817426764467,0.8791486342794591,2,208,allocation 1:1
1:1,True,0.75,no TTL,20,84.5,83.0,1.5,0.874844615991884,0.877627975771149,3,169,allocation 1:1
1:1,True,0.75,no TTL,24,90.5,90.0,0.5,0.8789260114660309,0.8796693984526062,1,181,allocation 1:1
1:1,True,0.75,no TTL,11,93.0,92.0,1.0,0.8784722112576759,0.8800561494322792,2,186,allocation 1:1
1:1,True,0.75,no TTL,2,93.0,92.5,0.5,0.8788814512226676,0.8796964900264812,1,186,allocation 1:1
1:1,True,0.75,no TTL,0,96.5,95.0,1.5,0.8770511144222806,0.8795503757874207,3,193,allocation 1:1
1:1,True,0.75,no TTL,4,97.5,97.0,0.5,0.8763592346601923,0.8771183820269384,1,195,allocation 1:1
1:1,True,0.75,no TTL,7,106.0,105.5,0.5,0.8820919597538246,0.8827314633336877,1,212,allocation 1:1
1:1,True,0.75,no TTL,18,108.0,107.0,1.0,0.8820907651144323,0.8833650765111568,2,216,allocation 1:1
1:1,True,0.75,no TTL,21,96.5,95.5,1.0,0.8815821480427043,0.8830077635909998,2,193,allocation 1:1
1:1,True,0.75,no TTL,9,106.0,105.5,0.5,0.8817591297235411,0.8825025608786466,1,212,allocation 1:1
1:1,True,0.75,no TTL,16,93.5,93.0,0.5,0.8801401002657122,0.8812105411179163,1,187,allocation 1:1
1:1,True,0.75,no TTL,30,95.5,95.5,0.0,0.8820126138978929,0.8820126138978929,0,191,allocation 1:1
1:1,True,0.75,no TTL,3,95.0,94.5,0.5,0.8787734290979998,0.8797124294549998,1,190,allocation 1:1
1:1,True,0.75,no TTL,1,101.5,100.5,1.0,0.881366391211173,0.88287939669186,2,203,allocation 1:1
1:1,True,0.75,no TTL,5,103.5,103.0,0.5,0.8786401251858125,0.8792975070786095,1,207,allocation 1:1
1:1,True,0.75,no TTL,6,94.5,94.5,0.0,0.8826684399307464,0.8826684399307464,0,189,allocation 1:1
1:1,True,0.75,no TTL,28,94.5,93.5,1.0,0.877912494528114,0.8796131233689987,2,189,allocation 1:1
1:1,True,0.75,no TTL,29,96.0,95.5,0.5,0.8807899990520269,0.8815541521676756,1,192,allocation 1:1
1:1,True,0.75,no TTL,12,91.0,89.5,1.5,0.8771024335654113,0.8796851886909491,3,182,allocation 1:1
1:1,True,0.75,no TTL,15,96.0,95.5,0.5,0.8796183222424669,0.8806128464704143,1,192,allocation 1:1
1:1,True,0.75,no TTL,27,102.5,102.0,0.5,0.8770275594744592,0.8777216371327375,1,205,allocation 1:1
1:1,True,0.75,no TTL,25,96.5,96.0,0.5,0.8799767149241319,0.8809970401365453,1,193,allocation 1:1
1:1,True,0.75,no TTL,23,95.5,95.0,0.5,0.8801477748148413,0.8808652447603379,1,191,allocation 1:1
1:1,True,0.75,no TTL,19,98.0,97.5,0.5,0.8801012098670691,0.8809838451226019,1,196,allocation 1:1
1:1,True,0.75,no TTL,26,89.5,88.0,1.5,0.8825272436677652,0.8852004921246436,3,179,allocation 1:1
1:1,True,0.75,no TTL,17,91.0,90.0,1.0,0.8779163507159905,0.8795053431517683,2,182,allocation 1:1
1:1,True,0.75,no TTL,46,97.0,96.0,1.0,0.8809162891915145,0.8825721171166919,2,194,allocation 1:1
1:1,True,0.75,no TTL,32,100.5,100.0,0.5,0.8785446238027196,0.8793429916061904,1,201,allocation 1:1
1:1,True,0.75,no TTL,34,97.5,97.0,0.5,0.8775652508022906,0.8784030928205503,1,195,allocation 1:1
1:1,True,0.75,no TTL,31,88.0,88.0,0.0,0.8809446923597659,0.8809446923597659,0,176,allocation 1:1
1:1,True,0.75,no TTL,40,90.5,90.0,0.5,0.8766204776244222,0.8775443619757956,1,181,allocation 1:1
1:1,True,0.75,no TTL,51,80.5,80.5,0.0,0.8772514477340272,0.8772514477340272,0,161,allocation 1:1
1:1,True,0.75,no TTL,33,97.5,97.0,0.5,0.8816860025884696,0.8824847782923649,1,195,allocation 1:1
1:1,True,0.75,no TTL,35,101.5,101.5,0.0,0.8784245765187799,0.8784245765187799,0,203,allocation 1:1
1:1,True,0.75,no TTL,37,91.5,91.5,0.0,0.876263204315948,0.876263204315948,0,183,allocation 1:1
1:1,True,0.75,no TTL,43,96.0,96.0,0.0,0.8815198270500602,0.8815198270500602,0,192,allocation 1:1
1:1,True,0.75,no TTL,38,94.0,94.0,0.0,0.8838527191709525,0.8838527191709525,0,188,allocation 1:1
1:1,True,0.75,no TTL,49,94.0,94.0,0.0,0.8823444046304408,0.8823444046304408,0,188,allocation 1:1
1:1,True,0.75,no TTL,45,94.5,94.0,0.5,0.8791556570837428,0.8799560055534181,1,189,allocation 1:1
1:1,True,0.75,no TTL,39,102.5,102.5,0.0,0.8804965650028781,0.8804965650028781,0,205,allocation 1:1
1:1,True,0.75,no TTL,42,98.5,98.5,0.0,0.8827943558218845,0.8827943558218845,0,197,allocation 1:1
1:1,True,0.75,no TTL,47,99.0,98.5,0.5,0.882238922095365,0.8829415131457452,1,198,allocation 1:1
1:1,True,0.75,no TTL,55,84.5,84.5,0.0,0.8787730346954542,0.8787730346954542,0,169,allocation 1:1
1:1,True,0.75,no TTL,44,100.0,99.5,0.5,0.878437516372746,0.8796355090130352,1,200,allocation 1:1
1:1,True,0.75,no TTL,56,107.0,107.0,0.0,0.8783615872082077,0.8783615872082077,0,214,allocation 1:1
1:1,True,0.75,no TTL,50,97.5,96.5,1.0,0.8786001473852034,0.8799883202585388,2,195,allocation 1:1
1:1,True,0.75,no TTL,48,102.0,102.0,0.0,0.8821238544220025,0.8821238544220025,0,204,allocation 1:1
1:1,True,0.75,no TTL,41,105.0,105.0,0.0,0.8856089907427065,0.8856089907427065,0,210,allocation 1:1
1:1,True,0.75,no TTL,36,118.5,118.0,0.5,0.8810983919047336,0.8816892050342032,1,237,allocation 1:1
1:1,True,0.75,no TTL,57,95.0,94.5,0.5,0.8786061601245383,0.8793993665549075,1,190,allocation 1:1
1:1,True,0.75,no TTL,54,99.5,99.5,0.0,0.8827729297422424,0.8827729297422424,0,199,allocation 1:1
1:1,True,0.75,no TTL,53,93.0,93.0,0.0,0.8799178728289042,0.8799178728289042,0,186,allocation 1:1
1:1,True,0.75,no TTL,52,82.0,81.0,1.0,0.8808116209868032,0.8825290407215881,2,164,allocation 1:1
1:1,True,0.75,no TTL,59,96.5,96.5,0.0,0.8792601369379957,0.8792601369379957,0,193,allocation 1:1
1:1,True,0.75,no TTL,60,89.5,89.5,0.0,0.8816786137748227,0.8816786137748227,0,179,allocation 1:1
1:1,True,0.75,no TTL,58,86.5,86.5,0.0,0.8809721831108942,0.8809721831108942,0,173,allocation 1:1
1:1,True,0.75,no TTL,61,99.0,98.5,0.5,0.880642224342491,0.8813325835264206,1,198,allocation 1:1
1:1,True,0.75,no TTL,62,93.0,92.5,0.5,0.8779517642668268,0.8787461283239185,1,186,allocation 1:1
1:1,True,0.75,no TTL,67,99.0,97.5,1.5,0.8773364580918906,0.8794776003740883,3,198,allocation 1:1
1:1,True,0.75,no TTL,65,102.0,101.0,1.0,0.8825957977172199,0.8842365554640523,2,204,allocation 1:1
1:1,True,0.75,no TTL,63,95.0,94.5,0.5,0.8795835719439984,0.8802885659557744,1,190,allocation 1:1
1:1,True,0.75,no TTL,64,99.5,99.0,0.5,0.8788143176409017,0.8795384519866352,1,199,allocation 1:1
1:1,True,0.75,no TTL,69,91.5,91.0,0.5,0.8795728061338028,0.8803029868697586,1,183,allocation 1:1
1:1,True,0.75,no TTL,68,100.5,99.5,1.0,0.8751232678453493,0.8770042693845496,2,201,allocation 1:1
1:1,True,0.75,no TTL,75,96.5,95.0,1.5,0.8758359618386931,0.8780896624754122,3,193,allocation 1:1
1:1,True,0.75,no TTL,70,94.0,94.0,0.0,0.8780943881063447,0.8780943881063447,0,188,allocation 1:1
1:1,True,0.75,no TTL,79,91.5,91.0,0.5,0.8750355411679852,0.8759853430018946,1,183,allocation 1:1
1:1,True,0.75,no TTL,66,98.0,98.0,0.0,0.8856347510787544,0.8856347510787544,0,196,allocation 1:1
1:1,True,0.75,no TTL,73,87.0,86.0,1.0,0.876773891924514,0.8783401073160084,2,174,allocation 1:1
1:1,True,0.75,no TTL,74,86.5,86.5,0.0,0.8779391360917781,0.8779391360917781,0,173,allocation 1:1
1:1,True,0.75,no TTL,72,97.5,97.0,0.5,0.8813786952538479,0.8822574987484593,1,195,allocation 1:1
1:1,True,0.75,no TTL,80,92.0,90.5,1.5,0.8750350180000862,0.8776104919407731,3,184,allocation 1:1
1:1,True,0.75,no TTL,77,87.0,87.0,0.0,0.8801332243221471,0.8801332243221471,0,174,allocation 1:1
1:1,True,0.75,no TTL,78,95.5,95.5,0.0,0.8802667140260036,0.8802667140260036,0,191,allocation 1:1
1:1,True,0.75,no TTL,71,95.0,94.0,1.0,0.8821052218252349,0.8838264106940349,2,190,allocation 1:1
1:1,True,0.75,no TTL,76,105.0,104.5,0.5,0.8836169989986903,0.8843604746877421,1,210,allocation 1:1
1:1,True,0.75,no TTL,87,97.5,96.5,1.0,0.879350945872699,0.8814867506174385,2,195,allocation 1:1
1:1,True,0.75,no TTL,86,84.5,84.5,0.0,0.8793677960315839,0.8793677960315839,0,169,allocation 1:1
1:1,True,0.75,no TTL,85,91.0,91.0,0.0,0.8800349530141061,0.8800349530141061,0,182,allocation 1:1
1:1,True,0.75,no TTL,83,103.5,103.5,0.0,0.8834505841082076,0.8834505841082076,0,207,allocation 1:1
1:1,True,0.75,no TTL,84,96.0,96.0,0.0,0.881995622255682,0.881995622255682,0,192,allocation 1:1
1:1,True,0.75,no TTL,81,97.0,96.0,1.0,0.8804340574991849,0.8822347072610606,2,194,allocation 1:1
1:1,True,0.75,no TTL,82,98.0,97.5,0.5,0.8788100410264899,0.8796033553824953,1,196,allocation 1:1
1:1,True,0.75,no TTL,89,108.5,108.0,0.5,0.880479833375064,0.8812333808994948,1,217,allocation 1:1
1:1,True,0.75,no TTL,90,88.5,86.5,2.0,0.8756922637175377,0.8792000845087339,4,177,allocation 1:1
1:1,True,0.75,no TTL,88,101.0,101.0,0.0,0.879193383553813,0.879193383553813,0,202,allocation 1:1
1:1,True,0.75,no TTL,92,95.0,95.0,0.0,0.8835266793668806,0.8835266793668806,0,190,allocation 1:1
1:1,True,0.75,no TTL,91,94.0,93.5,0.5,0.8764015727935835,0.8771339510579355,1,188,allocation 1:1
1:1,True,0.75,no TTL,93,94.0,93.0,1.0,0.8782285162629567,0.8800851106486364,2,188,allocation 1:1
1:1,True,0.75,no TTL,95,98.5,98.5,0.0,0.8785813209585013,0.8785813209585013,0,197,allocation 1:1
1:1,True,0.75,no TTL,94,95.5,94.5,1.0,0.8788542102511882,0.8806282774066019,2,191,allocation 1:1
1:1,True,0.75,model TTL,5,90.0,90.0,0.0,0.8826673142794668,0.8826673142794668,0,180,allocation 1:1
1:1,True,0.75,no TTL,96,107.5,107.5,0.0,0.8812762535822326,0.8812762535822326,0,215,allocation 1:1
1:1,True,0.75,no TTL,99,89.5,89.0,0.5,0.8799155669481932,0.880715255158684,1,179,allocation 1:1
1:1,True,0.75,no TTL,97,91.0,91.0,0.0,0.8834254210319153,0.8834254210319153,0,182,allocation 1:1
1:1,True,0.75,no TTL,98,94.0,93.5,0.5,0.8781537853374478,0.8788872655717903,1,188,allocation 1:1
1:1,True,0.75,model TTL,1,96.0,95.0,1.0,0.8784015697282156,0.8798992424367723,2,192,allocation 1:1
1:1,True,0.75,model TTL,0,103.0,102.0,1.0,0.8791848793991506,0.8805200264157359,2,206,allocation 1:1
1:1,True,0.75,model TTL,8,102.5,102.0,0.5,0.8768983724294229,0.8775406993840589,1,205,allocation 1:1
1:1,True,0.75,model TTL,6,87.5,86.5,1.0,0.879500297195404,0.8811278380407586,2,175,allocation 1:1
1:1,True,0.75,model TTL,4,91.5,91.0,0.5,0.8783403714001743,0.8791499645743245,1,183,allocation 1:1
1:1,True,0.75,model TTL,2,100.5,99.0,1.5,0.8806465224672169,0.8828045220886376,3,201,allocation 1:1
1:1,True,0.75,model TTL,17,93.5,93.5,0.0,0.8824598433765771,0.8824598433765771,0,187,allocation 1:1
1:1,True,0.75,model TTL,16,87.5,87.0,0.5,0.8782362894163774,0.8790904602626584,1,175,allocation 1:1
1:1,True,0.75,model TTL,3,93.0,92.0,1.0,0.8832614672546795,0.8847718029430385,2,186,allocation 1:1
1:1,True,0.75,model TTL,11,97.5,97.0,0.5,0.8792497888178987,0.8799306810056058,1,195,allocation 1:1
1:1,True,0.75,model TTL,7,95.0,95.0,0.0,0.8835653694429343,0.8835653694429343,0,190,allocation 1:1
1:1,True,0.75,model TTL,14,92.0,92.0,0.0,0.8752741874915386,0.8752741874915386,0,184,allocation 1:1
1:1,True,0.75,model TTL,15,89.0,89.0,0.0,0.8774333486530128,0.8774333486530128,0,178,allocation 1:1
1:1,True,0.75,model TTL,13,93.0,93.0,0.0,0.8803404075637804,0.8803404075637804,0,186,allocation 1:1
1:1,True,0.75,model TTL,9,94.5,94.5,0.0,0.8820773632271532,0.8820773632271532,0,189,allocation 1:1
1:1,True,0.75,model TTL,10,100.0,100.0,0.0,0.8787145795319592,0.8787145795319592,0,200,allocation 1:1
1:1,True,0.75,model TTL,18,95.0,95.0,0.0,0.878657264945685,0.878657264945685,0,190,allocation 1:1
1:1,True,0.75,model TTL,12,94.0,93.0,1.0,0.8788900614665893,0.880418562710896,2,188,allocation 1:1
1:1,True,0.75,model TTL,19,98.0,97.5,0.5,0.8814557079632797,0.8822191673682216,1,196,allocation 1:1
1:1,True,0.75,model TTL,20,92.5,92.0,0.5,0.880912576087159,0.8816653142806127,1,185,allocation 1:1
1:1,True,0.75,model TTL,22,86.0,86.0,0.0,0.8819474195793321,0.8819474195793321,0,172,allocation 1:1
1:1,True,0.75,model TTL,21,110.0,110.0,0.0,0.8830490894277233,0.8830490894277233,0,220,allocation 1:1
1:1,True,0.75,model TTL,23,97.5,97.5,0.0,0.8834834948919965,0.8834834948919965,0,195,allocation 1:1
1:1,True,0.75,model TTL,24,100.5,100.0,0.5,0.8808106688789178,0.8814721138296554,1,201,allocation 1:1
1:1,True,0.75,model TTL,25,102.0,101.5,0.5,0.8804294572476011,0.8810960242592519,1,204,allocation 1:1
1:1,True,0.75,model TTL,27,92.0,91.5,0.5,0.8798456824184592,0.8806187515760574,1,184,allocation 1:1
1:1,True,0.75,model TTL,26,102.5,102.0,0.5,0.8833739848252943,0.8840380385764245,1,205,allocation 1:1
1:1,True,0.75,model TTL,28,99.0,99.0,0.0,0.8813971404001102,0.8813971404001102,0,198,allocation 1:1
1:1,True,0.75,model TTL,30,92.0,91.5,0.5,0.8788628783867866,0.8795713901101512,1,184,allocation 1:1
1:1,True,0.75,model TTL,31,92.5,92.5,0.0,0.8801062984097185,0.8801062984097185,0,185,allocation 1:1
1:1,True,0.75,model TTL,29,104.5,104.0,0.5,0.8790626156460625,0.8797225252333543,1,209,allocation 1:1
1:1,True,0.75,model TTL,34,85.5,85.5,0.0,0.8797819357296983,0.8797819357296983,0,171,allocation 1:1
1:1,True,0.75,model TTL,33,95.5,94.5,1.0,0.8789451305399532,0.8803688389578496,2,191,allocation 1:1
1:1,True,0.75,model TTL,32,93.5,93.5,0.0,0.881390506801671,0.881390506801671,0,187,allocation 1:1
1:1,True,0.75,model TTL,35,84.0,84.0,0.0,0.881758106392494,0.881758106392494,0,168,allocation 1:1
1:1,True,0.75,model TTL,56,96.5,96.5,0.0,0.8804460508726304,0.8804460508726304,0,193,allocation 1:1
1:1,True,0.75,model TTL,36,98.0,98.0,0.0,0.8799615220454804,0.8799615220454804,0,196,allocation 1:1
1:1,True,0.75,model TTL,39,93.5,93.0,0.5,0.8806128560431146,0.881385850419599,1,187,allocation 1:1
1:1,True,0.75,model TTL,41,89.0,89.0,0.0,0.8779496187268578,0.8779496187268578,0,178,allocation 1:1
1:1,True,0.75,model TTL,37,96.5,96.5,0.0,0.882854619690961,0.882854619690961,0,193,allocation 1:1
1:1,True,0.75,model TTL,38,100.5,100.0,0.5,0.882460969919042,0.8831659524513943,1,201,allocation 1:1
1:1,True,0.75,model TTL,43,94.0,94.0,0.0,0.8795741114751852,0.8795741114751852,0,188,allocation 1:1
1:1,True,0.75,model TTL,42,96.0,96.0,0.0,0.8780675509782873,0.8780675509782873,0,192,allocation 1:1
1:1,True,0.75,model TTL,47,96.0,96.0,0.0,0.8804411473824363,0.8804411473824363,0,192,allocation 1:1
1:1,True,0.75,model TTL,44,99.0,98.5,0.5,0.8786403236013385,0.8793468895213463,1,198,allocation 1:1
1:1,True,0.75,model TTL,40,95.5,95.5,0.0,0.8786571385085505,0.8786571385085505,0,191,allocation 1:1
1:1,True,0.75,model TTL,48,99.5,99.5,0.0,0.8816136116437302,0.8816136116437302,0,199,allocation 1:1
1:1,True,0.75,model TTL,45,101.0,101.0,0.0,0.884344188206933,0.884344188206933,0,202,allocation 1:1
1:1,True,0.75,model TTL,49,103.0,103.0,0.0,0.8816632691496207,0.8816632691496207,0,206,allocation 1:1
1:1,True,0.75,model TTL,46,105.5,105.5,0.0,0.8848260249410465,0.8848260249410465,0,211,allocation 1:1
1:1,True,0.75,model TTL,52,85.5,85.5,0.0,0.8763047941525242,0.8763047941525242,0,171,allocation 1:1
1:1,True,0.75,model TTL,50,92.5,92.5,0.0,0.8809558954510953,0.8809558954510953,0,185,allocation 1:1
1:1,True,0.75,model TTL,51,102.0,102.0,0.0,0.8842965618890954,0.8842965618890954,0,204,allocation 1:1
1:1,True,0.75,model TTL,55,86.0,86.0,0.0,0.8812204578114845,0.8812204578114845,0,172,allocation 1:1
1:1,True,0.75,model TTL,53,101.5,101.5,0.0,0.8808420396117836,0.8808420396117836,0,203,allocation 1:1
1:1,True,0.75,model TTL,54,103.5,103.5,0.0,0.8821374375115101,0.8821374375115101,0,207,allocation 1:1
1:1,True,0.75,model TTL,59,98.0,98.0,0.0,0.8823842708608274,0.8823842708608274,0,196,allocation 1:1
1:1,True,0.75,model TTL,57,107.0,107.0,0.0,0.8817217297700937,0.8817217297700937,0,214,allocation 1:1
1:1,True,0.75,model TTL,58,99.0,99.0,0.0,0.8826186212404205,0.8826186212404205,0,198,allocation 1:1
1:1,True,0.75,model TTL,60,99.0,98.0,1.0,0.877635635276025,0.8790192576413335,2,198,allocation 1:1
1:1,True,0.75,model TTL,61,90.0,89.0,1.0,0.8763711210080596,0.8779117943038417,2,180,allocation 1:1
1:1,True,0.75,model TTL,62,82.5,82.5,0.0,0.8804728070441133,0.8804728070441133,0,165,allocation 1:1
1:1,True,0.75,model TTL,67,93.0,92.0,1.0,0.8784353020638027,0.8799083146511713,2,186,allocation 1:1
1:1,True,0.75,model TTL,77,99.5,99.5,0.0,0.8832957142692873,0.8832957142692873,0,199,allocation 1:1
1:1,True,0.75,model TTL,63,99.5,99.5,0.0,0.8824037759038595,0.8824037759038595,0,199,allocation 1:1
1:1,True,0.75,model TTL,66,86.0,85.0,1.0,0.8774602752476047,0.8791259836492775,2,172,allocation 1:1
1:1,True,0.75,model TTL,65,92.5,92.5,0.0,0.8827925900323904,0.8827925900323904,0,185,allocation 1:1
1:1,True,0.75,model TTL,70,92.5,92.0,0.5,0.878947406209546,0.8796502934028553,1,185,allocation 1:1
1:1,True,0.75,model TTL,74,93.5,93.5,0.0,0.8786010878637098,0.8786010878637098,0,187,allocation 1:1
1:1,True,0.75,model TTL,64,105.0,105.0,0.0,0.8838935109101469,0.8838935109101469,0,210,allocation 1:1
1:1,True,0.75,model TTL,72,96.0,96.0,0.0,0.8780164480106996,0.8780164480106996,0,192,allocation 1:1
1:1,True,0.75,model TTL,76,88.5,88.5,0.0,0.8796835459882772,0.8796835459882772,0,177,allocation 1:1
1:1,True,0.75,model TTL,68,99.0,99.0,0.0,0.8814372210037955,0.8814372210037955,0,198,allocation 1:1
1:1,True,0.75,model TTL,71,91.5,91.5,0.0,0.8796511272995422,0.8796511272995422,0,183,allocation 1:1
1:1,True,0.75,model TTL,73,100.5,100.0,0.5,0.8821799471330459,0.8828825144019617,1,201,allocation 1:1
1:1,True,0.75,model TTL,75,101.0,101.0,0.0,0.8788740731637997,0.8788740731637997,0,202,allocation 1:1
1:1,True,0.75,model TTL,69,94.5,94.5,0.0,0.8819671719854265,0.8819671719854265,0,189,allocation 1:1
1:1,True,0.75,model TTL,78,89.0,89.0,0.0,0.8792778097323098,0.8792778097323098,0,178,allocation 1:1
1:1,True,0.75,model TTL,81,101.0,101.0,0.0,0.8785652443889163,0.8785652443889163,0,202,allocation 1:1
1:1,True,0.75,model TTL,79,98.5,98.5,0.0,0.8827344082381723,0.8827344082381723,0,197,allocation 1:1
1:1,True,0.75,model TTL,82,103.0,103.0,0.0,0.8782420152087228,0.8782420152087228,0,206,allocation 1:1
1:1,True,0.75,model TTL,80,94.0,93.5,0.5,0.8830054807541199,0.8837209901003393,1,188,allocation 1:1
1:1,True,0.75,model TTL,83,97.5,97.0,0.5,0.8799398595348906,0.8806309738949484,1,195,allocation 1:1
1:1,True,0.75,model TTL,84,98.0,97.5,0.5,0.8793900353684726,0.8801378053332489,1,196,allocation 1:1
1:1,True,0.75,model TTL,86,84.0,84.0,0.0,0.8793891018201694,0.8793891018201694,0,168,allocation 1:1
1:1,True,0.75,model TTL,87,99.5,99.5,0.0,0.8855251497434901,0.8855251497434901,0,199,allocation 1:1
1:1,True,0.75,model TTL,85,105.0,104.5,0.5,0.8803352204077748,0.8810475584992709,1,210,allocation 1:1
1:1,True,0.75,model TTL,88,102.0,101.5,0.5,0.8818025396322258,0.8825258533276686,1,204,allocation 1:1
1:1,True,0.75,model TTL,94,92.0,92.0,0.0,0.8763858172126922,0.8763858172126922,0,184,allocation 1:1
1:1,True,0.75,model TTL,89,96.5,96.5,0.0,0.8801966990331851,0.8801966990331851,0,193,allocation 1:1
1:1,True,0.75,model TTL,91,91.0,90.0,1.0,0.8741538756018647,0.875583343959891,2,182,allocation 1:1
1:1,True,0.75,model TTL,90,94.5,94.0,0.5,0.8824121532012246,0.8831265177135417,1,189,allocation 1:1
1:1,True,0.75,model TTL,96,105.5,104.5,1.0,0.8811420577884563,0.8824837469990721,2,211,allocation 1:1
1:1,True,0.75,model TTL,97,92.0,92.0,0.0,0.8796029656360785,0.8796029656360785,0,184,allocation 1:1
1:1,True,0.75,model TTL,92,98.0,97.5,0.5,0.8807051074370792,0.881472854584424,1,196,allocation 1:1
1:1,True,0.75,model TTL,98,98.5,98.5,0.0,0.8839875016066631,0.8839875016066631,0,197,allocation 1:1
1:1,True,0.75,model TTL,95,106.0,106.0,0.0,0.8808265141006194,0.8808265141006194,0,212,allocation 1:1
1:1,True,0.75,model TTL,99,109.5,109.5,0.0,0.8838810604767374,0.8838810604767374,0,219,allocation 1:1
1:1,True,0.75,model TTL,93,99.0,98.5,0.5,0.8830857924232155,0.8837678191373936,1,198,allocation 1:1
1:1,True,0.7822869764936485,no TTL,28,94.5,92.0,2.5,0.877912494528114,0.88140862795249,5,189,allocation 1:1
1:1,True,0.7822869764936485,no TTL,14,105.5,103.0,2.5,0.8761822071040465,0.8791228349758261,5,211,allocation 1:1
1:1,True,0.7822869764936485,no TTL,11,93.0,91.0,2.0,0.8784722112576759,0.8812658523607513,4,186,allocation 1:1
1:1,True,0.7822869764936485,no TTL,24,90.5,89.5,1.0,0.8789260114660309,0.8802323217677858,2,181,allocation 1:1
1:1,True,0.7822869764936485,no TTL,8,88.5,84.5,4.0,0.873325462932248,0.8791928869088811,8,177,allocation 1:1
1:1,True,0.7822869764936485,no TTL,17,91.0,88.5,2.5,0.8779163507159905,0.8813945324794558,5,182,allocation 1:1
1:1,True,0.7822869764936485,no TTL,20,84.5,82.0,2.5,0.874844615991884,0.8789703069296192,5,169,allocation 1:1
1:1,True,0.7822869764936485,no TTL,18,108.0,106.5,1.5,0.8820907651144323,0.883912611423648,3,216,allocation 1:1
1:1,True,0.7822869764936485,no TTL,10,97.0,95.0,2.0,0.875522134917988,0.8786882834414548,4,194,allocation 1:1
1:1,True,0.7822869764936485,no TTL,2,93.0,92.0,1.0,0.8788814512226676,0.8803348912442296,2,186,allocation 1:1
1:1,True,0.7822869764936485,no TTL,0,96.5,94.5,2.0,0.8770511144222806,0.8801303589534314,4,193,allocation 1:1
1:1,True,0.7822869764936485,no TTL,4,97.5,95.5,2.0,0.8763592346601923,0.8788658311806398,4,195,allocation 1:1
1:1,True,0.7822869764936485,no TTL,12,91.0,88.5,2.5,0.8771024335654113,0.8808173884519354,5,182,allocation 1:1
1:1,True,0.7822869764936485,no TTL,22,104.0,101.5,2.5,0.8776817426764467,0.8807571392100632,5,208,allocation 1:1
1:1,True,0.7822869764936485,no TTL,7,106.0,104.5,1.5,0.8820919597538246,0.8838473871300826,3,212,allocation 1:1
1:1,True,0.7822869764936485,no TTL,9,106.0,104.5,1.5,0.8817591297235411,0.8834883032721531,3,212,allocation 1:1
1:1,True,0.7822869764936485,no TTL,29,96.0,94.0,2.0,0.8807899990520269,0.8834789855849092,4,192,allocation 1:1
1:1,True,0.7822869764936485,no TTL,5,103.5,101.5,2.0,0.8786401251858125,0.880857494129999,4,207,allocation 1:1
1:1,True,0.7822869764936485,no TTL,15,96.0,93.5,2.5,0.8796183222424669,0.8829688114126224,5,192,allocation 1:1
1:1,True,0.7822869764936485,no TTL,6,94.5,92.5,2.0,0.8826684399307464,0.8851491349477876,4,189,allocation 1:1
1:1,True,0.7822869764936485,no TTL,21,96.5,94.5,2.0,0.8815821480427043,0.8843727397500337,4,193,allocation 1:1
1:1,True,0.7822869764936485,no TTL,30,95.5,94.0,1.5,0.8820126138978929,0.8839332758751446,3,191,allocation 1:1
1:1,True,0.7822869764936485,no TTL,1,101.5,100.5,1.0,0.881366391211173,0.88287939669186,2,203,allocation 1:1
1:1,True,0.7822869764936485,no TTL,25,96.5,95.0,1.5,0.8799767149241319,0.882239668465604,3,193,allocation 1:1
1:1,True,0.7822869764936485,no TTL,23,95.5,94.0,1.5,0.8801477748148413,0.8822234648496307,3,191,allocation 1:1
1:1,True,0.7822869764936485,no TTL,27,102.5,99.0,3.5,0.8770275594744592,0.881149318953432,7,205,allocation 1:1
1:1,True,0.7822869764936485,no TTL,19,98.0,97.0,1.0,0.8801012098670691,0.881579288235658,2,196,allocation 1:1
1:1,True,0.7822869764936485,no TTL,3,95.0,94.0,1.0,0.8787734290979998,0.8802574749005009,2,190,allocation 1:1
1:1,True,0.7822869764936485,no TTL,16,93.5,91.0,2.5,0.8801401002657122,0.8837136589556349,5,187,allocation 1:1
1:1,True,0.7822869764936485,no TTL,13,100.5,99.0,1.5,0.8778698197670357,0.8798819369575469,3,201,allocation 1:1
1:1,True,0.7822869764936485,no TTL,26,89.5,87.0,2.5,0.8825272436677652,0.8865825021816824,5,179,allocation 1:1
1:1,True,0.7822869764936485,no TTL,32,100.5,99.0,1.5,0.8785446238027196,0.8804366835008313,3,201,allocation 1:1
1:1,True,0.7822869764936485,no TTL,31,88.0,86.0,2.0,0.8809446923597659,0.8834996597004624,4,176,allocation 1:1
1:1,True,0.7822869764936485,no TTL,48,102.0,101.0,1.0,0.8821238544220025,0.8832721906324725,2,204,allocation 1:1
1:1,True,0.7822869764936485,no TTL,38,94.0,93.5,0.5,0.8838527191709525,0.8843995742108656,1,188,allocation 1:1
1:1,True,0.7822869764936485,no TTL,34,97.5,94.0,3.5,0.8775652508022906,0.8817430109134492,7,195,allocation 1:1
1:1,True,0.7822869764936485,no TTL,35,101.5,99.0,2.5,0.8784245765187799,0.8812680981078899,5,203,allocation 1:1
1:1,True,0.7822869764936485,no TTL,33,97.5,96.0,1.5,0.8816860025884696,0.8836235570642026,3,195,allocation 1:1
1:1,True,0.7822869764936485,no TTL,41,105.0,105.0,0.0,0.8856089907427065,0.8856089907427065,0,210,allocation 1:1
1:1,True,0.7822869764936485,no TTL,37,91.5,90.5,1.0,0.876263204315948,0.8776143115387751,2,183,allocation 1:1
1:1,True,0.7822869764936485,no TTL,51,80.5,77.5,3.0,0.8772514477340272,0.8814394641975292,6,161,allocation 1:1
1:1,True,0.7822869764936485,no TTL,40,90.5,88.5,2.0,0.8766204776244222,0.8793189561453889,4,181,allocation 1:1
1:1,True,0.7822869764936485,no TTL,52,82.0,78.5,3.5,0.8808116209868032,0.8861005501383318,7,164,allocation 1:1
1:1,True,0.7822869764936485,no TTL,39,102.5,99.5,3.0,0.8804965650028781,0.8839539791755318,6,205,allocation 1:1
1:1,True,0.7822869764936485,no TTL,45,94.5,93.5,1.0,0.8791556570837428,0.8805275625095933,2,189,allocation 1:1
1:1,True,0.7822869764936485,no TTL,43,96.0,95.0,1.0,0.8815198270500602,0.8827276542118444,2,192,allocation 1:1
1:1,True,0.7822869764936485,no TTL,55,84.5,83.0,1.5,0.8787730346954542,0.8807815265565139,3,169,allocation 1:1
1:1,True,0.7822869764936485,no TTL,46,97.0,95.5,1.5,0.8809162891915145,0.8831532625320992,3,194,allocation 1:1
1:1,True,0.7822869764936485,no TTL,49,94.0,93.0,1.0,0.8823444046304408,0.8834422212390414,2,188,allocation 1:1
1:1,True,0.7822869764936485,no TTL,36,118.5,116.5,2.0,0.8810983919047336,0.8831340652211219,4,237,allocation 1:1
1:1,True,0.7822869764936485,no TTL,44,100.0,98.0,2.0,0.878437516372746,0.8812833434458908,4,200,allocation 1:1
1:1,True,0.7822869764936485,no TTL,47,99.0,98.0,1.0,0.882238922095365,0.883583033112059,2,198,allocation 1:1
1:1,True,0.7822869764936485,no TTL,58,86.5,85.0,1.5,0.8809721831108942,0.8830276204226044,3,173,allocation 1:1
1:1,True,0.7822869764936485,no TTL,54,99.5,98.5,1.0,0.8827729297422424,0.8840116276533149,2,199,allocation 1:1
1:1,True,0.7822869764936485,no TTL,57,95.0,93.0,2.0,0.8786061601245383,0.8811878380666762,4,190,allocation 1:1
1:1,True,0.7822869764936485,no TTL,42,98.5,97.5,1.0,0.8827943558218845,0.884106633375243,2,197,allocation 1:1
1:1,True,0.7822869764936485,no TTL,53,93.0,91.5,1.5,0.8799178728289042,0.8818134377887208,3,186,allocation 1:1
1:1,True,0.7822869764936485,no TTL,50,97.5,95.0,2.5,0.8786001473852034,0.8816963701540639,5,195,allocation 1:1
1:1,True,0.7822869764936485,no TTL,59,96.5,95.5,1.0,0.8792601369379957,0.8803082955830266,2,193,allocation 1:1
1:1,True,0.7822869764936485,no TTL,56,107.0,106.5,0.5,0.8783615872082077,0.8789215790489918,1,214,allocation 1:1
1:1,True,0.7822869764936485,no TTL,60,89.5,87.5,2.0,0.8816786137748227,0.8842755842284793,4,179,allocation 1:1
1:1,True,0.7822869764936485,no TTL,61,99.0,98.5,0.5,0.880642224342491,0.8813325835264206,1,198,allocation 1:1
1:1,True,0.7822869764936485,no TTL,64,99.5,98.0,1.5,0.8788143176409017,0.8806521436399689,3,199,allocation 1:1
1:1,True,0.7822869764936485,no TTL,62,93.0,90.5,2.5,0.8779517642668268,0.8810561587082191,5,186,allocation 1:1
1:1,True,0.7822869764936485,no TTL,65,102.0,100.5,1.5,0.8825957977172199,0.884855042158933,3,204,allocation 1:1
1:1,True,0.7822869764936485,no TTL,63,95.0,94.0,1.0,0.8795835719439984,0.8809561790393754,2,190,allocation 1:1
1:1,True,0.7822869764936485,no TTL,74,86.5,86.0,0.5,0.8779391360917781,0.8786261021884564,1,173,allocation 1:1
1:1,True,0.7822869764936485,no TTL,69,91.5,91.0,0.5,0.8795728061338028,0.8803029868697586,1,183,allocation 1:1
1:1,True,0.7822869764936485,no TTL,67,99.0,96.0,3.0,0.8773364580918906,0.8810609342919897,6,198,allocation 1:1
1:1,True,0.7822869764936485,no TTL,68,100.5,95.5,5.0,0.8751232678453493,0.8814530196718096,10,201,allocation 1:1
1:1,True,0.7822869764936485,no TTL,70,94.0,93.5,0.5,0.8780943881063447,0.8786613453705436,1,188,allocation 1:1
1:1,True,0.7822869764936485,no TTL,66,98.0,97.0,1.0,0.8856347510787544,0.8868378014092052,2,196,allocation 1:1
1:1,True,0.7822869764936485,no TTL,75,96.5,93.0,3.5,0.8758359618386931,0.8803732213806893,7,193,allocation 1:1
1:1,True,0.7822869764936485,no TTL,72,97.5,96.0,1.5,0.8813786952538479,0.8833445987452578,3,195,allocation 1:1
1:1,True,0.7822869764936485,no TTL,73,87.0,85.5,1.5,0.876773891924514,0.8790191098970332,3,174,allocation 1:1
1:1,True,0.7822869764936485,no TTL,79,91.5,88.0,3.5,0.8750355411679852,0.8797253463450757,7,183,allocation 1:1
1:1,True,0.7822869764936485,no TTL,80,92.0,89.5,2.5,0.8750350180000862,0.8788814932520594,5,184,allocation 1:1
1:1,True,0.7822869764936485,no TTL,71,95.0,93.0,2.0,0.8821052218252349,0.8852270290235662,4,190,allocation 1:1
1:1,True,0.7822869764936485,no TTL,76,105.0,104.5,0.5,0.8836169989986903,0.8843604746877421,1,210,allocation 1:1
1:1,True,0.7822869764936485,no TTL,77,87.0,86.0,1.0,0.8801332243221471,0.8813721138891942,2,174,allocation 1:1
1:1,True,0.7822869764936485,no TTL,78,95.5,94.5,1.0,0.8802667140260036,0.8813166715796014,2,191,allocation 1:1
1:1,True,0.7822869764936485,no TTL,83,103.5,101.0,2.5,0.8834505841082076,0.8862555741620637,5,207,allocation 1:1
1:1,True,0.7822869764936485,no TTL,81,97.0,94.5,2.5,0.8804340574991849,0.8840965306575641,5,194,allocation 1:1
1:1,True,0.7822869764936485,no TTL,84,96.0,95.0,1.0,0.881995622255682,0.883202345691495,2,192,allocation 1:1
1:1,True,0.7822869764936485,no TTL,87,97.5,96.5,1.0,0.879350945872699,0.8814867506174385,2,195,allocation 1:1
1:1,True,0.7822869764936485,no TTL,82,98.0,96.0,2.0,0.8788100410264899,0.8813130589494356,4,196,allocation 1:1
1:1,True,0.7822869764936485,no TTL,86,84.5,83.0,1.5,0.8793677960315839,0.8814790800758031,3,169,allocation 1:1
1:1,True,0.7822869764936485,no TTL,85,91.0,90.5,0.5,0.8800349530141061,0.8806195561866726,1,182,allocation 1:1
1:1,True,0.7822869764936485,no TTL,88,101.0,99.5,1.5,0.879193383553813,0.8808222294878914,3,202,allocation 1:1
1:1,True,0.7822869764936485,no TTL,89,108.5,106.0,2.5,0.880479833375064,0.8832908365334994,5,217,allocation 1:1
1:1,True,0.7822869764936485,no TTL,91,94.0,92.5,1.5,0.8764015727935835,0.8783530162087633,3,188,allocation 1:1
1:1,True,0.7822869764936485,no TTL,90,88.5,85.5,3.0,0.8756922637175377,0.8805303583780553,6,177,allocation 1:1
1:1,True,0.7822869764936485,no TTL,93,94.0,92.0,2.0,0.8782285162629567,0.8812385122435858,4,188,allocation 1:1
1:1,True,0.7822869764936485,no TTL,92,95.0,92.5,2.5,0.8835266793668806,0.8866603601154887,5,190,allocation 1:1
1:1,True,0.7822869764936485,no TTL,94,95.5,93.0,2.5,0.8788542102511882,0.88251508246211,5,191,allocation 1:1
1:1,True,0.7822869764936485,no TTL,95,98.5,97.5,1.0,0.8785813209585013,0.8797534453915529,2,197,allocation 1:1
1:1,True,0.7822869764936485,no TTL,96,107.5,106.0,1.5,0.8812762535822326,0.8827563570463669,3,215,allocation 1:1
1:1,True,0.7822869764936485,model TTL,23,92.5,91.0,1.5,0.8810488224805962,0.8827893499801182,3,185,allocation 1:1
1:1,True,0.7822869764936485,no TTL,97,91.0,90.5,0.5,0.8834254210319153,0.8841396214585556,1,182,allocation 1:1
1:1,True,0.7822869764936485,no TTL,99,89.5,88.0,1.5,0.8799155669481932,0.8819738705923597,3,179,allocation 1:1
1:1,True,0.7822869764936485,no TTL,98,94.0,92.5,1.5,0.8781537853374478,0.8800849384362399,3,188,allocation 1:1
1:1,True,0.7822869764936485,model TTL,0,101.0,101.0,0.0,0.883584475195947,0.883584475195947,0,202,allocation 1:1
1:1,True,0.7822869764936485,model TTL,4,91.5,90.0,1.5,0.8759504537837433,0.8775903188696652,3,183,allocation 1:1
1:1,True,0.7822869764936485,model TTL,1,96.0,96.0,0.0,0.8836748275996992,0.8836748275996992,0,192,allocation 1:1
1:1,True,0.7822869764936485,model TTL,8,93.0,91.5,1.5,0.8764930692956523,0.8781503209431655,3,186,allocation 1:1
1:1,True,0.7822869764936485,model TTL,2,107.5,106.5,1.0,0.8833132115976616,0.8843542904935087,2,215,allocation 1:1
1:1,True,0.7822869764936485,model TTL,6,97.5,97.5,0.0,0.8826258984846713,0.8826258984846713,0,195,allocation 1:1
1:1,True,0.7822869764936485,model TTL,3,104.0,103.0,1.0,0.8807942879858125,0.881780317147079,2,208,allocation 1:1
1:1,True,0.7822869764936485,model TTL,5,92.0,90.5,1.5,0.8811694545336529,0.8828838014408558,3,184,allocation 1:1
1:1,True,0.7822869764936485,model TTL,16,90.5,90.0,0.5,0.8772497910112688,0.8777860743990583,1,181,allocation 1:1
1:1,True,0.7822869764936485,model TTL,9,96.0,95.5,0.5,0.8852467150286429,0.8858384966649497,1,192,allocation 1:1
1:1,True,0.7822869764936485,model TTL,7,94.0,93.5,0.5,0.8835614708115849,0.884152308330638,1,188,allocation 1:1
1:1,True,0.7822869764936485,model TTL,11,98.0,98.0,0.0,0.8802229037471249,0.8802229037471249,0,196,allocation 1:1
1:1,True,0.7822869764936485,model TTL,13,97.5,96.5,1.0,0.8788193522333204,0.8798756714899066,2,195,allocation 1:1
1:1,True,0.7822869764936485,model TTL,14,88.0,86.5,1.5,0.8770809439318191,0.8788667616404023,3,176,allocation 1:1
1:1,True,0.7822869764936485,model TTL,10,100.0,98.5,1.5,0.8787145795319592,0.8802519896924456,3,200,allocation 1:1
1:1,True,0.7822869764936485,model TTL,15,89.5,88.5,1.0,0.8824523298916782,0.8836365778493257,2,179,allocation 1:1
1:1,True,0.7822869764936485,model TTL,18,93.5,92.0,1.5,0.8791521312985436,0.8808292051063714,3,187,allocation 1:1
1:1,True,0.7822869764936485,model TTL,12,106.0,104.5,1.5,0.8832526086818188,0.8848446985873585,3,212,allocation 1:1
1:1,True,0.7822869764936485,model TTL,17,106.0,106.0,0.0,0.8833087583238809,0.8833087583238809,0,212,allocation 1:1
1:1,True,0.7822869764936485,model TTL,19,105.0,104.5,0.5,0.8853753605693568,0.8858775001052297,1,210,allocation 1:1
1:1,True,0.7822869764936485,model TTL,20,98.0,97.0,1.0,0.8812665422712206,0.8823615782138097,2,196,allocation 1:1
1:1,True,0.7822869764936485,model TTL,21,105.5,105.5,0.0,0.8836944251082265,0.8836944251082265,0,211,allocation 1:1
1:1,True,0.7822869764936485,model TTL,22,104.5,104.5,0.0,0.8827566642916006,0.8827566642916006,0,209,allocation 1:1
1:1,True,0.7822869764936485,model TTL,24,99.5,99.5,0.0,0.8802481545637432,0.8802481545637432,0,199,allocation 1:1
1:1,True,0.7822869764936485,model TTL,26,107.0,106.0,1.0,0.8853178088290893,0.8863599811604305,2,214,allocation 1:1
1:1,True,0.7822869764936485,model TTL,25,99.5,98.5,1.0,0.8813795001769746,0.8824282767740187,2,199,allocation 1:1
1:1,True,0.7822869764936485,model TTL,28,102.0,101.5,0.5,0.8852442656142938,0.8857762871902223,1,204,allocation 1:1
1:1,True,0.7822869764936485,model TTL,27,94.5,94.5,0.0,0.8802396130754745,0.8802396130754745,0,189,allocation 1:1
1:1,True,0.7822869764936485,model TTL,31,93.5,93.0,0.5,0.8808048077590271,0.8813920736998074,1,187,allocation 1:1
1:1,True,0.7822869764936485,model TTL,46,98.0,98.0,0.0,0.8843494115204131,0.8843494115204131,0,196,allocation 1:1
1:1,True,0.7822869764936485,model TTL,30,95.0,94.5,0.5,0.8830805294153564,0.8836405116572323,1,190,allocation 1:1
1:1,True,0.7822869764936485,model TTL,29,102.5,102.0,0.5,0.8808128529837417,0.8813205439998344,1,205,allocation 1:1
1:1,True,0.7822869764936485,model TTL,33,87.0,85.5,1.5,0.8814688541534924,0.8832933071895722,3,174,allocation 1:1
1:1,True,0.7822869764936485,model TTL,34,89.5,88.5,1.0,0.8820715080383981,0.8832232823179035,2,179,allocation 1:1
1:1,True,0.7822869764936485,model TTL,32,90.5,89.5,1.0,0.880683667684182,0.8818385432837862,2,181,allocation 1:1
1:1,True,0.7822869764936485,model TTL,35,89.0,89.0,0.0,0.881776778174094,0.881776778174094,0,178,allocation 1:1
1:1,True,0.7822869764936485,model TTL,37,99.0,99.0,0.0,0.8828571121090738,0.8828571121090738,0,198,allocation 1:1
1:1,True,0.7822869764936485,model TTL,39,102.0,101.0,1.0,0.8798856359072363,0.880948119250302,2,204,allocation 1:1
1:1,True,0.7822869764936485,model TTL,36,97.0,96.0,1.0,0.8794763903340647,0.880529210866307,2,194,allocation 1:1
1:1,True,0.7822869764936485,model TTL,41,87.5,87.5,0.0,0.8806325413868182,0.8806325413868182,0,175,allocation 1:1
1:1,True,0.7822869764936485,model TTL,38,107.5,106.5,1.0,0.8817059108340789,0.8827197039503677,2,215,allocation 1:1
1:1,True,0.7822869764936485,model TTL,44,100.5,99.5,1.0,0.8804098696714314,0.8815029843009939,2,201,allocation 1:1
1:1,True,0.7822869764936485,model TTL,40,108.0,106.5,1.5,0.8813531687009082,0.8827742995057136,3,216,allocation 1:1
1:1,True,0.7822869764936485,model TTL,42,92.0,92.0,0.0,0.879578495081346,0.879578495081346,0,184,allocation 1:1
1:1,True,0.7822869764936485,model TTL,43,102.0,100.5,1.5,0.8817539963233184,0.8833567417725592,3,204,allocation 1:1
1:1,True,0.7822869764936485,model TTL,47,93.0,93.0,0.0,0.883532196504608,0.883532196504608,0,186,allocation 1:1
1:1,True,0.7822869764936485,model TTL,52,85.5,84.0,1.5,0.8802492440833566,0.8820360757226402,3,171,allocation 1:1
1:1,True,0.7822869764936485,model TTL,45,93.0,92.5,0.5,0.8848155372333827,0.8854063505413955,1,186,allocation 1:1
1:1,True,0.7822869764936485,model TTL,48,97.5,97.0,0.5,0.8836163484691713,0.884175055069954,1,195,allocation 1:1
1:1,True,0.7822869764936485,model TTL,49,92.5,92.0,0.5,0.8817887562998236,0.8823795927212972,1,185,allocation 1:1
1:1,True,0.7822869764936485,model TTL,50,96.0,95.5,0.5,0.8818100867930656,0.8823382207402107,1,192,allocation 1:1
1:1,True,0.7822869764936485,model TTL,51,104.5,104.0,0.5,0.8846809362853689,0.8851995394415784,1,209,allocation 1:1
1:1,True,0.7822869764936485,model TTL,53,90.0,89.5,0.5,0.8817419210030497,0.8823489995854764,1,180,allocation 1:1
1:1,True,0.7822869764936485,model TTL,54,106.0,105.5,0.5,0.8839361666385489,0.8844308498425246,1,212,allocation 1:1
1:1,True,0.7822869764936485,model TTL,55,87.0,86.5,0.5,0.8794769194576045,0.8800494554222617,1,174,allocation 1:1
1:1,True,0.7822869764936485,model TTL,57,105.0,104.5,0.5,0.8812519214373602,0.8817329412470646,1,210,allocation 1:1
1:1,True,0.7822869764936485,model TTL,56,97.0,94.0,3.0,0.8781518416416788,0.8814090386462876,6,194,allocation 1:1
1:1,True,0.7822869764936485,model TTL,59,98.5,98.5,0.0,0.8855763801083136,0.8855763801083136,0,197,allocation 1:1
1:1,True,0.7822869764936485,model TTL,65,91.5,91.5,0.0,0.8825464514877621,0.8825464514877621,0,183,allocation 1:1
1:1,True,0.7822869764936485,model TTL,58,95.5,95.5,0.0,0.8845121849353024,0.8845121849353024,0,191,allocation 1:1
1:1,True,0.7822869764936485,model TTL,63,99.5,99.5,0.0,0.8842058163035016,0.8842058163035016,0,199,allocation 1:1
1:1,True,0.7822869764936485,model TTL,60,102.5,102.5,0.0,0.880519456608789,0.880519456608789,0,205,allocation 1:1
1:1,True,0.7822869764936485,model TTL,61,94.0,94.0,0.0,0.8807980341948012,0.8807980341948012,0,188,allocation 1:1
1:1,True,0.7822869764936485,model TTL,62,87.5,87.0,0.5,0.8816740522882289,0.8822571751231908,1,175,allocation 1:1
1:1,True,0.7822869764936485,model TTL,66,96.0,95.0,1.0,0.8815806958635874,0.8826622004089536,2,192,allocation 1:1
1:1,True,0.7822869764936485,model TTL,76,97.5,97.5,0.0,0.881892813276661,0.881892813276661,0,195,allocation 1:1
1:1,True,0.7822869764936485,model TTL,67,91.5,90.5,1.0,0.8823602666302569,0.8835626115665494,2,183,allocation 1:1
1:1,True,0.7822869764936485,model TTL,72,95.5,95.0,0.5,0.8796648377494213,0.8802118594388039,1,191,allocation 1:1
1:1,True,0.7822869764936485,model TTL,70,90.0,90.0,0.0,0.8804740187210933,0.8804740187210933,0,180,allocation 1:1
1:1,True,0.7822869764936485,model TTL,74,96.0,94.5,1.5,0.880771269252859,0.8824931368995346,3,192,allocation 1:1
1:1,True,0.7822869764936485,model TTL,64,106.0,106.0,0.0,0.8811249166671242,0.8811249166671242,0,212,allocation 1:1
1:1,True,0.7822869764936485,model TTL,68,94.0,93.0,1.0,0.8819202016401337,0.8830181060421017,2,188,allocation 1:1
1:1,True,0.7822869764936485,model TTL,75,93.5,93.0,0.5,0.8832124820170627,0.883814610692645,1,187,allocation 1:1
1:1,True,0.7822869764936485,model TTL,71,91.0,90.5,0.5,0.8818178257588373,0.8823791912105168,1,182,allocation 1:1
1:1,True,0.7822869764936485,model TTL,73,108.0,107.5,0.5,0.8838636446505319,0.8843736068173736,1,216,allocation 1:1
1:1,True,0.7822869764936485,model TTL,77,98.0,97.5,0.5,0.880310091009282,0.8808567082061743,1,196,allocation 1:1
1:1,True,0.7822869764936485,model TTL,69,94.5,94.5,0.0,0.8819671719854265,0.8819671719854265,0,189,allocation 1:1
1:1,True,0.7822869764936485,model TTL,82,92.5,90.5,2.0,0.8770741966801381,0.8792344084021384,4,185,allocation 1:1
1:1,True,0.7822869764936485,model TTL,78,94.0,93.0,1.0,0.8829582109215993,0.8841389801054308,2,188,allocation 1:1
1:1,True,0.7822869764936485,model TTL,81,95.0,94.0,1.0,0.8793058622521852,0.8804183697857465,2,190,allocation 1:1
1:1,True,0.7822869764936485,model TTL,79,91.5,90.0,1.5,0.881750063622377,0.8835265704822668,3,183,allocation 1:1
1:1,True,0.7822869764936485,model TTL,80,93.0,92.5,0.5,0.8821144652039187,0.8826941756159804,1,186,allocation 1:1
1:1,True,0.7822869764936485,model TTL,83,95.0,95.0,0.0,0.8844329495244757,0.8844329495244757,0,190,allocation 1:1
1:1,True,0.7822869764936485,model TTL,84,89.5,89.0,0.5,0.8798501975407672,0.8804258261317763,1,179,allocation 1:1
1:1,True,0.7822869764936485,model TTL,85,97.0,96.0,1.0,0.8805770097146352,0.8816333855870454,2,194,allocation 1:1
1:1,True,0.7822869764936485,model TTL,86,91.0,91.0,0.0,0.8789929110740116,0.8789929110740116,0,182,allocation 1:1
1:1,True,0.7822869764936485,model TTL,87,101.0,101.0,0.0,0.8850392994452346,0.8850392994452346,0,202,allocation 1:1
1:1,True,0.7822869764936485,model TTL,92,98.5,98.0,0.5,0.8799820192616451,0.8805006638542815,1,197,allocation 1:1
1:1,True,0.7822869764936485,model TTL,88,101.0,101.0,0.0,0.8815520387776359,0.8815520387776359,0,202,allocation 1:1
1:1,True,0.7822869764936485,model TTL,90,97.5,97.0,0.5,0.8819190417956809,0.8824652890506007,1,195,allocation 1:1
1:1,True,0.7822869764936485,model TTL,89,114.0,113.5,0.5,0.8844360542692148,0.8848929585558231,1,228,allocation 1:1
1:1,True,0.7822869764936485,model TTL,91,91.5,91.0,0.5,0.8766273733690295,0.8771654951201313,1,183,allocation 1:1
1:1,True,0.7822869764936485,model TTL,95,106.0,105.5,0.5,0.8808570325901491,0.8813688655669727,1,212,allocation 1:1
1:1,True,0.7822869764936485,model TTL,94,94.0,93.5,0.5,0.8788968417099665,0.8794821963890579,1,188,allocation 1:1
1:1,True,0.7822869764936485,model TTL,93,98.5,98.0,0.5,0.88441266603551,0.8849594455270137,1,197,allocation 1:1
1:1,True,0.7822869764936485,model TTL,96,101.5,101.0,0.5,0.8825927435091495,0.8830959922250942,1,203,allocation 1:1
1:1,True,0.7822869764936485,model TTL,98,103.5,102.5,1.0,0.8828125256846596,0.883889755973778,2,207,allocation 1:1
1:1,True,0.7822869764936485,model TTL,99,107.5,107.0,0.5,0.8822543656389029,0.8827349327255909,1,215,allocation 1:1
1:1,True,0.7822869764936485,model TTL,97,91.5,90.5,1.0,0.8794776865426127,0.8805709406552413,2,183,allocation 1:1
1:1,True,0.8145739529872971,no TTL,22,104.0,96.0,8.0,0.8776817426764467,0.8855228512038423,16,208,allocation 1:1
1:1,True,0.8145739529872971,no TTL,29,96.0,91.0,5.0,0.8807899990520269,0.8863426554789108,10,192,allocation 1:1
1:1,True,0.8145739529872971,no TTL,28,94.5,88.0,6.5,0.877912494528114,0.8851287097436707,13,189,allocation 1:1
1:1,True,0.8145739529872971,no TTL,10,97.0,92.0,5.0,0.875522134917988,0.8810531085343035,10,194,allocation 1:1
1:1,True,0.8145739529872971,no TTL,0,96.5,91.0,5.5,0.8770511144222806,0.8833019630353406,11,193,allocation 1:1
1:1,True,0.8145739529872971,no TTL,8,88.5,81.5,7.0,0.873325462932248,0.8822482162768633,14,177,allocation 1:1
1:1,True,0.8145739529872971,no TTL,5,103.5,99.5,4.0,0.8786401251858125,0.882591977008164,8,207,allocation 1:1
1:1,True,0.8145739529872971,no TTL,14,105.5,96.5,9.0,0.8761822071040465,0.8844144709284006,18,211,allocation 1:1
1:1,True,0.8145739529872971,no TTL,11,93.0,89.0,4.0,0.8784722112576759,0.8830210731941261,8,186,allocation 1:1
1:1,True,0.8145739529872971,no TTL,17,91.0,85.5,5.5,0.8779163507159905,0.8842824218930201,11,182,allocation 1:1
1:1,True,0.8145739529872971,no TTL,23,95.5,90.5,5.0,0.8801477748148413,0.8854376216055624,10,191,allocation 1:1
1:1,True,0.8145739529872971,no TTL,24,90.5,87.5,3.0,0.8789260114660309,0.88197227242344,6,181,allocation 1:1
1:1,True,0.8145739529872971,no TTL,4,97.5,92.5,5.0,0.8763592346601923,0.8812438024170812,10,195,allocation 1:1
1:1,True,0.8145739529872971,no TTL,2,93.0,88.5,4.5,0.8788814512226676,0.8835965353568992,9,186,allocation 1:1
1:1,True,0.8145739529872971,no TTL,12,91.0,86.0,5.0,0.8771024335654113,0.8831547851163721,10,182,allocation 1:1
1:1,True,0.8145739529872971,no TTL,1,101.5,97.0,4.5,0.881366391211173,0.8857688748928296,9,203,allocation 1:1
1:1,True,0.8145739529872971,no TTL,15,96.0,91.5,4.5,0.8796183222424669,0.8847900542334324,9,192,allocation 1:1
1:1,True,0.8145739529872971,no TTL,6,94.5,88.5,6.0,0.8826684399307464,0.8888529268779465,12,189,allocation 1:1
1:1,True,0.8145739529872971,no TTL,20,84.5,78.0,6.5,0.874844615991884,0.8829592846956517,13,169,allocation 1:1
1:1,True,0.8145739529872971,no TTL,21,96.5,91.0,5.5,0.8815821480427043,0.887198574311,11,193,allocation 1:1
1:1,True,0.8145739529872971,no TTL,13,100.5,95.0,5.5,0.8778698197670357,0.8833744258736458,11,201,allocation 1:1
1:1,True,0.8145739529872971,no TTL,9,106.0,102.5,3.5,0.8817591297235411,0.8849989143093876,7,212,allocation 1:1
1:1,True,0.8145739529872971,no TTL,19,98.0,93.0,5.0,0.8801012098670691,0.8850533265715899,10,196,allocation 1:1
1:1,True,0.8145739529872971,no TTL,18,108.0,102.0,6.0,0.8820907651144323,0.887700150916021,12,216,allocation 1:1
1:1,True,0.8145739529872971,no TTL,30,95.5,91.5,4.0,0.8820126138978929,0.8859555480236989,8,191,allocation 1:1
1:1,True,0.8145739529872971,no TTL,16,93.5,89.0,4.5,0.8801401002657122,0.8855890143600834,9,187,allocation 1:1
1:1,True,0.8145739529872971,no TTL,26,89.5,86.5,3.0,0.8825272436677652,0.8870162009019936,6,179,allocation 1:1
1:1,True,0.8145739529872971,no TTL,7,106.0,102.0,4.0,0.8820919597538246,0.8857865992947781,8,212,allocation 1:1
1:1,True,0.8145739529872971,no TTL,25,96.5,91.0,5.5,0.8799767149241319,0.885822664337962,11,193,allocation 1:1
1:1,True,0.8145739529872971,no TTL,27,102.5,94.5,8.0,0.8770275594744592,0.8851071534750112,16,205,allocation 1:1
1:1,True,0.8145739529872971,no TTL,3,95.0,89.5,5.5,0.8787734290979998,0.8843658343865873,11,190,allocation 1:1
1:1,True,0.8145739529872971,no TTL,35,101.5,95.5,6.0,0.8784245765187799,0.8841414391850188,12,203,allocation 1:1
1:1,True,0.8145739529872971,no TTL,34,97.5,90.5,7.0,0.8775652508022906,0.8846433352942191,14,195,allocation 1:1
1:1,True,0.8145739529872971,no TTL,32,100.5,95.0,5.5,0.8785446238027196,0.8839803924180724,11,201,allocation 1:1
1:1,True,0.8145739529872971,no TTL,31,88.0,81.5,6.5,0.8809446923597659,0.8883539184166487,13,176,allocation 1:1
1:1,True,0.8145739529872971,no TTL,36,118.5,114.0,4.5,0.8810983919047336,0.8850733634523907,9,237,allocation 1:1
1:1,True,0.8145739529872971,no TTL,37,91.5,86.5,5.0,0.876263204315948,0.8811561117012447,10,183,allocation 1:1
1:1,True,0.8145739529872971,no TTL,33,97.5,92.5,5.0,0.8816860025884696,0.886528467339541,10,195,allocation 1:1
1:1,True,0.8145739529872971,no TTL,40,90.5,85.0,5.5,0.8766204776244222,0.8824742602109636,11,181,allocation 1:1
1:1,True,0.8145739529872971,no TTL,51,80.5,74.0,6.5,0.8772514477340272,0.8850548236869353,13,161,allocation 1:1
1:1,True,0.8145739529872971,no TTL,46,97.0,91.0,6.0,0.8809162891915145,0.8870068225108683,12,194,allocation 1:1
1:1,True,0.8145739529872971,no TTL,42,98.5,96.0,2.5,0.8827943558218845,0.885435514181256,5,197,allocation 1:1
1:1,True,0.8145739529872971,no TTL,52,82.0,77.5,4.5,0.8808116209868032,0.8872248900612414,9,164,allocation 1:1
1:1,True,0.8145739529872971,no TTL,49,94.0,90.0,4.0,0.8823444046304408,0.8860974493343102,8,188,allocation 1:1
1:1,True,0.8145739529872971,no TTL,43,96.0,92.0,4.0,0.8815198270500602,0.885558006658028,8,192,allocation 1:1
1:1,True,0.8145739529872971,no TTL,45,94.5,92.0,2.5,0.8791556570837428,0.8818251134637721,5,189,allocation 1:1
1:1,True,0.8145739529872971,no TTL,47,99.0,95.0,4.0,0.882238922095365,0.8860368438748247,8,198,allocation 1:1
1:1,True,0.8145739529872971,no TTL,39,102.5,96.0,6.5,0.8804965650028781,0.8870271533117414,13,205,allocation 1:1
1:1,True,0.8145739529872971,no TTL,44,100.0,94.5,5.5,0.878437516372746,0.8841135183880322,11,200,allocation 1:1
1:1,True,0.8145739529872971,no TTL,55,84.5,80.0,4.5,0.8787730346954542,0.8838155375445456,9,169,allocation 1:1
1:1,True,0.8145739529872971,no TTL,56,107.0,101.5,5.5,0.8783615872082077,0.8827272858111742,11,214,allocation 1:1
1:1,True,0.8145739529872971,no TTL,54,99.5,95.0,4.5,0.8827729297422424,0.8870572981961417,9,199,allocation 1:1
1:1,True,0.8145739529872971,no TTL,38,94.0,91.5,2.5,0.8838527191709525,0.8861509093687606,5,188,allocation 1:1
1:1,True,0.8145739529872971,no TTL,50,97.5,90.5,7.0,0.8786001473852034,0.8856405354049832,14,195,allocation 1:1
1:1,True,0.8145739529872971,no TTL,59,96.5,92.5,4.0,0.8792601369379957,0.8829351162868515,8,193,allocation 1:1
1:1,True,0.8145739529872971,no TTL,58,86.5,82.0,4.5,0.8809721831108942,0.8858304526875086,9,173,allocation 1:1
1:1,True,0.8145739529872971,no TTL,48,102.0,96.0,6.0,0.8821238544220025,0.8875040645489439,12,204,allocation 1:1
1:1,True,0.8145739529872971,no TTL,41,105.0,103.0,2.0,0.8856089907427065,0.887162050090546,4,210,allocation 1:1
1:1,True,0.8145739529872971,no TTL,57,95.0,89.0,6.0,0.8786061601245383,0.8850747010023711,12,190,allocation 1:1
1:1,True,0.8145739529872971,no TTL,53,93.0,87.0,6.0,0.8799178728289042,0.8859395263382422,12,186,allocation 1:1
1:1,True,0.8145739529872971,no TTL,60,89.5,85.5,4.0,0.8816786137748227,0.8863868452329805,8,179,allocation 1:1
1:1,True,0.8145739529872971,no TTL,61,99.0,95.5,3.5,0.880642224342491,0.8838579683484097,7,198,allocation 1:1
1:1,True,0.8145739529872971,no TTL,62,93.0,88.0,5.0,0.8779517642668268,0.8834941869669045,10,186,allocation 1:1
1:1,True,0.8145739529872971,no TTL,68,100.5,91.5,9.0,0.8751232678453493,0.8849751124029259,18,201,allocation 1:1
1:1,True,0.8145739529872971,no TTL,66,98.0,94.5,3.5,0.8856347510787544,0.8891156536493973,7,196,allocation 1:1
1:1,True,0.8145739529872971,no TTL,77,87.0,81.5,5.5,0.8801332243221471,0.8859677101323808,11,174,allocation 1:1
1:1,True,0.8145739529872971,no TTL,63,95.0,92.0,3.0,0.8795835719439984,0.882609876610192,6,190,allocation 1:1
1:1,True,0.8145739529872971,no TTL,64,99.5,95.0,4.5,0.8788143176409017,0.8829723513280575,9,199,allocation 1:1
1:1,True,0.8145739529872971,no TTL,72,97.5,94.0,3.5,0.8813786952538479,0.8849821894323664,7,195,allocation 1:1
1:1,True,0.8145739529872971,no TTL,69,91.5,87.5,4.0,0.8795728061338028,0.8836807128142897,8,183,allocation 1:1
1:1,True,0.8145739529872971,no TTL,65,102.0,98.0,4.0,0.8825957977172199,0.8871855723111692,8,204,allocation 1:1
1:1,True,0.8145739529872971,no TTL,67,99.0,93.5,5.5,0.8773364580918906,0.8831405279738027,11,198,allocation 1:1
1:1,True,0.8145739529872971,no TTL,75,96.5,90.0,6.5,0.8758359618386931,0.8831943664195752,13,193,allocation 1:1
1:1,True,0.8145739529872971,no TTL,70,94.0,89.5,4.5,0.8780943881063447,0.8822110531589985,9,188,allocation 1:1
1:1,True,0.8145739529872971,no TTL,74,86.5,84.0,2.5,0.8779391360917781,0.8803746027212248,5,173,allocation 1:1
1:1,True,0.8145739529872971,no TTL,79,91.5,83.0,8.5,0.8750355411679852,0.8845141124331596,17,183,allocation 1:1
1:1,True,0.8145739529872971,no TTL,73,87.0,81.0,6.0,0.876773891924514,0.883261796349323,12,174,allocation 1:1
1:1,True,0.8145739529872971,no TTL,80,92.0,86.5,5.5,0.8750350180000862,0.8816061842981369,11,184,allocation 1:1
1:1,True,0.8145739529872971,no TTL,71,95.0,92.5,2.5,0.8821052218252349,0.8857256474949629,5,190,allocation 1:1
1:1,True,0.8145739529872971,no TTL,76,105.0,101.0,4.0,0.8836169989986903,0.8873612878116537,8,210,allocation 1:1
1:1,True,0.8145739529872971,no TTL,81,97.0,92.0,5.0,0.8804340574991849,0.8862182524164764,10,194,allocation 1:1
1:1,True,0.8145739529872971,no TTL,87,97.5,93.0,4.5,0.879350945872699,0.8846034568580071,9,195,allocation 1:1
1:1,True,0.8145739529872971,no TTL,85,91.0,86.5,4.5,0.8800349530141061,0.884511057493571,9,182,allocation 1:1
1:1,True,0.8145739529872971,no TTL,86,84.5,79.0,5.5,0.8793677960315839,0.8857769993097948,11,169,allocation 1:1
1:1,True,0.8145739529872971,no TTL,84,96.0,92.0,4.0,0.881995622255682,0.8857103717235502,8,192,allocation 1:1
1:1,True,0.8145739529872971,no TTL,82,98.0,90.5,7.5,0.8788100410264899,0.886197370715577,15,196,allocation 1:1
1:1,True,0.8145739529872971,no TTL,90,88.5,81.0,7.5,0.8756922637175377,0.8847232144682917,15,177,allocation 1:1
1:1,True,0.8145739529872971,no TTL,89,108.5,105.0,3.5,0.880479833375064,0.8840309137445828,7,217,allocation 1:1
1:1,True,0.8145739529872971,no TTL,91,94.0,87.0,7.0,0.8764015727935835,0.883147164279985,14,188,allocation 1:1
1:1,True,0.8145739529872971,no TTL,88,101.0,93.0,8.0,0.879193383553813,0.886552708107805,16,202,allocation 1:1
1:1,True,0.8145739529872971,no TTL,78,95.5,89.0,6.5,0.8802667140260036,0.8863847569919845,13,191,allocation 1:1
1:1,True,0.8145739529872971,no TTL,92,95.0,90.0,5.0,0.8835266793668806,0.8889528373508522,10,190,allocation 1:1
1:1,True,0.8145739529872971,no TTL,83,103.5,98.0,5.5,0.8834505841082076,0.8888481787312322,11,207,allocation 1:1
1:1,True,0.8145739529872971,no TTL,93,94.0,88.5,5.5,0.8782285162629567,0.8844005864838592,11,188,allocation 1:1
1:1,True,0.8145739529872971,model TTL,2,95.0,95.0,0.0,0.8870750402094157,0.8870750402094157,0,190,allocation 1:1
1:1,True,0.8145739529872971,no TTL,94,95.5,90.5,5.0,0.8788542102511882,0.8849056026652643,10,191,allocation 1:1
1:1,True,0.8145739529872971,no TTL,96,107.5,102.5,5.0,0.8812762535822326,0.8855144174219769,10,215,allocation 1:1
1:1,True,0.8145739529872971,no TTL,95,98.5,94.0,4.5,0.8785813209585013,0.8828411341282071,9,197,allocation 1:1
1:1,True,0.8145739529872971,no TTL,97,91.0,88.0,3.0,0.8834254210319153,0.8865814874731883,6,182,allocation 1:1
1:1,True,0.8145739529872971,no TTL,98,94.0,92.0,2.0,0.8781537853374478,0.8805262703778088,4,188,allocation 1:1
1:1,True,0.8145739529872971,no TTL,99,89.5,84.5,5.0,0.8799155669481932,0.8853071322176467,10,179,allocation 1:1
1:1,True,0.8145739529872971,model TTL,0,92.5,91.5,1.0,0.8844376021612462,0.885223649975449,2,185,allocation 1:1
1:1,True,0.8145739529872971,model TTL,1,90.0,89.0,1.0,0.8844254013272477,0.8852450591537707,2,180,allocation 1:1
1:1,True,0.8145739529872971,model TTL,17,93.0,92.5,0.5,0.8838913126439545,0.8842844051888411,1,186,allocation 1:1
1:1,True,0.8145739529872971,model TTL,8,96.0,93.5,2.5,0.8808796474358863,0.8827689187105987,5,192,allocation 1:1
1:1,True,0.8145739529872971,model TTL,4,80.5,79.5,1.0,0.8835176905129903,0.8844071625238993,2,161,allocation 1:1
1:1,True,0.8145739529872971,model TTL,6,97.5,95.5,2.0,0.8855771947414035,0.887132981565157,4,195,allocation 1:1
1:1,True,0.8145739529872971,model TTL,3,103.5,103.5,0.0,0.8840182918498183,0.8840182918498183,0,207,allocation 1:1
1:1,True,0.8145739529872971,model TTL,5,96.5,95.5,1.0,0.8842408620270834,0.8850316488669464,2,193,allocation 1:1
1:1,True,0.8145739529872971,model TTL,10,99.0,99.0,0.0,0.8849792960382868,0.8849792960382868,0,198,allocation 1:1
1:1,True,0.8145739529872971,model TTL,7,101.5,101.0,0.5,0.8846622772032912,0.8850249662688245,1,203,allocation 1:1
1:1,True,0.8145739529872971,model TTL,12,99.0,98.5,0.5,0.8890440324194824,0.8894264635004183,1,198,allocation 1:1
1:1,True,0.8145739529872971,model TTL,11,103.5,102.5,1.0,0.8832729072430112,0.8839916422331751,2,207,allocation 1:1
1:1,True,0.8145739529872971,model TTL,16,84.0,82.5,1.5,0.8809726610878104,0.8822199252199496,3,168,allocation 1:1
1:1,True,0.8145739529872971,model TTL,9,102.0,101.5,0.5,0.8852471931969722,0.8856047113436126,1,204,allocation 1:1
1:1,True,0.8145739529872971,model TTL,13,94.0,92.5,1.5,0.8815308177965882,0.8826722305182604,3,188,allocation 1:1
1:1,True,0.8145739529872971,model TTL,15,86.0,85.0,1.0,0.8839187035577452,0.8847763837850324,2,172,allocation 1:1
1:1,True,0.8145739529872971,model TTL,14,83.5,82.5,1.0,0.8849368903242374,0.8858426104592535,2,167,allocation 1:1
1:1,True,0.8145739529872971,model TTL,19,105.5,105.5,0.0,0.8875685502222331,0.8875685502222331,0,211,allocation 1:1
1:1,True,0.8145739529872971,model TTL,18,92.5,92.5,0.0,0.8878032267376106,0.8878032267376106,0,185,allocation 1:1
1:1,True,0.8145739529872971,model TTL,22,90.5,90.0,0.5,0.8844091070846221,0.8848198277331644,1,181,allocation 1:1
1:1,True,0.8145739529872971,model TTL,20,90.5,90.0,0.5,0.879605643296858,0.8799749370721048,1,181,allocation 1:1
1:1,True,0.8145739529872971,model TTL,21,107.0,105.5,1.5,0.8867941754695943,0.8878508504406847,3,214,allocation 1:1
1:1,True,0.8145739529872971,model TTL,23,92.0,92.0,0.0,0.886412048450443,0.886412048450443,0,184,allocation 1:1
1:1,True,0.8145739529872971,model TTL,24,89.5,89.5,0.0,0.8836981655588779,0.8836981655588779,0,179,allocation 1:1
1:1,True,0.8145739529872971,model TTL,26,100.5,99.5,1.0,0.8852113865415037,0.8859354584223831,2,201,allocation 1:1
1:1,True,0.8145739529872971,model TTL,25,98.5,97.5,1.0,0.8860625998416977,0.8868098472231846,2,197,allocation 1:1
1:1,True,0.8145739529872971,model TTL,27,103.5,103.5,0.0,0.8871391955847352,0.8871391955847352,0,207,allocation 1:1
1:1,True,0.8145739529872971,model TTL,28,96.0,94.5,1.5,0.8844876661001931,0.8856643987335988,3,192,allocation 1:1
1:1,True,0.8145739529872971,model TTL,30,98.5,97.5,1.0,0.8847018847821628,0.8854241273100836,2,197,allocation 1:1
1:1,True,0.8145739529872971,model TTL,29,95.5,94.5,1.0,0.8889668318740558,0.8897638336483962,2,191,allocation 1:1
1:1,True,0.8145739529872971,model TTL,31,92.0,90.5,1.5,0.8840269797868447,0.8852234723206208,3,184,allocation 1:1
1:1,True,0.8145739529872971,model TTL,33,95.0,95.0,0.0,0.8853356802630354,0.8853356802630354,0,190,allocation 1:1
1:1,True,0.8145739529872971,model TTL,34,89.0,87.5,1.5,0.8821929762241433,0.8833821303476963,3,178,allocation 1:1
1:1,True,0.8145739529872971,model TTL,32,92.0,90.5,1.5,0.8848003119231712,0.8860515832368849,3,184,allocation 1:1
1:1,True,0.8145739529872971,model TTL,35,77.5,76.5,1.0,0.8836899445405291,0.8846070112366942,2,155,allocation 1:1
1:1,True,0.8145739529872971,model TTL,36,109.0,108.0,1.0,0.8851365436147612,0.8858040029605775,2,218,allocation 1:1
1:1,True,0.8145739529872971,model TTL,41,94.0,93.0,1.0,0.8833918593893894,0.8841918973359835,2,188,allocation 1:1
1:1,True,0.8145739529872971,model TTL,39,92.0,92.0,0.0,0.883965612681858,0.883965612681858,0,184,allocation 1:1
1:1,True,0.8145739529872971,model TTL,37,93.0,92.0,1.0,0.8858139082638983,0.8866260973197037,2,186,allocation 1:1
1:1,True,0.8145739529872971,model TTL,38,91.5,91.5,0.0,0.8852527316076862,0.8852527316076862,0,183,allocation 1:1
1:1,True,0.8145739529872971,model TTL,43,97.5,96.5,1.0,0.8846829020127714,0.8854534358242863,2,195,allocation 1:1
1:1,True,0.8145739529872971,model TTL,42,98.5,97.5,1.0,0.8842618952309486,0.8849934466267613,2,197,allocation 1:1
1:1,True,0.8145739529872971,model TTL,44,102.0,100.5,1.5,0.8843447157598847,0.8854859580396186,3,204,allocation 1:1
1:1,True,0.8145739529872971,model TTL,45,99.5,99.0,0.5,0.8889311076508593,0.8893157004796373,1,199,allocation 1:1
1:1,True,0.8145739529872971,model TTL,47,86.0,85.0,1.0,0.8840315377540621,0.8849135008987747,2,172,allocation 1:1
1:1,True,0.8145739529872971,model TTL,48,101.5,101.0,0.5,0.8846829160893165,0.8850515614054881,1,203,allocation 1:1
1:1,True,0.8145739529872971,model TTL,40,94.5,94.5,0.0,0.8872449168709762,0.8872449168709762,0,189,allocation 1:1
1:1,True,0.8145739529872971,model TTL,50,101.0,100.0,1.0,0.8837699229821729,0.8845158102967917,2,202,allocation 1:1
1:1,True,0.8145739529872971,model TTL,49,92.5,92.0,0.5,0.8836391848608386,0.8840280391703587,1,185,allocation 1:1
1:1,True,0.8145739529872971,model TTL,46,116.5,116.0,0.5,0.8852994044919422,0.8856321163503245,1,233,allocation 1:1
1:1,True,0.8145739529872971,model TTL,52,86.5,85.0,1.5,0.8828247877824144,0.8840703128202368,3,173,allocation 1:1
1:1,True,0.8145739529872971,model TTL,51,105.0,103.5,1.5,0.8847963238328074,0.8858826232132659,3,210,allocation 1:1
1:1,True,0.8145739529872971,model TTL,55,91.5,90.0,1.5,0.8829509973178813,0.8841647890582811,3,183,allocation 1:1
1:1,True,0.8145739529872971,model TTL,54,104.0,103.0,1.0,0.8852967182859676,0.8860153667772865,2,208,allocation 1:1
1:1,True,0.8145739529872971,model TTL,53,100.5,98.5,2.0,0.8855515033875705,0.8871079969941662,4,201,allocation 1:1
1:1,True,0.8145739529872971,model TTL,56,88.5,87.0,1.5,0.883305524139545,0.8845694288044963,3,177,allocation 1:1
1:1,True,0.8145739529872971,model TTL,57,92.0,91.0,1.0,0.8845549015633575,0.8853777240680754,2,184,allocation 1:1
1:1,True,0.8145739529872971,model TTL,59,98.0,97.5,0.5,0.8862160132194663,0.8865854917901965,1,196,allocation 1:1
1:1,True,0.8145739529872971,model TTL,61,96.5,96.0,0.5,0.8849649689240009,0.885349321929647,1,193,allocation 1:1
1:1,True,0.8145739529872971,model TTL,60,96.5,95.5,1.0,0.8817089915913063,0.8824612127872131,2,193,allocation 1:1
1:1,True,0.8145739529872971,model TTL,58,96.0,95.5,0.5,0.884062636536092,0.8844430739736341,1,192,allocation 1:1
1:1,True,0.8145739529872971,model TTL,62,98.0,96.5,1.5,0.8814664379812509,0.8825690339110372,3,196,allocation 1:1
1:1,True,0.8145739529872971,model TTL,75,96.0,95.5,0.5,0.8840668447503871,0.8844557265750791,1,192,allocation 1:1
1:1,True,0.8145739529872971,model TTL,63,99.5,97.5,2.0,0.8842665508071467,0.8857513675719779,4,199,allocation 1:1
1:1,True,0.8145739529872971,model TTL,66,86.5,85.5,1.0,0.8828390234237704,0.8836808557191483,2,173,allocation 1:1
1:1,True,0.8145739529872971,model TTL,65,102.5,100.5,2.0,0.8835269594533448,0.8849380304342277,4,205,allocation 1:1
1:1,True,0.8145739529872971,model TTL,64,109.5,107.5,2.0,0.8834924662634663,0.8847901056874946,4,219,allocation 1:1
1:1,True,0.8145739529872971,model TTL,70,89.5,89.0,0.5,0.8845732246912683,0.8849743875581068,1,179,allocation 1:1
1:1,True,0.8145739529872971,model TTL,68,91.5,90.5,1.0,0.8858026503346355,0.8866357856050174,2,183,allocation 1:1
1:1,True,0.8145739529872971,model TTL,77,96.0,95.0,1.0,0.8866244778919816,0.887420348625362,2,192,allocation 1:1
1:1,True,0.8145739529872971,model TTL,72,95.5,94.5,1.0,0.8829840647278835,0.8837370779313126,2,191,allocation 1:1
1:1,True,0.8145739529872971,model TTL,67,86.5,86.0,0.5,0.8829497548698796,0.8833750998619473,1,173,allocation 1:1
1:1,True,0.8145739529872971,model TTL,74,94.5,93.5,1.0,0.8856627698136951,0.8864561863324072,2,189,allocation 1:1
1:1,True,0.8145739529872971,model TTL,76,94.5,94.0,0.5,0.8861407801478033,0.8865554319332807,1,189,allocation 1:1
1:1,True,0.8145739529872971,model TTL,71,93.0,92.0,1.0,0.8830509987009876,0.8838589262562984,2,186,allocation 1:1
1:1,True,0.8145739529872971,model TTL,69,98.0,98.0,0.0,0.8861195232942016,0.8861195232942016,0,196,allocation 1:1
1:1,True,0.8145739529872971,model TTL,78,91.0,89.5,1.5,0.8839802733204825,0.8851863886932301,3,182,allocation 1:1
1:1,True,0.8145739529872971,model TTL,79,103.0,102.5,0.5,0.8875717000466251,0.88794327377385,1,206,allocation 1:1
1:1,True,0.8145739529872971,model TTL,73,104.5,103.0,1.5,0.8857158024186191,0.8867745692441337,3,209,allocation 1:1
1:1,True,0.8145739529872971,model TTL,82,87.0,86.5,0.5,0.8847383342730294,0.8851728843849439,1,174,allocation 1:1
1:1,True,0.8145739529872971,model TTL,81,92.0,90.0,2.0,0.8822919417153198,0.8838660402074178,4,184,allocation 1:1
1:1,True,0.8145739529872971,model TTL,80,100.5,99.5,1.0,0.8862508830569511,0.8870100778760944,2,201,allocation 1:1
1:1,True,0.8145739529872971,model TTL,83,96.5,95.5,1.0,0.8850215725875638,0.885803650545205,2,193,allocation 1:1
1:1,True,0.8145739529872971,model TTL,84,93.0,91.5,1.5,0.8828494673160302,0.884000992943681,3,186,allocation 1:1
1:1,True,0.8145739529872971,model TTL,85,104.5,103.0,1.5,0.8824068411716514,0.8834189185637414,3,209,allocation 1:1
1:1,True,0.8145739529872971,model TTL,86,91.0,90.5,0.5,0.884341443384696,0.8847316993731468,1,182,allocation 1:1
1:1,True,0.8145739529872971,model TTL,87,106.0,105.0,1.0,0.8876251993192977,0.888354810675125,2,212,allocation 1:1
1:1,True,0.8145739529872971,model TTL,88,90.0,90.0,0.0,0.8827145922602915,0.8827145922602915,0,180,allocation 1:1
1:1,True,0.8145739529872971,model TTL,92,91.0,89.5,1.5,0.8836142294955064,0.8848197927720172,3,182,allocation 1:1
1:1,True,0.8145739529872971,model TTL,94,92.0,91.5,0.5,0.8828863008138137,0.8832798742490315,1,184,allocation 1:1
1:1,True,0.8145739529872971,model TTL,91,85.5,82.5,3.0,0.8801004527039841,0.8826920878742238,6,171,allocation 1:1
1:1,True,0.8145739529872971,model TTL,89,101.0,100.5,0.5,0.8874147974214036,0.8877941287924557,1,202,allocation 1:1
1:1,True,0.8145739529872971,model TTL,90,99.0,97.0,2.0,0.8862143024604678,0.8877461104733775,4,198,allocation 1:1
1:1,True,0.8145739529872971,model TTL,97,95.5,94.5,1.0,0.8821032500628668,0.8828546474704,2,191,allocation 1:1
1:1,True,0.8145739529872971,model TTL,95,106.5,104.5,2.0,0.8833208773294292,0.8847191121527942,4,213,allocation 1:1
1:1,True,0.8145739529872971,model TTL,93,108.0,108.0,0.0,0.8876673165634196,0.8876673165634196,0,216,allocation 1:1
1:1,True,0.8145739529872971,model TTL,99,96.0,94.5,1.5,0.8828683093914934,0.8840241799609532,3,192,allocation 1:1
1:1,True,0.8145739529872971,model TTL,96,105.0,104.5,0.5,0.8835889624826996,0.8839259133347985,1,210,allocation 1:1
1:1,True,0.8145739529872971,model TTL,98,98.0,97.5,0.5,0.8839484977117067,0.8843232984067977,1,196,allocation 1:1
1:1,True,0.8468609294809456,no TTL,2,93.0,81.5,11.5,0.8788814512226676,0.8882464819500325,23,186,allocation 1:1
1:1,True,0.8468609294809456,no TTL,0,96.5,81.5,15.0,0.8770511144222806,0.8889337882503947,30,193,allocation 1:1
1:1,True,0.8468609294809456,no TTL,18,108.0,94.5,13.5,0.8820907651144323,0.892182133773595,27,216,allocation 1:1
1:1,True,0.8468609294809456,no TTL,12,91.0,74.5,16.5,0.8771024335654113,0.890896760788006,33,182,allocation 1:1
1:1,True,0.8468609294809456,no TTL,15,96.0,83.0,13.0,0.8796183222424669,0.8899281562351337,26,192,allocation 1:1
1:1,True,0.8468609294809456,no TTL,3,95.0,82.5,12.5,0.8787734290979998,0.8887290669283696,25,190,allocation 1:1
1:1,True,0.8468609294809456,no TTL,11,93.0,78.0,15.0,0.8784722112576759,0.8903205531000273,30,186,allocation 1:1
1:1,True,0.8468609294809456,no TTL,8,88.5,72.0,16.5,0.873325462932248,0.8888837143070095,33,177,allocation 1:1
1:1,True,0.8468609294809456,no TTL,4,97.5,82.5,15.0,0.8763592346601923,0.8873727885577509,30,195,allocation 1:1
1:1,True,0.8468609294809456,no TTL,10,97.0,79.5,17.5,0.875522134917988,0.8886979251480557,35,194,allocation 1:1
1:1,True,0.8468609294809456,no TTL,20,84.5,68.5,16.0,0.874844615991884,0.8902604383545488,32,169,allocation 1:1
1:1,True,0.8468609294809456,no TTL,14,105.5,89.0,16.5,0.8761822071040465,0.8888160809550835,33,211,allocation 1:1
1:1,True,0.8468609294809456,no TTL,17,91.0,78.5,12.5,0.8779163507159905,0.8885743509899124,25,182,allocation 1:1
1:1,True,0.8468609294809456,no TTL,7,106.0,91.5,14.5,0.8820919597538246,0.8916181894825308,29,212,allocation 1:1
1:1,True,0.8468609294809456,no TTL,29,96.0,80.5,15.5,0.8807899990520269,0.8932231152158036,31,192,allocation 1:1
1:1,True,0.8468609294809456,no TTL,6,94.5,83.0,11.5,0.8826684399307464,0.8925514899209922,23,189,allocation 1:1
1:1,True,0.8468609294809456,no TTL,5,103.5,88.0,15.5,0.8786401251858125,0.8894207270347988,31,207,allocation 1:1
1:1,True,0.8468609294809456,no TTL,13,100.5,86.5,14.0,0.8778698197670357,0.8881335566230326,28,201,allocation 1:1
1:1,True,0.8468609294809456,no TTL,24,90.5,77.0,13.5,0.8789260114660309,0.8887685809013043,27,181,allocation 1:1
1:1,True,0.8468609294809456,no TTL,9,106.0,92.5,13.5,0.8817591297235411,0.8908167351338948,27,212,allocation 1:1
1:1,True,0.8468609294809456,no TTL,22,104.0,88.5,15.5,0.8776817426764467,0.8901036795115409,31,208,allocation 1:1
1:1,True,0.8468609294809456,no TTL,28,94.5,80.5,14.0,0.877912494528114,0.8898661348184841,28,189,allocation 1:1
1:1,True,0.8468609294809456,no TTL,1,101.5,87.5,14.0,0.881366391211173,0.8916276233381789,28,203,allocation 1:1
1:1,True,0.8468609294809456,no TTL,21,96.5,84.5,12.0,0.8815821480427043,0.8913839377169815,24,193,allocation 1:1
1:1,True,0.8468609294809456,no TTL,30,95.5,85.0,10.5,0.8820126138978929,0.8898084328495126,21,191,allocation 1:1
1:1,True,0.8468609294809456,no TTL,19,98.0,84.5,13.5,0.8801012098670691,0.890455273048351,27,196,allocation 1:1
1:1,True,0.8468609294809456,no TTL,16,93.5,82.5,11.0,0.8801401002657122,0.890109411300188,22,187,allocation 1:1
1:1,True,0.8468609294809456,no TTL,23,95.5,82.0,13.5,0.8801477748148413,0.8909215971099037,27,191,allocation 1:1
1:1,True,0.8468609294809456,no TTL,25,96.5,84.0,12.5,0.8799767149241319,0.890206594075076,25,193,allocation 1:1
1:1,True,0.8468609294809456,no TTL,27,102.5,85.5,17.0,0.8770275594744592,0.8905347718889978,34,205,allocation 1:1
1:1,True,0.8468609294809456,no TTL,26,89.5,79.5,10.0,0.8825272436677652,0.8917278215402603,20,179,allocation 1:1
1:1,True,0.8468609294809456,no TTL,32,100.5,87.0,13.5,0.8785446238027196,0.888615436616612,27,201,allocation 1:1
1:1,True,0.8468609294809456,no TTL,31,88.0,76.0,12.0,0.8809446923597659,0.8925106973118148,24,176,allocation 1:1
1:1,True,0.8468609294809456,no TTL,33,97.5,85.0,12.5,0.8816860025884696,0.8911399299043021,25,195,allocation 1:1
1:1,True,0.8468609294809456,no TTL,34,97.5,82.0,15.5,0.8775652508022906,0.8900312192034341,31,195,allocation 1:1
1:1,True,0.8468609294809456,no TTL,51,80.5,68.0,12.5,0.8772514477340272,0.8899628843585355,25,161,allocation 1:1
1:1,True,0.8468609294809456,no TTL,54,99.5,87.5,12.0,0.8827729297422424,0.8916569091124382,24,199,allocation 1:1
1:1,True,0.8468609294809456,no TTL,37,91.5,75.5,16.0,0.876263204315948,0.8884353636328296,32,183,allocation 1:1
1:1,True,0.8468609294809456,no TTL,35,101.5,87.0,14.5,0.8784245765187799,0.8892443891825668,29,203,allocation 1:1
1:1,True,0.8468609294809456,no TTL,40,90.5,76.0,14.5,0.8766204776244222,0.8880654103311789,29,181,allocation 1:1
1:1,True,0.8468609294809456,no TTL,38,94.0,83.0,11.0,0.8838527191709525,0.8915088210695752,22,188,allocation 1:1
1:1,True,0.8468609294809456,no TTL,52,82.0,74.5,7.5,0.8808116209868032,0.8895021739113195,15,164,allocation 1:1
1:1,True,0.8468609294809456,no TTL,53,93.0,76.5,16.5,0.8799178728289042,0.8927634386469873,33,186,allocation 1:1
1:1,True,0.8468609294809456,no TTL,45,94.5,82.0,12.5,0.8791556570837428,0.8878428492613171,25,189,allocation 1:1
1:1,True,0.8468609294809456,no TTL,49,94.0,81.5,12.5,0.8823444046304408,0.8912615480801217,25,188,allocation 1:1
1:1,True,0.8468609294809456,no TTL,36,118.5,104.5,14.0,0.8810983919047336,0.8894643607843119,28,237,allocation 1:1
1:1,True,0.8468609294809456,no TTL,42,98.5,87.0,11.5,0.8827943558218845,0.8911260127303182,23,197,allocation 1:1
1:1,True,0.8468609294809456,no TTL,46,97.0,86.0,11.0,0.8809162891915145,0.8904279837663452,22,194,allocation 1:1
1:1,True,0.8468609294809456,no TTL,41,105.0,96.5,8.5,0.8856089907427065,0.8906603157798892,17,210,allocation 1:1
1:1,True,0.8468609294809456,no TTL,39,102.5,90.0,12.5,0.8804965650028781,0.8905452079832032,25,205,allocation 1:1
1:1,True,0.8468609294809456,no TTL,47,99.0,89.0,10.0,0.882238922095365,0.8897979111996168,20,198,allocation 1:1
1:1,True,0.8468609294809456,no TTL,44,100.0,87.0,13.0,0.878437516372746,0.88840424890172,26,200,allocation 1:1
1:1,True,0.8468609294809456,no TTL,55,84.5,74.5,10.0,0.8787730346954542,0.8875927747028152,20,169,allocation 1:1
1:1,True,0.8468609294809456,no TTL,50,97.5,82.0,15.5,0.8786001473852034,0.8911988823511643,31,195,allocation 1:1
1:1,True,0.8468609294809456,no TTL,58,86.5,76.0,10.5,0.8809721831108942,0.8899424164720631,21,173,allocation 1:1
1:1,True,0.8468609294809456,no TTL,56,107.0,93.5,13.5,0.8783615872082077,0.8871395544306085,27,214,allocation 1:1
1:1,True,0.8468609294809456,no TTL,48,102.0,91.0,11.0,0.8821238544220025,0.8907383027133455,22,204,allocation 1:1
1:1,True,0.8468609294809456,no TTL,60,89.5,80.0,9.5,0.8816786137748227,0.8896605686780052,19,179,allocation 1:1
1:1,True,0.8468609294809456,no TTL,57,95.0,81.0,14.0,0.8786061601245383,0.8900986474872522,28,190,allocation 1:1
1:1,True,0.8468609294809456,no TTL,43,96.0,85.5,10.5,0.8815198270500602,0.8894038288733739,21,192,allocation 1:1
1:1,True,0.8468609294809456,no TTL,59,96.5,81.0,15.5,0.8792601369379957,0.89026881203514,31,193,allocation 1:1
1:1,True,0.8468609294809456,no TTL,61,99.0,89.0,10.0,0.880642224342491,0.8875110048163841,20,198,allocation 1:1
1:1,True,0.8468609294809456,no TTL,62,93.0,78.5,14.5,0.8779517642668268,0.8894371191332604,29,186,allocation 1:1
1:1,True,0.8468609294809456,no TTL,81,97.0,88.0,9.0,0.8804340574991849,0.8883979149216914,18,194,allocation 1:1
1:1,True,0.8468609294809456,no TTL,64,99.5,86.5,13.0,0.8788143176409017,0.8878641915933606,26,199,allocation 1:1
1:1,True,0.8468609294809456,no TTL,68,100.5,82.5,18.0,0.8751232678453493,0.8910579430953814,36,201,allocation 1:1
1:1,True,0.8468609294809456,no TTL,63,95.0,83.0,12.0,0.8795835719439984,0.8879535503025775,24,190,allocation 1:1
1:1,True,0.8468609294809456,no TTL,67,99.0,83.0,16.0,0.8773364580918906,0.889859508588966,32,198,allocation 1:1
1:1,True,0.8468609294809456,no TTL,65,102.0,91.0,11.0,0.8825957977172199,0.8912008865399984,22,204,allocation 1:1
1:1,True,0.8468609294809456,no TTL,66,98.0,88.0,10.0,0.8856347510787544,0.8931272711795674,20,196,allocation 1:1
1:1,True,0.8468609294809456,no TTL,69,91.5,77.5,14.0,0.8795728061338028,0.8905698827316145,28,183,allocation 1:1
1:1,True,0.8468609294809456,no TTL,70,94.0,78.5,15.5,0.8780943881063447,0.8889288883710751,31,188,allocation 1:1
1:1,True,0.8468609294809456,no TTL,72,97.5,84.5,13.0,0.8813786952538479,0.8909027346422614,26,195,allocation 1:1
1:1,True,0.8468609294809456,no TTL,73,87.0,73.0,14.0,0.876773891924514,0.8889735654720181,28,174,allocation 1:1
1:1,True,0.8468609294809456,no TTL,75,96.5,82.5,14.0,0.8758359618386931,0.8874686625154309,28,193,allocation 1:1
1:1,True,0.8468609294809456,no TTL,79,91.5,75.5,16.0,0.8750355411679852,0.889585217163775,32,183,allocation 1:1
1:1,True,0.8468609294809456,no TTL,74,86.5,73.0,13.5,0.8779391360917781,0.8875380038654894,27,173,allocation 1:1
1:1,True,0.8468609294809456,no TTL,84,96.0,84.0,12.0,0.881995622255682,0.8905463387331605,24,192,allocation 1:1
1:1,True,0.8468609294809456,no TTL,71,95.0,84.0,11.0,0.8821052218252349,0.8911508128446471,22,190,allocation 1:1
1:1,True,0.8468609294809456,no TTL,80,92.0,76.0,16.0,0.8750350180000862,0.8877854485750433,32,184,allocation 1:1
1:1,True,0.8468609294809456,no TTL,78,95.5,83.5,12.0,0.8802667140260036,0.8895332531039664,24,191,allocation 1:1
1:1,True,0.8468609294809456,no TTL,82,98.0,84.0,14.0,0.8788100410264899,0.8902817021154421,28,196,allocation 1:1
1:1,True,0.8468609294809456,no TTL,86,84.5,72.0,12.5,0.8793677960315839,0.8905830813910603,25,169,allocation 1:1
1:1,True,0.8468609294809456,no TTL,76,105.0,95.0,10.0,0.8836169989986903,0.8906836681632384,20,210,allocation 1:1
1:1,True,0.8468609294809456,no TTL,85,91.0,78.5,12.5,0.8800349530141061,0.8896926578967722,25,182,allocation 1:1
1:1,True,0.8468609294809456,no TTL,77,87.0,77.0,10.0,0.8801332243221471,0.8892220944560383,20,174,allocation 1:1
1:1,True,0.8468609294809456,no TTL,83,103.5,94.0,9.5,0.8834505841082076,0.8911968591924198,19,207,allocation 1:1
1:1,True,0.8468609294809456,no TTL,87,97.5,84.5,13.0,0.879350945872699,0.8895975064690133,26,195,allocation 1:1
1:1,True,0.8468609294809456,no TTL,89,108.5,93.5,15.0,0.880479833375064,0.8901253771961554,30,217,allocation 1:1
1:1,True,0.8468609294809456,no TTL,88,101.0,87.5,13.5,0.879193383553813,0.8900022767002207,27,202,allocation 1:1
1:1,True,0.8468609294809456,no TTL,91,94.0,79.0,15.0,0.8764015727935835,0.8884328188130436,30,188,allocation 1:1
1:1,True,0.8468609294809456,no TTL,90,88.5,72.0,16.5,0.8756922637175377,0.890940220881516,33,177,allocation 1:1
1:1,True,0.8468609294809456,no TTL,92,95.0,87.0,8.0,0.8835266793668806,0.8911477171138513,16,190,allocation 1:1
1:1,True,0.8468609294809456,no TTL,93,94.0,82.0,12.0,0.8782285162629567,0.8887174993901652,24,188,allocation 1:1
1:1,True,0.8468609294809456,model TTL,8,102.5,101.5,1.0,0.8912072745816169,0.8916518672870821,2,205,allocation 1:1
1:1,True,0.8468609294809456,no TTL,95,98.5,83.5,15.0,0.8785813209585013,0.8894117528286587,30,197,allocation 1:1
1:1,True,0.8468609294809456,no TTL,94,95.5,82.0,13.5,0.8788542102511882,0.8899985487359247,27,191,allocation 1:1
1:1,True,0.8468609294809456,no TTL,97,91.0,79.5,11.5,0.8834254210319153,0.8918922839472873,23,182,allocation 1:1
1:1,True,0.8468609294809456,no TTL,96,107.5,96.5,11.0,0.8812762535822326,0.8888449824595229,22,215,allocation 1:1
1:1,True,0.8468609294809456,no TTL,99,89.5,75.0,14.5,0.8799155669481932,0.8919976975396886,29,179,allocation 1:1
1:1,True,0.8468609294809456,no TTL,98,94.0,79.5,14.5,0.8781537853374478,0.8883041908765037,29,188,allocation 1:1
1:1,True,0.8468609294809456,model TTL,3,96.0,95.5,0.5,0.8887456751032387,0.8889725974385194,1,192,allocation 1:1
1:1,True,0.8468609294809456,model TTL,1,93.5,92.0,1.5,0.8894094365787569,0.8901238142083568,3,187,allocation 1:1
1:1,True,0.8468609294809456,model TTL,0,93.0,92.0,1.0,0.8892552915366241,0.889725900983619,2,186,allocation 1:1
1:1,True,0.8468609294809456,model TTL,2,99.5,98.5,1.0,0.8906120441700445,0.8910616542517817,2,199,allocation 1:1
1:1,True,0.8468609294809456,model TTL,4,91.5,90.0,1.5,0.8890481905266644,0.889764756799225,3,183,allocation 1:1
1:1,True,0.8468609294809456,model TTL,6,95.0,95.0,0.0,0.8913638180978335,0.8913638180978335,0,190,allocation 1:1
1:1,True,0.8468609294809456,model TTL,5,89.0,88.5,0.5,0.8895500839400361,0.8897961311416335,1,178,allocation 1:1
1:1,True,0.8468609294809456,model TTL,9,104.0,102.5,1.5,0.8905690785937995,0.8912165462330143,3,208,allocation 1:1
1:1,True,0.8468609294809456,model TTL,7,104.0,103.5,0.5,0.8905849755941309,0.8908067742910543,1,208,allocation 1:1
1:1,True,0.8468609294809456,model TTL,11,82.0,81.5,0.5,0.89171009378778,0.8920083107679603,1,164,allocation 1:1
1:1,True,0.8468609294809456,model TTL,14,87.0,86.5,0.5,0.8910517377187297,0.8913112130772397,1,174,allocation 1:1
1:1,True,0.8468609294809456,model TTL,15,86.5,85.5,1.0,0.8897531483911674,0.8902682117884319,2,173,allocation 1:1
1:1,True,0.8468609294809456,model TTL,16,89.5,89.0,0.5,0.8908381232634898,0.8911260943568052,1,179,allocation 1:1
1:1,True,0.8468609294809456,model TTL,13,103.5,103.5,0.0,0.8902760877674221,0.8902760877674221,0,207,allocation 1:1
1:1,True,0.8468609294809456,model TTL,12,100.0,98.5,1.5,0.8897187756761034,0.8904287329229695,3,200,allocation 1:1
1:1,True,0.8468609294809456,model TTL,10,99.5,99.0,0.5,0.8899437478998563,0.8901685611387808,1,199,allocation 1:1
1:1,True,0.8468609294809456,model TTL,18,94.0,93.0,1.0,0.8897429871076534,0.8902213516504259,2,188,allocation 1:1
1:1,True,0.8468609294809456,model TTL,17,94.0,93.0,1.0,0.8904366471255861,0.8909205779328102,2,188,allocation 1:1
1:1,True,0.8468609294809456,model TTL,20,89.5,87.5,2.0,0.8894355859621565,0.8904324239112924,4,179,allocation 1:1
1:1,True,0.8468609294809456,model TTL,21,111.0,110.0,1.0,0.889120042897321,0.8895087163967227,2,222,allocation 1:1
1:1,True,0.8468609294809456,model TTL,19,103.5,102.0,1.5,0.8905349064586899,0.8911966075844424,3,207,allocation 1:1
1:1,True,0.8468609294809456,model TTL,22,103.0,102.0,1.0,0.891059680437887,0.8915034359946834,2,206,allocation 1:1
1:1,True,0.8468609294809456,model TTL,23,88.5,88.0,0.5,0.8882249466179181,0.8885189798868356,1,177,allocation 1:1
1:1,True,0.8468609294809456,model TTL,24,99.0,97.5,1.5,0.8893785367936248,0.8900493733914145,3,198,allocation 1:1
1:1,True,0.8468609294809456,model TTL,25,102.5,101.0,1.5,0.8892236329739258,0.889877772405069,3,205,allocation 1:1
1:1,True,0.8468609294809456,model TTL,26,105.0,105.0,0.0,0.8918475296691696,0.8918475296691696,0,210,allocation 1:1
1:1,True,0.8468609294809456,model TTL,32,92.5,91.5,1.0,0.8909764828982374,0.8914726220353402,2,185,allocation 1:1
1:1,True,0.8468609294809456,model TTL,45,97.0,96.5,0.5,0.8920824482451248,0.8923241670101627,1,194,allocation 1:1
1:1,True,0.8468609294809456,model TTL,27,97.5,94.5,3.0,0.889224120312083,0.8906076392126531,6,195,allocation 1:1
1:1,True,0.8468609294809456,model TTL,28,94.0,94.0,0.0,0.8917292181956835,0.8917292181956835,0,188,allocation 1:1
1:1,True,0.8468609294809456,model TTL,29,98.0,98.0,0.0,0.8906755049456202,0.8906755049456202,0,196,allocation 1:1
1:1,True,0.8468609294809456,model TTL,30,100.0,99.5,0.5,0.8913706725742585,0.8915986672642935,1,200,allocation 1:1
1:1,True,0.8468609294809456,model TTL,31,94.5,94.0,0.5,0.8898217950268521,0.8900628137696447,1,189,allocation 1:1
1:1,True,0.8468609294809456,model TTL,33,89.0,87.5,1.5,0.8867732062032411,0.887476817533045,3,178,allocation 1:1
1:1,True,0.8468609294809456,model TTL,34,87.0,86.0,1.0,0.8886912221700374,0.8891881058881415,2,174,allocation 1:1
1:1,True,0.8468609294809456,model TTL,35,78.5,77.5,1.0,0.889050027603288,0.8896055153238813,2,157,allocation 1:1
1:1,True,0.8468609294809456,model TTL,36,97.0,95.5,1.5,0.8897939272601921,0.8904847733160726,3,194,allocation 1:1
1:1,True,0.8468609294809456,model TTL,41,96.0,95.5,0.5,0.8895188831452375,0.8897497111900147,1,192,allocation 1:1
1:1,True,0.8468609294809456,model TTL,39,97.5,97.0,0.5,0.8896185573793525,0.8898463297029945,1,195,allocation 1:1
1:1,True,0.8468609294809456,model TTL,37,104.5,103.0,1.5,0.8906183238412915,0.891270077878521,3,209,allocation 1:1
1:1,True,0.8468609294809456,model TTL,38,105.5,105.0,0.5,0.8903563108799764,0.8905667575951358,1,211,allocation 1:1
1:1,True,0.8468609294809456,model TTL,42,94.0,93.0,1.0,0.889885209903897,0.8903597052186969,2,188,allocation 1:1
1:1,True,0.8468609294809456,model TTL,46,97.5,97.5,0.0,0.8909139104222342,0.8909139104222342,0,195,allocation 1:1
1:1,True,0.8468609294809456,model TTL,43,98.5,98.5,0.0,0.8903471017786909,0.8903471017786909,0,197,allocation 1:1
1:1,True,0.8468609294809456,model TTL,40,86.0,84.0,2.0,0.8902917346492858,0.8913479123066671,4,172,allocation 1:1
1:1,True,0.8468609294809456,model TTL,44,98.5,97.0,1.5,0.8898328639145527,0.8905127898691767,3,197,allocation 1:1
1:1,True,0.8468609294809456,model TTL,47,84.5,84.0,0.5,0.8888271797089753,0.8890821050092829,1,169,allocation 1:1
1:1,True,0.8468609294809456,model TTL,48,91.0,90.5,0.5,0.8912152005068361,0.8914630642539407,1,182,allocation 1:1
1:1,True,0.8468609294809456,model TTL,50,91.5,91.5,0.0,0.8894387812292317,0.8894387812292317,0,183,allocation 1:1
1:1,True,0.8468609294809456,model TTL,49,99.5,98.5,1.0,0.8918177890233439,0.8922928455349284,2,199,allocation 1:1
1:1,True,0.8468609294809456,model TTL,53,86.0,86.0,0.0,0.8934414187469287,0.8934414187469287,0,172,allocation 1:1
1:1,True,0.8468609294809456,model TTL,51,102.5,101.5,1.0,0.8908921492898154,0.8913348334180823,2,205,allocation 1:1
1:1,True,0.8468609294809456,model TTL,52,84.0,83.0,1.0,0.8914411278527347,0.8919915415689438,2,168,allocation 1:1
1:1,True,0.8468609294809456,model TTL,55,85.5,85.5,0.0,0.8870996733472948,0.8870996733472948,0,171,allocation 1:1
1:1,True,0.8468609294809456,model TTL,54,101.0,100.0,1.0,0.8890909546347073,0.8895335512887994,2,202,allocation 1:1
1:1,True,0.8468609294809456,model TTL,56,90.0,90.0,0.0,0.889127463398244,0.889127463398244,0,180,allocation 1:1
1:1,True,0.8468609294809456,model TTL,57,81.5,79.5,2.0,0.8887491937124332,0.8898266926501834,4,163,allocation 1:1
1:1,True,0.8468609294809456,model TTL,59,95.5,94.5,1.0,0.8891254487031388,0.8895779300866309,2,191,allocation 1:1
1:1,True,0.8468609294809456,model TTL,58,111.5,110.5,1.0,0.890886776525818,0.8912948322984983,2,223,allocation 1:1
1:1,True,0.8468609294809456,model TTL,60,93.5,92.0,1.5,0.8900292211675217,0.8907538648924405,3,187,allocation 1:1
1:1,True,0.8468609294809456,model TTL,68,101.0,100.0,1.0,0.8887322332230808,0.8891656518962953,2,202,allocation 1:1
1:1,True,0.8468609294809456,model TTL,61,92.5,92.5,0.0,0.8899412260765637,0.8899412260765637,0,185,allocation 1:1
1:1,True,0.8468609294809456,model TTL,62,95.0,93.5,1.5,0.8898979339937193,0.890605371610842,3,190,allocation 1:1
1:1,True,0.8468609294809456,model TTL,63,91.0,90.0,1.0,0.890575232038581,0.8910763814628657,2,182,allocation 1:1
1:1,True,0.8468609294809456,model TTL,64,100.0,98.5,1.5,0.8916205790233671,0.8923252113205664,3,200,allocation 1:1
1:1,True,0.8468609294809456,model TTL,66,88.5,88.0,0.5,0.8886520766056314,0.888897652457977,1,177,allocation 1:1
1:1,True,0.8468609294809456,model TTL,65,100.5,100.5,0.0,0.8923207884001061,0.8923207884001061,0,201,allocation 1:1
1:1,True,0.8468609294809456,model TTL,67,90.5,90.0,0.5,0.8891803200936791,0.8894190051787835,1,181,allocation 1:1
1:1,True,0.8468609294809456,model TTL,74,91.5,91.0,0.5,0.8894900016675186,0.8897291088947343,1,183,allocation 1:1
1:1,True,0.8468609294809456,model TTL,70,100.0,99.5,0.5,0.8917026579552938,0.8919286402230643,1,200,allocation 1:1
1:1,True,0.8468609294809456,model TTL,76,81.0,80.5,0.5,0.8916600262075233,0.8919453134689745,1,162,allocation 1:1
1:1,True,0.8468609294809456,model TTL,72,91.5,90.0,1.5,0.889991652938654,0.8907343350444182,3,183,allocation 1:1
1:1,True,0.8468609294809456,model TTL,69,95.0,93.5,1.5,0.8898796678885108,0.8905788331491244,3,190,allocation 1:1
1:1,True,0.8468609294809456,model TTL,71,95.5,95.0,0.5,0.8901336060126669,0.890368884325403,1,191,allocation 1:1
1:1,True,0.8468609294809456,model TTL,75,81.0,80.5,0.5,0.8885287262088475,0.8887883320444988,1,162,allocation 1:1
1:1,True,0.8468609294809456,model TTL,78,92.0,91.5,0.5,0.8916779492950824,0.8919235545553342,1,184,allocation 1:1
1:1,True,0.8468609294809456,model TTL,77,105.5,105.5,0.0,0.8901397778329145,0.8901397778329145,0,211,allocation 1:1
1:1,True,0.8468609294809456,model TTL,80,102.0,101.5,0.5,0.8901938338555839,0.890412739395902,1,204,allocation 1:1
1:1,True,0.8468609294809456,model TTL,73,102.5,102.5,0.0,0.8904868147849813,0.8904868147849813,0,205,allocation 1:1
1:1,True,0.8468609294809456,model TTL,79,92.5,92.5,0.0,0.8914027125160371,0.8914027125160371,0,185,allocation 1:1
1:1,True,0.8468609294809456,model TTL,82,100.5,99.0,1.5,0.8885373118871843,0.8891887979777852,3,201,allocation 1:1
1:1,True,0.8468609294809456,model TTL,81,102.0,101.5,0.5,0.890153737122157,0.8903740475188533,1,204,allocation 1:1
1:1,True,0.8468609294809456,model TTL,83,91.5,91.5,0.0,0.8900535272167689,0.8900535272167689,0,183,allocation 1:1
1:1,True,0.8468609294809456,model TTL,84,84.0,82.5,1.5,0.8897597347789574,0.8905568467568428,3,168,allocation 1:1
1:1,True,0.8468609294809456,model TTL,86,90.0,89.5,0.5,0.889631791405394,0.889877516004082,1,180,allocation 1:1
1:1,True,0.8468609294809456,model TTL,85,92.0,91.0,1.0,0.8905001825810744,0.8909918762592766,2,184,allocation 1:1
1:1,True,0.8468609294809456,model TTL,91,83.5,83.0,0.5,0.889028330602003,0.8892865584930001,1,167,allocation 1:1
1:1,True,0.8468609294809456,model TTL,88,111.5,110.0,1.5,0.8900733413535278,0.8906736052846618,3,223,allocation 1:1
1:1,True,0.8468609294809456,model TTL,90,93.0,91.5,1.5,0.8879874451817202,0.8886708764326622,3,186,allocation 1:1
1:1,True,0.8468609294809456,model TTL,87,100.0,99.5,0.5,0.8909958220120997,0.89122479234084,1,200,allocation 1:1
1:1,True,0.8468609294809456,model TTL,94,86.0,85.5,0.5,0.8892677855799748,0.8895255665841122,1,172,allocation 1:1
1:1,True,0.8468609294809456,model TTL,92,94.0,94.0,0.0,0.8905585288771551,0.8905585288771551,0,188,allocation 1:1
1:1,True,0.8468609294809456,model TTL,93,107.5,107.5,0.0,0.8912074220949687,0.8912074220949687,0,215,allocation 1:1
1:1,True,0.8468609294809456,model TTL,95,103.0,100.0,3.0,0.891532139770019,0.8929358509698003,6,206,allocation 1:1
1:1,True,0.8468609294809456,model TTL,96,91.0,91.0,0.0,0.8909510282776181,0.8909510282776181,0,182,allocation 1:1
1:1,True,0.8468609294809456,model TTL,97,89.5,89.0,0.5,0.8902785837307148,0.8905261246902327,1,179,allocation 1:1
1:1,True,0.8468609294809456,model TTL,89,107.5,106.5,1.0,0.8910210882988718,0.891443056671341,2,215,allocation 1:1
1:1,True,0.8468609294809456,model TTL,99,91.5,91.5,0.0,0.8912691874649179,0.8912691874649179,0,183,allocation 1:1
1:1,True,0.8468609294809456,model TTL,98,100.5,100.0,0.5,0.890967766073448,0.8911917924003327,1,201,allocation 1:1
1:1,True,0.8791479059745941,no TTL,20,84.5,53.5,31.0,0.874844615991884,0.897551404270991,62,169,allocation 1:1
1:1,True,0.8791479059745941,no TTL,9,106.0,70.0,36.0,0.8817591297235411,0.8985146331765659,72,212,allocation 1:1
1:1,True,0.8791479059745941,no TTL,15,96.0,60.5,35.5,0.8796183222424669,0.8986082335392618,71,192,allocation 1:1
1:1,True,0.8791479059745941,no TTL,19,98.0,64.5,33.5,0.8801012098670691,0.8982321891443795,67,196,allocation 1:1
1:1,True,0.8791479059745941,no TTL,8,88.5,51.0,37.5,0.873325462932248,0.8986688628460051,75,177,allocation 1:1
1:1,True,0.8791479059745941,no TTL,17,91.0,57.5,33.5,0.8779163507159905,0.8971326389349613,67,182,allocation 1:1
1:1,True,0.8791479059745941,no TTL,10,97.0,56.5,40.5,0.875522134917988,0.8979787386313572,81,194,allocation 1:1
1:1,True,0.8791479059745941,no TTL,4,97.5,57.5,40.0,0.8763592346601923,0.8976846247298282,80,195,allocation 1:1
1:1,True,0.8791479059745941,no TTL,11,93.0,58.5,34.5,0.8784722112576759,0.8984208176053479,69,186,allocation 1:1
1:1,True,0.8791479059745941,no TTL,2,93.0,57.0,36.0,0.8788814512226676,0.8980447242113176,72,186,allocation 1:1
1:1,True,0.8791479059745941,no TTL,24,90.5,52.5,38.0,0.8789260114660309,0.8995664828497905,76,181,allocation 1:1
1:1,True,0.8791479059745941,no TTL,14,105.5,66.0,39.5,0.8761822071040465,0.8972904680788688,79,211,allocation 1:1
1:1,True,0.8791479059745941,no TTL,16,93.5,65.5,28.0,0.8801401002657122,0.8972633738715243,56,187,allocation 1:1
1:1,True,0.8791479059745941,no TTL,29,96.0,68.5,27.5,0.8807899990520269,0.898429605844397,55,192,allocation 1:1
1:1,True,0.8791479059745941,no TTL,13,100.5,63.0,37.5,0.8778698197670357,0.896875385285116,75,201,allocation 1:1
1:1,True,0.8791479059745941,no TTL,0,96.5,60.0,36.5,0.8770511144222806,0.897619263805346,73,193,allocation 1:1
1:1,True,0.8791479059745941,no TTL,22,104.0,67.5,36.5,0.8776817426764467,0.8982677167473235,73,208,allocation 1:1
1:1,True,0.8791479059745941,no TTL,21,96.5,65.0,31.5,0.8815821480427043,0.899224902961338,63,193,allocation 1:1
1:1,True,0.8791479059745941,no TTL,5,103.5,66.0,37.5,0.8786401251858125,0.8973711902406253,75,207,allocation 1:1
1:1,True,0.8791479059745941,no TTL,7,106.0,71.0,35.0,0.8820919597538246,0.8992082449355837,70,212,allocation 1:1
1:1,True,0.8791479059745941,no TTL,30,95.5,62.0,33.5,0.8820126138978929,0.8988006399235564,67,191,allocation 1:1
1:1,True,0.8791479059745941,no TTL,25,96.5,64.0,32.5,0.8799767149241319,0.8978944220388776,65,193,allocation 1:1
1:1,True,0.8791479059745941,no TTL,18,108.0,73.5,34.5,0.8820907651144323,0.899798851207633,69,216,allocation 1:1
1:1,True,0.8791479059745941,no TTL,27,102.5,66.5,36.0,0.8770275594744592,0.8975430455984847,72,205,allocation 1:1
1:1,True,0.8791479059745941,no TTL,23,95.5,64.0,31.5,0.8801477748148413,0.8988569415060881,63,191,allocation 1:1
1:1,True,0.8791479059745941,no TTL,26,89.5,64.0,25.5,0.8825272436677652,0.8987949798316311,51,179,allocation 1:1
1:1,True,0.8791479059745941,no TTL,6,94.5,64.0,30.5,0.8826684399307464,0.8999734800536995,61,189,allocation 1:1
1:1,True,0.8791479059745941,no TTL,1,101.5,68.0,33.5,0.881366391211173,0.8989850275518381,67,203,allocation 1:1
1:1,True,0.8791479059745941,no TTL,3,95.0,62.0,33.0,0.8787734290979998,0.8976520403903319,66,190,allocation 1:1
1:1,True,0.8791479059745941,no TTL,12,91.0,56.5,34.5,0.8771024335654113,0.8992550319040772,69,182,allocation 1:1
1:1,True,0.8791479059745941,no TTL,28,94.5,61.0,33.5,0.877912494528114,0.897125154940972,67,189,allocation 1:1
1:1,True,0.8791479059745941,no TTL,43,96.0,62.0,34.0,0.8815198270500602,0.8979599391947053,68,192,allocation 1:1
1:1,True,0.8791479059745941,no TTL,32,100.5,62.5,38.0,0.8785446238027196,0.8984351862673743,76,201,allocation 1:1
1:1,True,0.8791479059745941,no TTL,34,97.5,61.0,36.5,0.8775652508022906,0.8982860725549543,73,195,allocation 1:1
1:1,True,0.8791479059745941,no TTL,31,88.0,60.0,28.0,0.8809446923597659,0.8999500049898762,56,176,allocation 1:1
1:1,True,0.8791479059745941,no TTL,57,95.0,59.0,36.0,0.8786061601245383,0.8993282573611063,72,190,allocation 1:1
1:1,True,0.8791479059745941,no TTL,33,97.5,65.0,32.5,0.8816860025884696,0.8990568492250093,65,195,allocation 1:1
1:1,True,0.8791479059745941,no TTL,37,91.5,52.5,39.0,0.876263204315948,0.8991996417013147,78,183,allocation 1:1
1:1,True,0.8791479059745941,no TTL,35,101.5,64.0,37.5,0.8784245765187799,0.898093785521197,75,203,allocation 1:1
1:1,True,0.8791479059745941,no TTL,38,94.0,61.5,32.5,0.8838527191709525,0.900120107049926,65,188,allocation 1:1
1:1,True,0.8791479059745941,no TTL,40,90.5,53.0,37.5,0.8766204776244222,0.8979497598283351,75,181,allocation 1:1
1:1,True,0.8791479059745941,no TTL,51,80.5,52.0,28.5,0.8772514477340272,0.8981093448603222,57,161,allocation 1:1
1:1,True,0.8791479059745941,no TTL,56,107.0,63.0,44.0,0.8783615872082077,0.8976772025841211,88,214,allocation 1:1
1:1,True,0.8791479059745941,no TTL,45,94.5,54.0,40.5,0.8791556570837428,0.8994474156096501,81,189,allocation 1:1
1:1,True,0.8791479059745941,no TTL,52,82.0,56.5,25.5,0.8808116209868032,0.8968402110317611,51,164,allocation 1:1
1:1,True,0.8791479059745941,no TTL,39,102.5,68.0,34.5,0.8804965650028781,0.8991724625004311,69,205,allocation 1:1
1:1,True,0.8791479059745941,no TTL,49,94.0,66.5,27.5,0.8823444046304408,0.8974107619886121,55,188,allocation 1:1
1:1,True,0.8791479059745941,no TTL,46,97.0,63.5,33.5,0.8809162891915145,0.8990846162209124,67,194,allocation 1:1
1:1,True,0.8791479059745941,no TTL,58,86.5,60.5,26.0,0.8809721831108942,0.89617257899362,52,173,allocation 1:1
1:1,True,0.8791479059745941,no TTL,42,98.5,67.5,31.0,0.8827943558218845,0.8986697774057703,62,197,allocation 1:1
1:1,True,0.8791479059745941,no TTL,47,99.0,64.0,35.0,0.882238922095365,0.8984338358192129,70,198,allocation 1:1
1:1,True,0.8791479059745941,no TTL,44,100.0,65.0,35.0,0.878437516372746,0.8967482682864909,70,200,allocation 1:1
1:1,True,0.8791479059745941,no TTL,36,118.5,79.5,39.0,0.8810983919047336,0.8968766741391105,78,237,allocation 1:1
1:1,True,0.8791479059745941,no TTL,55,84.5,54.0,30.5,0.8787730346954542,0.8970289832913887,61,169,allocation 1:1
1:1,True,0.8791479059745941,no TTL,41,105.0,73.5,31.5,0.8856089907427065,0.8983126243095373,63,210,allocation 1:1
1:1,True,0.8791479059745941,no TTL,54,99.5,67.5,32.0,0.8827729297422424,0.8991189892259213,64,199,allocation 1:1
1:1,True,0.8791479059745941,no TTL,50,97.5,63.0,34.5,0.8786001473852034,0.8986709187924202,69,195,allocation 1:1
1:1,True,0.8791479059745941,no TTL,48,102.0,69.0,33.0,0.8821238544220025,0.898728643088539,66,204,allocation 1:1
1:1,True,0.8791479059745941,no TTL,59,96.5,60.5,36.0,0.8792601369379957,0.8991131903711935,72,193,allocation 1:1
1:1,True,0.8791479059745941,no TTL,53,93.0,64.0,29.0,0.8799178728289042,0.8976710111555651,58,186,allocation 1:1
1:1,True,0.8791479059745941,no TTL,60,89.5,58.5,31.0,0.8816786137748227,0.8987545351737147,62,179,allocation 1:1
1:1,True,0.8791479059745941,no TTL,61,99.0,62.5,36.5,0.880642224342491,0.8975311297849698,73,198,allocation 1:1
1:1,True,0.8791479059745941,no TTL,70,94.0,61.0,33.0,0.8780943881063447,0.8956441777400063,66,188,allocation 1:1
1:1,True,0.8791479059745941,no TTL,62,93.0,59.5,33.5,0.8779517642668268,0.8979432307102871,67,186,allocation 1:1
1:1,True,0.8791479059745941,no TTL,63,95.0,58.0,37.0,0.8795835719439984,0.8974058197273767,74,190,allocation 1:1
1:1,True,0.8791479059745941,no TTL,84,96.0,64.0,32.0,0.881995622255682,0.898593147039192,64,192,allocation 1:1
1:1,True,0.8791479059745941,no TTL,64,99.5,57.5,42.0,0.8788143176409017,0.9001919336138391,84,199,allocation 1:1
1:1,True,0.8791479059745941,no TTL,65,102.0,68.5,33.5,0.8825957977172199,0.8993784244436418,67,204,allocation 1:1
1:1,True,0.8791479059745941,no TTL,67,99.0,61.5,37.5,0.8773364580918906,0.8986933848551142,75,198,allocation 1:1
1:1,True,0.8791479059745941,no TTL,66,98.0,71.5,26.5,0.8856347510787544,0.8984712059521088,53,196,allocation 1:1
1:1,True,0.8791479059745941,no TTL,68,100.5,62.5,38.0,0.8751232678453493,0.8988906390187836,76,201,allocation 1:1
1:1,True,0.8791479059745941,no TTL,69,91.5,58.5,33.0,0.8795728061338028,0.8982032939730848,66,183,allocation 1:1
1:1,True,0.8791479059745941,no TTL,73,87.0,54.0,33.0,0.876773891924514,0.8973802677991487,66,174,allocation 1:1
1:1,True,0.8791479059745941,no TTL,75,96.5,58.5,38.0,0.8758359618386931,0.8968677253363755,76,193,allocation 1:1
1:1,True,0.8791479059745941,no TTL,72,97.5,64.0,33.5,0.8813786952538479,0.8982147223875898,67,195,allocation 1:1
1:1,True,0.8791479059745941,no TTL,74,86.5,52.5,34.0,0.8779391360917781,0.8976358724085327,68,173,allocation 1:1
1:1,True,0.8791479059745941,no TTL,79,91.5,58.0,33.5,0.8750355411679852,0.8973550528216899,67,183,allocation 1:1
1:1,True,0.8791479059745941,no TTL,71,95.0,66.5,28.5,0.8821052218252349,0.8982541594570546,57,190,allocation 1:1
1:1,True,0.8791479059745941,no TTL,80,92.0,51.5,40.5,0.8750350180000862,0.8986542131582919,81,184,allocation 1:1
1:1,True,0.8791479059745941,no TTL,77,87.0,58.5,28.5,0.8801332243221471,0.897789394892823,57,174,allocation 1:1
1:1,True,0.8791479059745941,no TTL,78,95.5,61.0,34.5,0.8802667140260036,0.898149741737101,69,191,allocation 1:1
1:1,True,0.8791479059745941,no TTL,76,105.0,71.0,34.0,0.8836169989986903,0.8991794686962673,68,210,allocation 1:1
1:1,True,0.8791479059745941,no TTL,86,84.5,57.0,27.5,0.8793677960315839,0.8971928944866713,55,169,allocation 1:1
1:1,True,0.8791479059745941,no TTL,85,91.0,56.5,34.5,0.8800349530141061,0.8989443853703276,69,182,allocation 1:1
1:1,True,0.8791479059745941,no TTL,83,103.5,72.0,31.5,0.8834505841082076,0.8994875952944482,63,207,allocation 1:1
1:1,True,0.8791479059745941,no TTL,87,97.5,63.0,34.5,0.879350945872699,0.897818666147713,69,195,allocation 1:1
1:1,True,0.8791479059745941,no TTL,81,97.0,63.0,34.0,0.8804340574991849,0.8980674375894339,68,194,allocation 1:1
1:1,True,0.8791479059745941,no TTL,88,101.0,68.5,32.5,0.879193383553813,0.8961924598115628,65,202,allocation 1:1
1:1,True,0.8791479059745941,no TTL,82,98.0,61.0,37.0,0.8788100410264899,0.8996311142198694,74,196,allocation 1:1
1:1,True,0.8791479059745941,no TTL,89,108.5,70.5,38.0,0.880479833375064,0.8981738613399884,76,217,allocation 1:1
1:1,True,0.8791479059745941,no TTL,90,88.5,54.5,34.0,0.8756922637175377,0.8986753159862335,68,177,allocation 1:1
1:1,True,0.8791479059745941,no TTL,91,94.0,54.5,39.5,0.8764015727935835,0.8981779794450346,79,188,allocation 1:1
1:1,True,0.8791479059745941,no TTL,92,95.0,67.0,28.0,0.8835266793668806,0.8987768410221313,56,190,allocation 1:1
1:1,True,0.8791479059745941,no TTL,93,94.0,63.0,31.0,0.8782285162629567,0.896747801551352,62,188,allocation 1:1
1:1,True,0.8791479059745941,no TTL,94,95.5,62.0,33.5,0.8788542102511882,0.8983045411428829,67,191,allocation 1:1
1:1,True,0.8791479059745941,no TTL,95,98.5,63.5,35.0,0.8785813209585013,0.8968227899748166,70,197,allocation 1:1
1:1,True,0.8791479059745941,no TTL,97,91.0,64.0,27.0,0.8834254210319153,0.8985273393659912,54,182,allocation 1:1
1:1,True,0.8791479059745941,no TTL,96,107.5,72.0,35.5,0.8812762535822326,0.8976478099501132,71,215,allocation 1:1
1:1,True,0.8791479059745941,no TTL,98,94.0,57.0,37.0,0.8781537853374478,0.8974453699601608,74,188,allocation 1:1
1:1,True,0.8791479059745941,no TTL,99,89.5,59.0,30.5,0.8799155669481932,0.898678743864559,61,179,allocation 1:1
1:1,True,0.8791479059745941,model TTL,24,85.0,84.5,0.5,0.8988610554902058,0.8990262732158774,1,170,allocation 1:1
1:1,True,0.8791479059745941,model TTL,0,96.0,95.0,1.0,0.8990633957888675,0.8993051637430051,2,192,allocation 1:1
1:1,True,0.8791479059745941,model TTL,1,90.0,88.5,1.5,0.8990883948816955,0.8994849198464653,3,180,allocation 1:1
1:1,True,0.8791479059745941,model TTL,2,105.0,105.0,0.0,0.8976285567203721,0.8976285567203721,0,210,allocation 1:1
1:1,True,0.8791479059745941,model TTL,8,91.5,89.5,2.0,0.8984247878256488,0.8988976654108293,4,183,allocation 1:1
1:1,True,0.8791479059745941,model TTL,4,98.0,97.0,1.0,0.8988656532391677,0.8991284276116331,2,196,allocation 1:1
1:1,True,0.8791479059745941,model TTL,5,91.0,91.0,0.0,0.8982649345926086,0.8982649345926086,0,182,allocation 1:1
1:1,True,0.8791479059745941,model TTL,6,87.0,87.0,0.0,0.8982544449493235,0.8982544449493235,0,174,allocation 1:1
1:1,True,0.8791479059745941,model TTL,7,99.0,96.5,2.5,0.8976232487973739,0.8981340362985459,5,198,allocation 1:1
1:1,True,0.8791479059745941,model TTL,3,103.0,102.0,1.0,0.8990913646032199,0.8993064163193106,2,206,allocation 1:1
1:1,True,0.8791479059745941,model TTL,9,81.0,79.0,2.0,0.8990159695096174,0.8996236604619727,4,162,allocation 1:1
1:1,True,0.8791479059745941,model TTL,16,85.5,84.0,1.5,0.8973215951102036,0.8976918073900886,3,171,allocation 1:1
1:1,True,0.8791479059745941,model TTL,11,83.5,81.0,2.5,0.89806049964547,0.8987996867677427,5,167,allocation 1:1
1:1,True,0.8791479059745941,model TTL,10,99.0,97.0,2.0,0.8986951925367165,0.8991991756713099,4,198,allocation 1:1
1:1,True,0.8791479059745941,model TTL,13,79.0,78.0,1.0,0.8985776550519952,0.8988405259233101,2,158,allocation 1:1
1:1,True,0.8791479059745941,model TTL,15,87.0,85.0,2.0,0.8990208448675886,0.8995238251820937,4,174,allocation 1:1
1:1,True,0.8791479059745941,model TTL,14,82.0,81.0,1.0,0.8988371200780653,0.8991465221889477,2,164,allocation 1:1
1:1,True,0.8791479059745941,model TTL,12,91.0,89.5,1.5,0.8982331454212231,0.8986417854516937,3,182,allocation 1:1
1:1,True,0.8791479059745941,model TTL,19,97.0,95.5,1.5,0.8982636977170596,0.8986386842088736,3,194,allocation 1:1
1:1,True,0.8791479059745941,model TTL,18,86.0,86.0,0.0,0.8985806828102878,0.8985806828102878,0,172,allocation 1:1
1:1,True,0.8791479059745941,model TTL,20,100.5,99.0,1.5,0.8977925132228528,0.898160016417393,3,201,allocation 1:1
1:1,True,0.8791479059745941,model TTL,17,96.0,93.5,2.5,0.8982558547923368,0.8988748431602951,5,192,allocation 1:1
1:1,True,0.8791479059745941,model TTL,21,92.5,92.0,0.5,0.899308620111084,0.8994445126968317,1,185,allocation 1:1
1:1,True,0.8791479059745941,model TTL,22,88.5,88.0,0.5,0.899578464249935,0.8997023480352276,1,177,allocation 1:1
1:1,True,0.8791479059745941,model TTL,23,89.0,88.0,1.0,0.8982157227795967,0.8984990893340573,2,178,allocation 1:1
1:1,True,0.8791479059745941,model TTL,25,91.0,90.5,0.5,0.8989226049672264,0.8990498914522209,1,182,allocation 1:1
1:1,True,0.8791479059745941,model TTL,31,91.5,90.5,1.0,0.8977619806791441,0.8979753153247,2,183,allocation 1:1
1:1,True,0.8791479059745941,model TTL,26,98.0,97.0,1.0,0.8992087768046126,0.899420241911582,2,196,allocation 1:1
1:1,True,0.8791479059745941,model TTL,30,89.5,88.0,1.5,0.8977967755555415,0.8981670560144718,3,179,allocation 1:1
1:1,True,0.8791479059745941,model TTL,28,96.5,94.5,2.0,0.8973326383154044,0.8978270063417516,4,193,allocation 1:1
1:1,True,0.8791479059745941,model TTL,29,87.5,86.0,1.5,0.8990373444667478,0.8994173691026889,3,175,allocation 1:1
1:1,True,0.8791479059745941,model TTL,27,94.0,92.0,2.0,0.9000358940860924,0.9006042065057621,4,188,allocation 1:1
1:1,True,0.8791479059745941,model TTL,32,94.0,93.5,0.5,0.8993307035524067,0.8994563966467741,1,188,allocation 1:1
1:1,True,0.8791479059745941,model TTL,36,103.5,103.5,0.0,0.8993754074434476,0.8993754074434476,0,207,allocation 1:1
1:1,True,0.8791479059745941,model TTL,33,94.5,93.0,1.5,0.8987961521779325,0.8991825953183904,3,189,allocation 1:1
1:1,True,0.8791479059745941,model TTL,34,88.5,88.5,0.0,0.8976852850399029,0.8976852850399029,0,177,allocation 1:1
1:1,True,0.8791479059745941,model TTL,35,85.5,85.0,0.5,0.8990606040455965,0.8991947883267482,1,171,allocation 1:1
1:1,True,0.8791479059745941,model TTL,39,93.0,92.0,1.0,0.8979291312922778,0.8981799416461465,2,186,allocation 1:1
1:1,True,0.8791479059745941,model TTL,38,101.0,99.5,1.5,0.8987059743388452,0.8990586246086636,3,202,allocation 1:1
1:1,True,0.8791479059745941,model TTL,41,85.0,84.5,0.5,0.8991672965744851,0.8993341654997691,1,170,allocation 1:1
1:1,True,0.8791479059745941,model TTL,37,98.5,96.0,2.5,0.8989738398770188,0.89956640486578,5,197,allocation 1:1
1:1,True,0.8791479059745941,model TTL,44,94.5,92.5,2.0,0.8974560214816072,0.8979375129393975,4,189,allocation 1:1
1:1,True,0.8791479059745941,model TTL,47,98.0,96.5,1.5,0.897593905996797,0.8979740264759373,3,196,allocation 1:1
1:1,True,0.8791479059745941,model TTL,42,91.0,90.0,1.0,0.8984571580999543,0.898730984250801,2,182,allocation 1:1
1:1,True,0.8791479059745941,model TTL,40,101.0,99.5,1.5,0.898033110346533,0.8983630212810618,3,202,allocation 1:1
1:1,True,0.8791479059745941,model TTL,43,91.5,90.0,1.5,0.8976363511562754,0.8979667150804218,3,183,allocation 1:1
1:1,True,0.8791479059745941,model TTL,52,84.5,84.0,0.5,0.8980771956782642,0.898208634451714,1,169,allocation 1:1
1:1,True,0.8791479059745941,model TTL,45,92.0,90.0,2.0,0.8981976319303697,0.8987217076392805,4,184,allocation 1:1
1:1,True,0.8791479059745941,model TTL,50,92.0,92.0,0.0,0.8982261215437453,0.8982261215437453,0,184,allocation 1:1
1:1,True,0.8791479059745941,model TTL,48,90.0,90.0,0.0,0.8989192194940414,0.8989192194940414,0,180,allocation 1:1
1:1,True,0.8791479059745941,model TTL,49,95.5,94.5,1.0,0.8981357293864738,0.8984173292646176,2,191,allocation 1:1
1:1,True,0.8791479059745941,model TTL,46,102.5,101.5,1.0,0.8986351477005978,0.8988492797412087,2,205,allocation 1:1
1:1,True,0.8791479059745941,model TTL,51,104.5,104.5,0.0,0.8990023629909567,0.8990023629909567,0,209,allocation 1:1
1:1,True,0.8791479059745941,model TTL,53,99.0,97.5,1.5,0.8986079985492701,0.8989618017846531,3,198,allocation 1:1
1:1,True,0.8791479059745941,model TTL,54,99.0,98.5,0.5,0.8981558832170804,0.8982554550702679,1,198,allocation 1:1
1:1,True,0.8791479059745941,model TTL,55,86.5,86.0,0.5,0.8993907536607223,0.8995164061480867,1,173,allocation 1:1
1:1,True,0.8791479059745941,model TTL,63,86.5,86.0,0.5,0.8989518704146093,0.8991157278674602,1,173,allocation 1:1
1:1,True,0.8791479059745941,model TTL,56,89.0,88.5,0.5,0.898570547590854,0.8986923472351237,1,178,allocation 1:1
1:1,True,0.8791479059745941,model TTL,59,92.5,91.5,1.0,0.8986210235361255,0.8989005267178528,2,185,allocation 1:1
1:1,True,0.8791479059745941,model TTL,58,88.5,85.5,3.0,0.8982905016605015,0.8992000137107656,6,177,allocation 1:1
1:1,True,0.8791479059745941,model TTL,57,88.0,87.0,1.0,0.8993844310942936,0.899670527464155,2,176,allocation 1:1
1:1,True,0.8791479059745941,model TTL,61,92.0,91.5,0.5,0.9001578095114063,0.9003078389651032,1,184,allocation 1:1
1:1,True,0.8791479059745941,model TTL,60,87.5,86.5,1.0,0.8981217336343954,0.8983580698412288,2,175,allocation 1:1
1:1,True,0.8791479059745941,model TTL,62,88.0,85.5,2.5,0.898416259688974,0.8990628320345755,5,176,allocation 1:1
1:1,True,0.8791479059745941,model TTL,65,94.5,94.0,0.5,0.898391758198603,0.8985230245946911,1,189,allocation 1:1
1:1,True,0.8791479059745941,model TTL,66,84.5,82.5,2.0,0.8998118480853674,0.9003866173565318,4,169,allocation 1:1
1:1,True,0.8791479059745941,model TTL,64,98.5,98.0,0.5,0.8987889195263902,0.8988961300300032,1,197,allocation 1:1
1:1,True,0.8791479059745941,model TTL,87,95.0,94.5,0.5,0.8990302191463557,0.8991360765995978,1,190,allocation 1:1
1:1,True,0.8791479059745941,model TTL,67,92.5,92.0,0.5,0.8988489318963556,0.898982013578495,1,185,allocation 1:1
1:1,True,0.8791479059745941,model TTL,68,96.0,94.5,1.5,0.898207530331683,0.8986054843649466,3,192,allocation 1:1
1:1,True,0.8791479059745941,model TTL,69,82.0,81.0,1.0,0.8979065420932751,0.8981681054033325,2,164,allocation 1:1
1:1,True,0.8791479059745941,model TTL,76,84.0,83.0,1.0,0.8984193769979196,0.8986590505701794,2,168,allocation 1:1
1:1,True,0.8791479059745941,model TTL,71,95.5,94.5,1.0,0.8992005251792368,0.8994379435894033,2,191,allocation 1:1
1:1,True,0.8791479059745941,model TTL,74,80.5,78.5,2.0,0.8981546463192164,0.898727720108577,4,161,allocation 1:1
1:1,True,0.8791479059745941,model TTL,72,87.5,87.5,0.0,0.8992211895829042,0.8992211895829042,0,175,allocation 1:1
1:1,True,0.8791479059745941,model TTL,80,98.0,97.5,0.5,0.8987799024729112,0.8989232579452205,1,196,allocation 1:1
1:1,True,0.8791479059745941,model TTL,70,91.5,90.5,1.0,0.8998742984101331,0.9001100339932381,2,183,allocation 1:1
1:1,True,0.8791479059745941,model TTL,81,80.5,78.5,2.0,0.8983395184204802,0.8989073999054,4,161,allocation 1:1
1:1,True,0.8791479059745941,model TTL,79,94.0,93.0,1.0,0.8987791019734557,0.8990273864424562,2,188,allocation 1:1
1:1,True,0.8791479059745941,model TTL,82,88.5,88.5,0.0,0.8995657976244262,0.8995657976244262,0,177,allocation 1:1
1:1,True,0.8791479059745941,model TTL,78,99.0,98.0,1.0,0.8984405306511976,0.898646040668486,2,198,allocation 1:1
1:1,True,0.8791479059745941,model TTL,75,88.0,86.5,1.5,0.8987791583977762,0.8991717408876096,3,176,allocation 1:1
1:1,True,0.8791479059745941,model TTL,73,97.5,96.5,1.0,0.8983889895084725,0.8986217177224056,2,195,allocation 1:1
1:1,True,0.8791479059745941,model TTL,77,94.0,94.0,0.0,0.8988173924989271,0.8988173924989271,0,188,allocation 1:1
1:1,True,0.8791479059745941,model TTL,83,92.5,91.5,1.0,0.8980767692063798,0.898315780804681,2,185,allocation 1:1
1:1,True,0.8791479059745941,model TTL,84,86.0,85.5,0.5,0.897592840345018,0.8977252358074089,1,172,allocation 1:1
1:1,True,0.8791479059745941,model TTL,86,82.5,82.0,0.5,0.8984629916100425,0.8986154434222047,1,165,allocation 1:1
1:1,True,0.8791479059745941,model TTL,85,90.5,89.5,1.0,0.8979704737184827,0.8981994260315859,2,181,allocation 1:1
1:1,True,0.8791479059745941,model TTL,88,93.0,93.0,0.0,0.8988397756794081,0.8988397756794081,0,186,allocation 1:1
1:1,True,0.8791479059745941,model TTL,91,82.0,82.0,0.0,0.9002243636865875,0.9002243636865875,0,164,allocation 1:1
1:1,True,0.8791479059745941,model TTL,89,102.5,101.0,1.5,0.8968953995224973,0.8972376727387628,3,205,allocation 1:1
1:1,True,0.8791479059745941,model TTL,92,88.5,88.5,0.0,0.8981654595959752,0.8981654595959752,0,177,allocation 1:1
1:1,True,0.8791479059745941,model TTL,90,98.0,97.0,1.0,0.8988707433507681,0.8991209685090474,2,196,allocation 1:1
1:1,True,0.8791479059745941,model TTL,94,79.5,77.0,2.5,0.898071732343499,0.8988116787531693,5,159,allocation 1:1
1:1,True,0.8791479059745941,model TTL,93,105.0,104.0,1.0,0.8992025880229274,0.899446558828608,2,210,allocation 1:1
1:1,True,0.8791479059745941,model TTL,97,84.5,84.0,0.5,0.898642630888634,0.8987767531589929,1,169,allocation 1:1
1:1,True,0.8791479059745941,model TTL,95,105.5,102.0,3.5,0.897888664758949,0.8986892846486271,7,211,allocation 1:1
1:1,True,0.8791479059745941,model TTL,98,95.5,94.5,1.0,0.8985044926452832,0.8988019924000724,2,191,allocation 1:1
1:1,True,0.8791479059745941,model TTL,96,91.5,89.5,2.0,0.8979598603319416,0.8984345660819838,4,183,allocation 1:1
1:1,True,0.8791479059745941,model TTL,99,98.0,97.5,0.5,0.8980092853281221,0.8981360396949093,1,196,allocation 1:1
3:3,False,0.75,no TTL,7,112.5,97.5,15.0,0.8283233492036903,0.8502887168152621,30,225,allocation 3:3 | no multiplexing
3:3,False,0.75,no TTL,30,100.5,80.0,20.5,0.8169315631055951,0.85068403517375,41,201,allocation 3:3 | no multiplexing
3:3,False,0.75,no TTL,5,97.0,74.5,22.5,0.8134938483708116,0.8467280827327673,45,194,allocation 3:3 | no multiplexing
3:3,False,0.75,no TTL,8,103.5,85.0,18.5,0.818665574851629,0.8511494173883188,37,207,allocation 3:3 | no multiplexing
3:3,False,0.75,no TTL,0,104.5,83.0,21.5,0.8101359049300112,0.8449316461398546,43,209,allocation 3:3 | no multiplexing
3:3,False,0.75,no TTL,4,109.0,88.5,20.5,0.8160618681415681,0.8476946183173208,41,218,allocation 3:3 | no multiplexing
3:3,False,0.75,no TTL,12,106.0,88.0,18.0,0.8149318404883253,0.8468720446075374,36,212,allocation 3:3 | no multiplexing
3:3,False,0.75,no TTL,14,109.5,90.5,19.0,0.8246047193093161,0.8541010792962912,38,219,allocation 3:3 | no multiplexing
3:3,False,0.75,no TTL,9,110.5,91.5,19.0,0.8257398013560884,0.8552079807233104,38,221,allocation 3:3 | no multiplexing
3:3,False,0.75,no TTL,27,108.5,88.5,20.0,0.8202374261939934,0.8510379572851198,40,217,allocation 3:3 | no multiplexing
3:3,False,0.75,no TTL,21,105.5,88.0,17.5,0.8219633825305839,0.8529093265196631,35,211,allocation 3:3 | no multiplexing
3:3,False,0.75,no TTL,15,123.5,105.0,18.5,0.8332954759740809,0.8607343556434006,37,247,allocation 3:3 | no multiplexing
3:3,False,0.75,no TTL,13,118.0,100.0,18.0,0.8252382858878831,0.8522565294354534,36,236,allocation 3:3 | no multiplexing
3:3,False,0.75,no TTL,1,108.5,94.0,14.5,0.8313012014345614,0.8557714112892405,29,217,allocation 3:3 | no multiplexing
3:3,False,0.75,no TTL,20,108.0,92.5,15.5,0.8210324803708685,0.8467468698087968,31,216,allocation 3:3 | no multiplexing
3:3,False,0.75,no TTL,22,105.0,92.5,12.5,0.8324843128928305,0.8531191365705462,25,210,allocation 3:3 | no multiplexing
3:3,False,0.75,no TTL,18,107.5,85.0,22.5,0.8161873621129095,0.8511335972262739,45,215,allocation 3:3 | no multiplexing
3:3,False,0.75,no TTL,23,116.0,98.0,18.0,0.8227666350382293,0.8484979001828664,36,232,allocation 3:3 | no multiplexing
3:3,False,0.75,no TTL,26,109.0,88.5,20.5,0.8206095370476754,0.8548883896894579,41,218,allocation 3:3 | no multiplexing
3:3,False,0.75,no TTL,3,109.5,88.5,21.0,0.8220600943607748,0.8549277318232079,42,219,allocation 3:3 | no multiplexing
3:3,False,0.75,no TTL,6,111.5,98.0,13.5,0.8308708072301997,0.85068346870737,27,223,allocation 3:3 | no multiplexing
3:3,False,0.75,no TTL,25,106.0,91.5,14.5,0.8275960333809539,0.8535762703497007,29,212,allocation 3:3 | no multiplexing
3:3,False,0.75,no TTL,16,118.5,98.0,20.5,0.829250664418201,0.8554459291969024,41,237,allocation 3:3 | no multiplexing
3:3,False,0.75,no TTL,11,117.5,99.5,18.0,0.8215353987779941,0.8463050237098837,36,235,allocation 3:3 | no multiplexing
3:3,False,0.75,no TTL,2,106.5,89.0,17.5,0.8273356352729867,0.8566308555860297,35,213,allocation 3:3 | no multiplexing
3:3,False,0.75,no TTL,10,117.5,102.5,15.0,0.8335981507360524,0.8527623176952392,30,235,allocation 3:3 | no multiplexing
3:3,False,0.75,no TTL,17,113.5,95.0,18.5,0.8226827264974677,0.8508636922810197,37,227,allocation 3:3 | no multiplexing
3:3,False,0.75,no TTL,28,110.0,97.0,13.0,0.832729341451044,0.85190968152378,26,220,allocation 3:3 | no multiplexing
3:3,False,0.75,no TTL,29,123.5,106.5,17.0,0.8279319111882388,0.8518817344508229,34,247,allocation 3:3 | no multiplexing
3:3,False,0.75,no TTL,19,120.0,99.5,20.5,0.8238860210364308,0.851217430753895,41,240,allocation 3:3 | no multiplexing
3:3,False,0.75,no TTL,24,127.5,106.0,21.5,0.8250784176411226,0.8542805029494329,43,255,allocation 3:3 | no multiplexing
3:3,False,0.75,no TTL,31,113.0,94.0,19.0,0.8254691772863243,0.8537322649205572,38,226,allocation 3:3 | no multiplexing
3:3,False,0.75,no TTL,36,98.5,76.0,22.5,0.8132168344341277,0.8541721504215442,45,197,allocation 3:3 | no multiplexing
3:3,False,0.75,no TTL,32,105.5,88.5,17.0,0.8231283915144583,0.8512456189250431,34,211,allocation 3:3 | no multiplexing
3:3,False,0.75,no TTL,33,110.5,89.0,21.5,0.821976454568733,0.8553339776353923,43,221,allocation 3:3 | no multiplexing
3:3,False,0.75,no TTL,35,105.0,83.5,21.5,0.8172179275975342,0.8500008109388212,43,210,allocation 3:3 | no multiplexing
3:3,False,0.75,no TTL,43,104.0,83.0,21.0,0.8092448333747115,0.8435697901143524,42,208,allocation 3:3 | no multiplexing
3:3,False,0.75,no TTL,56,96.0,74.5,21.5,0.8072046789609325,0.8426889180677566,43,192,allocation 3:3 | no multiplexing
3:3,False,0.75,no TTL,41,100.0,84.5,15.5,0.8226998658159761,0.849517897156138,31,200,allocation 3:3 | no multiplexing
3:3,False,0.75,no TTL,37,113.0,93.5,19.5,0.8200994775813971,0.8477435636078626,39,226,allocation 3:3 | no multiplexing
3:3,False,0.75,no TTL,45,109.5,91.5,18.0,0.8233889719013423,0.849343927153498,36,219,allocation 3:3 | no multiplexing
3:3,False,0.75,no TTL,34,118.5,104.5,14.0,0.8328159863875404,0.851092060892166,28,237,allocation 3:3 | no multiplexing
3:3,False,0.75,no TTL,40,102.5,86.5,16.0,0.8234359740286172,0.8501852165502221,32,205,allocation 3:3 | no multiplexing
3:3,False,0.75,no TTL,48,113.5,90.5,23.0,0.8199118546599066,0.8539794905215514,46,227,allocation 3:3 | no multiplexing
3:3,False,0.75,no TTL,42,121.0,96.0,25.0,0.8218912150940778,0.8544829041861911,50,242,allocation 3:3 | no multiplexing
3:3,False,0.75,no TTL,49,111.5,91.0,20.5,0.8196719099883587,0.8514196339564468,41,223,allocation 3:3 | no multiplexing
3:3,False,0.75,no TTL,38,110.5,93.0,17.5,0.8283013176080807,0.8540922815256193,35,221,allocation 3:3 | no multiplexing
3:3,False,0.75,no TTL,54,102.0,88.0,14.0,0.8250077640079772,0.847204660215147,28,204,allocation 3:3 | no multiplexing
3:3,False,0.75,no TTL,44,115.0,100.5,14.5,0.8245186607755092,0.8446780459191691,29,230,allocation 3:3 | no multiplexing
3:3,False,0.75,no TTL,58,126.5,108.0,18.5,0.8283058805254773,0.8526198239797766,37,253,allocation 3:3 | no multiplexing
3:3,False,0.75,no TTL,46,107.0,94.0,13.0,0.8292367269271836,0.8513929462884321,26,214,allocation 3:3 | no multiplexing
3:3,False,0.75,no TTL,39,123.0,109.0,14.0,0.8334207945489274,0.8494872791820279,28,246,allocation 3:3 | no multiplexing
3:3,False,0.75,no TTL,55,118.0,99.0,19.0,0.8275341378552277,0.8520109539669669,38,236,allocation 3:3 | no multiplexing
3:3,False,0.75,no TTL,51,116.5,101.0,15.5,0.8253160183266325,0.8466882562686016,31,233,allocation 3:3 | no multiplexing
3:3,False,0.75,no TTL,57,102.5,86.5,16.0,0.8273236437700882,0.8513576076772132,32,205,allocation 3:3 | no multiplexing
3:3,False,0.75,no TTL,50,111.0,98.0,13.0,0.8294115399304705,0.8501706510387876,26,222,allocation 3:3 | no multiplexing
3:3,False,0.75,no TTL,52,103.0,86.0,17.0,0.8302517589676239,0.8583679347739989,34,206,allocation 3:3 | no multiplexing
3:3,False,0.75,no TTL,47,125.5,106.5,19.0,0.8283159855562963,0.8541063135615938,38,251,allocation 3:3 | no multiplexing
3:3,False,0.75,no TTL,53,123.0,106.0,17.0,0.8283272182499993,0.8510497897525067,34,246,allocation 3:3 | no multiplexing
3:3,False,0.75,no TTL,59,119.5,102.0,17.5,0.8297195186266443,0.8565025321628592,35,239,allocation 3:3 | no multiplexing
3:3,False,0.75,no TTL,60,113.0,95.0,18.0,0.8219963492405122,0.8476026109301154,36,226,allocation 3:3 | no multiplexing
3:3,False,0.75,no TTL,61,123.5,103.0,20.5,0.8248346510718589,0.8536275814212395,41,247,allocation 3:3 | no multiplexing
3:3,False,0.75,no TTL,63,121.0,98.0,23.0,0.8222800080448753,0.8538270179704689,46,242,allocation 3:3 | no multiplexing
3:3,False,0.75,no TTL,62,118.5,100.0,18.5,0.829658733111186,0.8547782830948444,37,237,allocation 3:3 | no multiplexing
3:3,False,0.75,no TTL,64,118.0,98.0,20.0,0.824452607600893,0.8544361121562902,40,236,allocation 3:3 | no multiplexing
3:3,False,0.75,no TTL,93,105.0,82.5,22.5,0.8183044329251769,0.853787647123194,45,210,allocation 3:3 | no multiplexing
3:3,False,0.75,no TTL,66,123.5,107.0,16.5,0.8310414349713329,0.8528408752928804,33,247,allocation 3:3 | no multiplexing
3:3,False,0.75,no TTL,67,115.5,94.0,21.5,0.8211586951112905,0.8524300949114418,43,231,allocation 3:3 | no multiplexing
3:3,False,0.75,no TTL,65,126.5,110.5,16.0,0.8326844778092864,0.8535078002728456,32,253,allocation 3:3 | no multiplexing
3:3,False,0.75,no TTL,70,103.0,85.5,17.5,0.8223624264077368,0.8518677003909455,35,206,allocation 3:3 | no multiplexing
3:3,False,0.75,no TTL,77,113.0,91.5,21.5,0.8233530872000379,0.8547610127595512,43,226,allocation 3:3 | no multiplexing
3:3,False,0.75,no TTL,76,119.0,97.5,21.5,0.8234796282559255,0.8544425911356844,43,238,allocation 3:3 | no multiplexing
3:3,False,0.75,no TTL,73,115.5,98.0,17.5,0.8235068464484641,0.8479394812599164,35,231,allocation 3:3 | no multiplexing
3:3,False,0.75,no TTL,74,114.5,97.5,17.0,0.8261767966181414,0.8531001131785435,34,229,allocation 3:3 | no multiplexing
3:3,False,0.75,no TTL,78,121.5,101.5,20.0,0.824409091231905,0.8502592967712775,40,243,allocation 3:3 | no multiplexing
3:3,False,0.75,no TTL,72,123.5,104.0,19.5,0.8299072196740662,0.8551122214001103,39,247,allocation 3:3 | no multiplexing
3:3,False,0.75,no TTL,75,113.0,95.5,17.5,0.824051400125131,0.8508209877312859,35,226,allocation 3:3 | no multiplexing
3:3,False,0.75,no TTL,84,103.5,87.5,16.0,0.8227736069828957,0.8478226138812882,32,207,allocation 3:3 | no multiplexing
3:3,False,0.75,no TTL,68,114.5,97.5,17.0,0.8296261058607036,0.8526965076457008,34,229,allocation 3:3 | no multiplexing
3:3,False,0.75,no TTL,82,97.5,77.5,20.0,0.8134488026725278,0.8494548338235687,40,195,allocation 3:3 | no multiplexing
3:3,False,0.75,no TTL,80,109.5,94.5,15.0,0.8219798485085104,0.8461013354183097,30,219,allocation 3:3 | no multiplexing
3:3,False,0.75,no TTL,69,116.5,101.0,15.5,0.8305648826476417,0.8545156510230644,31,233,allocation 3:3 | no multiplexing
3:3,False,0.75,no TTL,71,113.5,98.5,15.0,0.8301329223712703,0.8526135680437376,30,227,allocation 3:3 | no multiplexing
3:3,False,0.75,no TTL,86,116.0,97.5,18.5,0.8208781790175397,0.8500540773516422,37,232,allocation 3:3 | no multiplexing
3:3,False,0.75,no TTL,88,114.0,93.5,20.5,0.8251168748009958,0.8547768064168698,41,228,allocation 3:3 | no multiplexing
3:3,False,0.75,no TTL,85,109.5,88.5,21.0,0.8162299842944679,0.8493928837131143,42,219,allocation 3:3 | no multiplexing
3:3,False,0.75,no TTL,83,112.5,98.0,14.5,0.8294456161605003,0.8509265043600776,29,225,allocation 3:3 | no multiplexing
3:3,False,0.75,no TTL,89,110.5,90.5,20.0,0.8223083493528218,0.8549466198919597,40,221,allocation 3:3 | no multiplexing
3:3,False,0.75,no TTL,81,113.0,99.0,14.0,0.832632115803054,0.8533280627177825,28,226,allocation 3:3 | no multiplexing
3:3,False,0.75,no TTL,87,109.5,91.5,18.0,0.8251684504701656,0.8545886213087257,36,219,allocation 3:3 | no multiplexing
3:3,False,0.75,no TTL,79,134.5,118.5,16.0,0.8368524127622227,0.8552267298005328,32,269,allocation 3:3 | no multiplexing
3:3,False,0.75,no TTL,90,116.0,99.5,16.5,0.8301242861127638,0.8533620905770047,33,232,allocation 3:3 | no multiplexing
3:3,False,0.75,no TTL,91,114.5,92.0,22.5,0.8187931279173805,0.8512872999496405,45,229,allocation 3:3 | no multiplexing
3:3,False,0.75,no TTL,92,113.5,94.5,19.0,0.8256339303097175,0.8571258564727795,38,227,allocation 3:3 | no multiplexing
3:3,False,0.75,no TTL,94,121.0,97.0,24.0,0.8217034103460507,0.8554564335327913,48,242,allocation 3:3 | no multiplexing
3:3,False,0.75,no TTL,96,118.5,97.5,21.0,0.8205801144761298,0.8536740231085016,42,237,allocation 3:3 | no multiplexing
3:3,False,0.75,no TTL,95,116.5,98.0,18.5,0.8294787916352916,0.8534727574202191,37,233,allocation 3:3 | no multiplexing
3:3,False,0.75,no TTL,98,90.5,73.0,17.5,0.8177830880465841,0.8513481344357723,35,181,allocation 3:3 | no multiplexing
3:3,False,0.75,no TTL,97,110.0,92.5,17.5,0.823643224173498,0.8509038358731623,35,220,allocation 3:3 | no multiplexing
3:3,False,0.75,no TTL,99,105.0,91.0,14.0,0.8258787583738475,0.8451887066510112,28,210,allocation 3:3 | no multiplexing
3:3,False,0.75,model TTL,9,98.5,95.0,3.5,0.8518877348257935,0.8560574586853505,7,197,allocation 3:3 | no multiplexing
3:3,False,0.75,model TTL,6,118.0,110.5,7.5,0.8432389523876048,0.8503577771278689,15,236,allocation 3:3 | no multiplexing
3:3,False,0.75,model TTL,17,119.0,114.5,4.5,0.8465851779699225,0.8507105458322232,9,238,allocation 3:3 | no multiplexing
3:3,False,0.75,model TTL,3,98.5,91.5,7.0,0.8413222418036009,0.8489262279403063,14,197,allocation 3:3 | no multiplexing
3:3,False,0.75,model TTL,13,107.0,99.0,8.0,0.8413599020143654,0.8495540795284132,16,214,allocation 3:3 | no multiplexing
3:3,False,0.75,model TTL,8,114.0,108.5,5.5,0.8453574655704297,0.8506359640643887,11,228,allocation 3:3 | no multiplexing
3:3,False,0.75,model TTL,0,129.5,123.5,6.0,0.8492028601368785,0.8544908967580785,12,259,allocation 3:3 | no multiplexing
3:3,False,0.75,model TTL,12,112.5,108.5,4.0,0.8497570181311204,0.8536779076308213,8,225,allocation 3:3 | no multiplexing
3:3,False,0.75,model TTL,7,105.0,100.5,4.5,0.8476179755796133,0.852562150259928,9,210,allocation 3:3 | no multiplexing
3:3,False,0.75,model TTL,1,131.0,125.0,6.0,0.8488947279089283,0.8541102450174142,12,262,allocation 3:3 | no multiplexing
3:3,False,0.75,model TTL,4,113.0,108.5,4.5,0.8459802807041772,0.8503565918360142,9,226,allocation 3:3 | no multiplexing
3:3,False,0.75,model TTL,2,111.0,105.0,6.0,0.8460186950492615,0.8520361466090773,12,222,allocation 3:3 | no multiplexing
3:3,False,0.75,model TTL,10,109.0,103.5,5.5,0.8464281789731503,0.852067225861505,11,218,allocation 3:3 | no multiplexing
3:3,False,0.75,model TTL,19,111.5,106.0,5.5,0.8459945151482535,0.851571396887299,11,223,allocation 3:3 | no multiplexing
3:3,False,0.75,model TTL,18,113.5,106.0,7.5,0.8431955588417712,0.8507966557950195,15,227,allocation 3:3 | no multiplexing
3:3,False,0.75,model TTL,5,114.0,108.5,5.5,0.8450903991195576,0.8504089193883821,11,228,allocation 3:3 | no multiplexing
3:3,False,0.75,model TTL,14,112.0,108.0,4.0,0.8485765104881235,0.8526874445990023,8,224,allocation 3:3 | no multiplexing
3:3,False,0.75,model TTL,15,106.0,99.5,6.5,0.8467467441966234,0.853765833531085,13,212,allocation 3:3 | no multiplexing
3:3,False,0.75,model TTL,11,118.0,114.5,3.5,0.8495705060410363,0.8529416006706738,7,236,allocation 3:3 | no multiplexing
3:3,False,0.75,model TTL,16,115.0,112.5,2.5,0.8500538937631051,0.8524645624210827,5,230,allocation 3:3 | no multiplexing
3:3,False,0.75,model TTL,20,113.0,107.0,6.0,0.845060216445788,0.851069246302914,12,226,allocation 3:3 | no multiplexing
3:3,False,0.75,model TTL,21,126.5,121.5,5.0,0.8485070696561793,0.8530479658908143,10,253,allocation 3:3 | no multiplexing
3:3,False,0.75,model TTL,22,114.0,110.0,4.0,0.8508021554192048,0.8548555229529543,8,228,allocation 3:3 | no multiplexing
3:3,False,0.75,model TTL,23,110.0,105.5,4.5,0.8455461061100094,0.8499976483410216,9,220,allocation 3:3 | no multiplexing
3:3,False,0.75,model TTL,24,112.5,107.5,5.0,0.846227131060918,0.8510742039492682,10,225,allocation 3:3 | no multiplexing
3:3,False,0.75,model TTL,25,116.5,112.0,4.5,0.8476620809111609,0.8520148662999709,9,233,allocation 3:3 | no multiplexing
3:3,False,0.75,model TTL,27,94.0,90.0,4.0,0.8435207638295107,0.8479504581849273,8,188,allocation 3:3 | no multiplexing
3:3,False,0.75,model TTL,30,100.5,97.0,3.5,0.8492783108170893,0.853178557626574,7,201,allocation 3:3 | no multiplexing
3:3,False,0.75,model TTL,26,117.5,113.0,4.5,0.8472968957770352,0.8516031347536838,9,235,allocation 3:3 | no multiplexing
3:3,False,0.75,model TTL,31,106.0,102.5,3.5,0.8466743039764337,0.8502822503483075,7,212,allocation 3:3 | no multiplexing
3:3,False,0.75,model TTL,33,107.5,102.0,5.5,0.8471473721888472,0.852755967855692,11,215,allocation 3:3 | no multiplexing
3:3,False,0.75,model TTL,29,114.0,107.0,7.0,0.844295790168781,0.8511036844566463,14,228,allocation 3:3 | no multiplexing
3:3,False,0.75,model TTL,28,115.0,110.5,4.5,0.8523596156713287,0.8568854629252517,9,230,allocation 3:3 | no multiplexing
3:3,False,0.75,model TTL,32,111.5,110.0,1.5,0.8507095871979597,0.8521780942954816,3,223,allocation 3:3 | no multiplexing
3:3,False,0.75,model TTL,35,101.0,98.0,3.0,0.8511311902728128,0.8545043832594269,6,202,allocation 3:3 | no multiplexing
3:3,False,0.75,model TTL,34,110.5,107.0,3.5,0.8493787379257469,0.8529602107434295,7,221,allocation 3:3 | no multiplexing
3:3,False,0.75,model TTL,39,109.0,105.0,4.0,0.84592656139739,0.8500383256806125,8,218,allocation 3:3 | no multiplexing
3:3,False,0.75,model TTL,36,110.5,106.0,4.5,0.8484709718193162,0.8530802204645708,9,221,allocation 3:3 | no multiplexing
3:3,False,0.75,model TTL,38,102.5,96.5,6.0,0.8437783320181819,0.8499367770678699,12,205,allocation 3:3 | no multiplexing
3:3,False,0.75,model TTL,37,116.0,113.5,2.5,0.8467618757040899,0.849087820152085,5,232,allocation 3:3 | no multiplexing
3:3,False,0.75,model TTL,44,107.0,103.5,3.5,0.8447165661747904,0.8482020295531444,7,214,allocation 3:3 | no multiplexing
3:3,False,0.75,model TTL,45,113.0,108.5,4.5,0.8407031613884504,0.8449005397689708,9,226,allocation 3:3 | no multiplexing
3:3,False,0.75,model TTL,43,107.0,102.5,4.5,0.8475833360962851,0.8522157821239664,9,214,allocation 3:3 | no multiplexing
3:3,False,0.75,model TTL,40,111.0,108.0,3.0,0.8492335079552731,0.8524589286996498,6,222,allocation 3:3 | no multiplexing
3:3,False,0.75,model TTL,41,114.0,110.5,3.5,0.8440337859210407,0.8473901823437916,7,228,allocation 3:3 | no multiplexing
3:3,False,0.75,model TTL,42,118.0,114.5,3.5,0.8487751607127296,0.852158551863922,7,236,allocation 3:3 | no multiplexing
3:3,False,0.75,model TTL,47,111.5,105.0,6.5,0.848543321006799,0.8553768541312171,13,223,allocation 3:3 | no multiplexing
3:3,False,0.75,model TTL,46,114.0,111.5,2.5,0.8520994509492311,0.8546539601888206,5,228,allocation 3:3 | no multiplexing
3:3,False,0.75,model TTL,48,105.0,100.5,4.5,0.8455341774646484,0.8501060849599387,9,210,allocation 3:3 | no multiplexing
3:3,False,0.75,model TTL,51,113.0,108.5,4.5,0.8475573215616046,0.851936623406515,9,226,allocation 3:3 | no multiplexing
3:3,False,0.75,model TTL,49,114.5,108.0,6.5,0.8444019096028724,0.8507094270653902,13,229,allocation 3:3 | no multiplexing
3:3,False,0.75,model TTL,52,104.0,102.0,2.0,0.8435151697189277,0.8454893265046021,4,208,allocation 3:3 | no multiplexing
3:3,False,0.75,model TTL,50,112.0,109.0,3.0,0.8517862102684305,0.854881342938002,6,224,allocation 3:3 | no multiplexing
3:3,False,0.75,model TTL,53,121.0,118.5,2.5,0.8504605644280611,0.8527649166106558,5,242,allocation 3:3 | no multiplexing
3:3,False,0.75,model TTL,54,106.5,102.0,4.5,0.8442824197435934,0.8489858607337595,9,213,allocation 3:3 | no multiplexing
3:3,False,0.75,model TTL,60,115.0,107.5,7.5,0.8433142316824874,0.8502273176723565,15,230,allocation 3:3 | no multiplexing
3:3,False,0.75,model TTL,55,113.5,107.0,6.5,0.8411260016343596,0.8472055769530356,13,227,allocation 3:3 | no multiplexing
3:3,False,0.75,model TTL,56,111.5,109.0,2.5,0.8468770629685246,0.8492762630607018,5,223,allocation 3:3 | no multiplexing
3:3,False,0.75,model TTL,58,111.0,107.5,3.5,0.8519213870047564,0.8555667487981943,7,222,allocation 3:3 | no multiplexing
3:3,False,0.75,model TTL,59,120.0,116.5,3.5,0.8463667198030167,0.8495290133031406,7,240,allocation 3:3 | no multiplexing
3:3,False,0.75,model TTL,57,118.5,116.5,2.0,0.8554857569684169,0.8574401799700655,4,237,allocation 3:3 | no multiplexing
3:3,False,0.75,model TTL,62,111.5,104.0,7.5,0.8416303221424978,0.8490392658666555,15,223,allocation 3:3 | no multiplexing
3:3,False,0.75,model TTL,61,123.0,117.0,6.0,0.8502492945182797,0.8558211504038631,12,246,allocation 3:3 | no multiplexing
3:3,False,0.75,model TTL,63,107.0,103.0,4.0,0.8466117176988714,0.8508537140503633,8,214,allocation 3:3 | no multiplexing
3:3,False,0.75,model TTL,64,118.5,111.5,7.0,0.8453546517811401,0.8518510822142907,14,237,allocation 3:3 | no multiplexing
3:3,False,0.75,model TTL,86,113.5,109.5,4.0,0.8493819573984414,0.8532857631689623,8,227,allocation 3:3 | no multiplexing
3:3,False,0.75,model TTL,68,108.0,105.0,3.0,0.8494594565962791,0.8526095711951152,6,216,allocation 3:3 | no multiplexing
3:3,False,0.75,model TTL,69,110.5,105.0,5.5,0.8491165972034965,0.8549596091299306,11,221,allocation 3:3 | no multiplexing
3:3,False,0.75,model TTL,71,110.5,107.5,3.0,0.8449677996725266,0.8479111980290731,6,221,allocation 3:3 | no multiplexing
3:3,False,0.75,model TTL,65,125.0,117.5,7.5,0.8472854725635947,0.854243750547125,15,250,allocation 3:3 | no multiplexing
3:3,False,0.75,model TTL,66,112.0,109.0,3.0,0.8520272998005847,0.8550889815465428,6,224,allocation 3:3 | no multiplexing
3:3,False,0.75,model TTL,67,111.0,106.5,4.5,0.8486167445070751,0.8531212183691999,9,222,allocation 3:3 | no multiplexing
3:3,False,0.75,model TTL,74,114.0,110.5,3.5,0.847159736267598,0.8504803144262716,7,228,allocation 3:3 | no multiplexing
3:3,False,0.75,model TTL,73,107.5,102.5,5.0,0.8454493633561659,0.8506083050346596,10,215,allocation 3:3 | no multiplexing
3:3,False,0.75,model TTL,78,123.5,120.0,3.5,0.8444250175483843,0.8474710750459449,7,247,allocation 3:3 | no multiplexing
3:3,False,0.75,model TTL,70,113.0,108.0,5.0,0.8505024586115515,0.855592960256755,10,226,allocation 3:3 | no multiplexing
3:3,False,0.75,model TTL,72,123.5,120.0,3.5,0.8488045766639891,0.8519335260761479,7,247,allocation 3:3 | no multiplexing
3:3,False,0.75,model TTL,79,110.5,105.5,5.0,0.8465482004070571,0.85158381599906,10,221,allocation 3:3 | no multiplexing
3:3,False,0.75,model TTL,76,124.5,117.0,7.5,0.8496835306017826,0.8566076693825021,15,249,allocation 3:3 | no multiplexing
3:3,False,0.75,model TTL,77,111.0,108.5,2.5,0.8523155573996702,0.8549342837966213,5,222,allocation 3:3 | no multiplexing
3:3,False,0.75,model TTL,82,111.0,104.0,7.0,0.8436213341195803,0.8506092404773472,14,222,allocation 3:3 | no multiplexing
3:3,False,0.75,model TTL,75,125.0,119.0,6.0,0.8513706727562641,0.8568922865688152,12,250,allocation 3:3 | no multiplexing
3:3,False,0.75,model TTL,80,111.0,108.0,3.0,0.8537356658230367,0.8569483645944073,6,222,allocation 3:3 | no multiplexing
3:3,False,0.75,model TTL,81,111.0,107.0,4.0,0.8473082720840445,0.8515350692855593,8,222,allocation 3:3 | no multiplexing
3:3,False,0.75,model TTL,83,121.5,117.0,4.5,0.8466749251825862,0.8508569917230139,9,243,allocation 3:3 | no multiplexing
3:3,False,0.75,model TTL,84,98.0,93.5,4.5,0.8461028086793553,0.8510910929307232,9,196,allocation 3:3 | no multiplexing
3:3,False,0.75,model TTL,85,117.0,110.5,6.5,0.8488166297501595,0.8553175125906,13,234,allocation 3:3 | no multiplexing
3:3,False,0.75,model TTL,88,121.0,116.0,5.0,0.8467647004797055,0.8514181334259445,10,242,allocation 3:3 | no multiplexing
3:3,False,0.75,model TTL,87,112.0,107.5,4.5,0.8466968597187565,0.8512144785573493,9,224,allocation 3:3 | no multiplexing
3:3,False,0.75,model TTL,89,109.5,105.5,4.0,0.8456516479185304,0.849670891762137,8,219,allocation 3:3 | no multiplexing
3:3,False,0.75,model TTL,90,111.5,108.5,3.0,0.8491602768438903,0.8521494598626286,6,223,allocation 3:3 | no multiplexing
3:3,False,0.75,model TTL,91,109.0,105.5,3.5,0.8465097556525467,0.8498937962858225,7,218,allocation 3:3 | no multiplexing
3:3,False,0.75,model TTL,92,123.0,119.0,4.0,0.8514615593549691,0.8551842997781478,8,246,allocation 3:3 | no multiplexing
3:3,False,0.75,model TTL,94,111.5,105.5,6.0,0.8437582422812179,0.8496125915429912,12,223,allocation 3:3 | no multiplexing
3:3,False,0.75,model TTL,96,117.5,113.0,4.5,0.8479242141220943,0.8521783766335985,9,235,allocation 3:3 | no multiplexing
3:3,False,0.75,model TTL,98,110.5,104.0,6.5,0.8468352404292638,0.8534277548427108,13,221,allocation 3:3 | no multiplexing
3:3,False,0.75,model TTL,93,128.0,123.0,5.0,0.8484975463114178,0.8529049764204334,10,256,allocation 3:3 | no multiplexing
3:3,False,0.75,model TTL,95,115.0,110.5,4.5,0.8506055017548343,0.8551012554058067,9,230,allocation 3:3 | no multiplexing
3:3,False,0.75,model TTL,97,112.0,106.5,5.5,0.8484263789373924,0.8540962138238374,11,224,allocation 3:3 | no multiplexing
3:3,False,0.75,model TTL,99,105.5,103.0,2.5,0.851377156199715,0.8540321706721566,5,211,allocation 3:3 | no multiplexing
3:3,False,0.7822869764936485,no TTL,23,116.0,85.0,31.0,0.8227666350382293,0.8611707596163299,62,232,allocation 3:3 | no multiplexing
3:3,False,0.7822869764936485,no TTL,5,97.0,65.5,31.5,0.8134938483708116,0.8579768685216462,63,194,allocation 3:3 | no multiplexing
3:3,False,0.7822869764936485,no TTL,0,104.5,72.0,32.5,0.8101359049300112,0.8566482913522668,65,209,allocation 3:3 | no multiplexing
3:3,False,0.7822869764936485,no TTL,8,103.5,79.0,24.5,0.818665574851629,0.8576131129582288,49,207,allocation 3:3 | no multiplexing
3:3,False,0.7822869764936485,no TTL,12,106.0,76.0,30.0,0.8149318404883253,0.8602740507203398,60,212,allocation 3:3 | no multiplexing
3:3,False,0.7822869764936485,no TTL,30,100.5,73.0,27.5,0.8169315631055951,0.8589161040630277,55,201,allocation 3:3 | no multiplexing
3:3,False,0.7822869764936485,no TTL,9,110.5,83.5,27.0,0.8257398013560884,0.8634246428372715,54,221,allocation 3:3 | no multiplexing
3:3,False,0.7822869764936485,no TTL,27,108.5,80.5,28.0,0.8202374261939934,0.8592769825851013,56,217,allocation 3:3 | no multiplexing
3:3,False,0.7822869764936485,no TTL,14,109.5,82.0,27.5,0.8246047193093161,0.8631019431905798,55,219,allocation 3:3 | no multiplexing
3:3,False,0.7822869764936485,no TTL,4,109.0,81.5,27.5,0.8160618681415681,0.8547451912069441,55,218,allocation 3:3 | no multiplexing
3:3,False,0.7822869764936485,no TTL,21,105.5,77.5,28.0,0.8219633825305839,0.8647165724957238,56,211,allocation 3:3 | no multiplexing
3:3,False,0.7822869764936485,no TTL,25,106.0,83.0,23.0,0.8275960333809539,0.8618290450528853,46,212,allocation 3:3 | no multiplexing
3:3,False,0.7822869764936485,no TTL,1,108.5,86.5,22.0,0.8313012014345614,0.8637577344390999,44,217,allocation 3:3 | no multiplexing
3:3,False,0.7822869764936485,no TTL,26,109.0,82.0,27.0,0.8206095370476754,0.861920134202508,54,218,allocation 3:3 | no multiplexing
3:3,False,0.7822869764936485,no TTL,18,107.5,75.5,32.0,0.8161873621129095,0.8619761964710023,64,215,allocation 3:3 | no multiplexing
3:3,False,0.7822869764936485,no TTL,20,108.0,80.5,27.5,0.8210324803708685,0.8587631580524531,55,216,allocation 3:3 | no multiplexing
3:3,False,0.7822869764936485,no TTL,22,105.0,86.0,19.0,0.8324843128928305,0.8596932588130719,38,210,allocation 3:3 | no multiplexing
3:3,False,0.7822869764936485,no TTL,13,118.0,93.0,25.0,0.8252382858878831,0.8585604842612947,50,236,allocation 3:3 | no multiplexing
3:3,False,0.7822869764936485,no TTL,19,120.0,86.5,33.5,0.8238860210364308,0.8635904047003412,67,240,allocation 3:3 | no multiplexing
3:3,False,0.7822869764936485,no TTL,6,111.5,86.0,25.5,0.8308708072301997,0.8623926785838312,51,223,allocation 3:3 | no multiplexing
3:3,False,0.7822869764936485,no TTL,7,112.5,90.0,22.5,0.8283233492036903,0.857684227705409,45,225,allocation 3:3 | no multiplexing
3:3,False,0.7822869764936485,no TTL,15,123.5,101.5,22.0,0.8332954759740809,0.8640706326226274,44,247,allocation 3:3 | no multiplexing
3:3,False,0.7822869764936485,no TTL,16,118.5,91.0,27.5,0.829250664418201,0.8623988160612327,55,237,allocation 3:3 | no multiplexing
3:3,False,0.7822869764936485,no TTL,11,117.5,87.0,30.5,0.8215353987779941,0.8576996344905883,61,235,allocation 3:3 | no multiplexing
3:3,False,0.7822869764936485,no TTL,2,106.5,82.5,24.0,0.8273356352729867,0.8635762360675476,48,213,allocation 3:3 | no multiplexing
3:3,False,0.7822869764936485,no TTL,29,123.5,96.5,27.0,0.8279319111882388,0.8607890436016401,54,247,allocation 3:3 | no multiplexing
3:3,False,0.7822869764936485,no TTL,10,117.5,93.0,24.5,0.8335981507360524,0.8616193052184883,49,235,allocation 3:3 | no multiplexing
3:3,False,0.7822869764936485,no TTL,24,127.5,99.5,28.0,0.8250784176411226,0.8599521913546951,56,255,allocation 3:3 | no multiplexing
3:3,False,0.7822869764936485,no TTL,28,110.0,86.0,24.0,0.832729341451044,0.8626632071577179,48,220,allocation 3:3 | no multiplexing
3:3,False,0.7822869764936485,no TTL,3,109.5,83.0,26.5,0.8220600943607748,0.8607861511033094,53,219,allocation 3:3 | no multiplexing
3:3,False,0.7822869764936485,no TTL,17,113.5,86.5,27.0,0.8226827264974677,0.8586394684865615,54,227,allocation 3:3 | no multiplexing
3:3,False,0.7822869764936485,no TTL,31,113.0,85.0,28.0,0.8254691772863243,0.8627382603620259,56,226,allocation 3:3 | no multiplexing
3:3,False,0.7822869764936485,no TTL,62,118.5,89.0,29.5,0.829658733111186,0.8652511061351377,59,237,allocation 3:3 | no multiplexing
3:3,False,0.7822869764936485,no TTL,33,110.5,81.5,29.0,0.821976454568733,0.863428873373478,58,221,allocation 3:3 | no multiplexing
3:3,False,0.7822869764936485,no TTL,36,98.5,69.5,29.0,0.8132168344341277,0.8624467018915284,58,197,allocation 3:3 | no multiplexing
3:3,False,0.7822869764936485,no TTL,32,105.5,81.0,24.5,0.8231283915144583,0.859190951203425,49,211,allocation 3:3 | no multiplexing
3:3,False,0.7822869764936485,no TTL,35,105.0,75.0,30.0,0.8172179275975342,0.8598283881566858,60,210,allocation 3:3 | no multiplexing
3:3,False,0.7822869764936485,no TTL,43,104.0,69.0,35.0,0.8092448333747115,0.858593938644987,70,208,allocation 3:3 | no multiplexing
3:3,False,0.7822869764936485,no TTL,41,100.0,76.5,23.5,0.8226998658159761,0.8583319908494148,47,200,allocation 3:3 | no multiplexing
3:3,False,0.7822869764936485,no TTL,34,118.5,90.5,28.0,0.8328159863875404,0.8641264321843508,56,237,allocation 3:3 | no multiplexing
3:3,False,0.7822869764936485,no TTL,45,109.5,82.0,27.5,0.8233889719013423,0.8592129762692167,55,219,allocation 3:3 | no multiplexing
3:3,False,0.7822869764936485,no TTL,56,96.0,67.5,28.5,0.8072046789609325,0.8503965185010691,57,192,allocation 3:3 | no multiplexing
3:3,False,0.7822869764936485,no TTL,48,113.5,83.0,30.5,0.8199118546599066,0.8614578478970821,61,227,allocation 3:3 | no multiplexing
3:3,False,0.7822869764936485,no TTL,37,113.0,84.5,28.5,0.8200994775813971,0.856193557736018,57,226,allocation 3:3 | no multiplexing
3:3,False,0.7822869764936485,no TTL,42,121.0,88.5,32.5,0.8218912150940778,0.8619787627044062,65,242,allocation 3:3 | no multiplexing
3:3,False,0.7822869764936485,no TTL,40,102.5,80.0,22.5,0.8234359740286172,0.8569688504328937,45,205,allocation 3:3 | no multiplexing
3:3,False,0.7822869764936485,no TTL,49,111.5,79.0,32.5,0.8196719099883587,0.8637332648636908,65,223,allocation 3:3 | no multiplexing
3:3,False,0.7822869764936485,no TTL,38,110.5,87.0,23.5,0.8283013176080807,0.8602368503094757,47,221,allocation 3:3 | no multiplexing
3:3,False,0.7822869764936485,no TTL,44,115.0,89.5,25.5,0.8245186607755092,0.8539108046799045,51,230,allocation 3:3 | no multiplexing
3:3,False,0.7822869764936485,no TTL,54,102.0,76.5,25.5,0.8250077640079772,0.8592613045100405,51,204,allocation 3:3 | no multiplexing
3:3,False,0.7822869764936485,no TTL,46,107.0,86.0,21.0,0.8292367269271836,0.8592422399296185,42,214,allocation 3:3 | no multiplexing
3:3,False,0.7822869764936485,no TTL,55,118.0,88.5,29.5,0.8275341378552277,0.8621715030547809,59,236,allocation 3:3 | no multiplexing
3:3,False,0.7822869764936485,no TTL,39,123.0,98.0,25.0,0.8334207945489274,0.8591911002069508,50,246,allocation 3:3 | no multiplexing
3:3,False,0.7822869764936485,no TTL,50,111.0,89.0,22.0,0.8294115399304705,0.8589054753902221,44,222,allocation 3:3 | no multiplexing
3:3,False,0.7822869764936485,no TTL,57,102.5,79.0,23.5,0.8273236437700882,0.8593481864358822,47,205,allocation 3:3 | no multiplexing
3:3,False,0.7822869764936485,no TTL,52,103.0,81.0,22.0,0.8302517589676239,0.863730460058129,44,206,allocation 3:3 | no multiplexing
3:3,False,0.7822869764936485,no TTL,51,116.5,89.0,27.5,0.8253160183266325,0.857570969113101,55,233,allocation 3:3 | no multiplexing
3:3,False,0.7822869764936485,no TTL,47,125.5,101.0,24.5,0.8283159855562963,0.8590218397766893,49,251,allocation 3:3 | no multiplexing
3:3,False,0.7822869764936485,no TTL,58,126.5,97.0,29.5,0.8283058805254773,0.8621893047117306,59,253,allocation 3:3 | no multiplexing
3:3,False,0.7822869764936485,no TTL,53,123.0,92.5,30.5,0.8283272182499993,0.8633536831518195,61,246,allocation 3:3 | no multiplexing
3:3,False,0.7822869764936485,no TTL,59,119.5,93.0,26.5,0.8297195186266443,0.8645052447881523,53,239,allocation 3:3 | no multiplexing
3:3,False,0.7822869764936485,no TTL,60,113.0,85.5,27.5,0.8219963492405122,0.8564557387211639,55,226,allocation 3:3 | no multiplexing
3:3,False,0.7822869764936485,no TTL,61,123.5,93.0,30.5,0.8248346510718589,0.8628473097771985,61,247,allocation 3:3 | no multiplexing
3:3,False,0.7822869764936485,no TTL,63,121.0,91.5,29.5,0.8222800080448753,0.8602592003361849,59,242,allocation 3:3 | no multiplexing
3:3,False,0.7822869764936485,no TTL,64,118.0,91.5,26.5,0.824452607600893,0.8607237802036438,53,236,allocation 3:3 | no multiplexing
3:3,False,0.7822869764936485,no TTL,67,115.5,81.5,34.0,0.8211586951112905,0.8652860004108329,68,231,allocation 3:3 | no multiplexing
3:3,False,0.7822869764936485,no TTL,72,123.5,96.0,27.5,0.8299072196740662,0.8619405639144028,55,247,allocation 3:3 | no multiplexing
3:3,False,0.7822869764936485,no TTL,66,123.5,98.0,25.5,0.8310414349713329,0.860776326401643,51,247,allocation 3:3 | no multiplexing
3:3,False,0.7822869764936485,no TTL,70,103.0,78.5,24.5,0.8223624264077368,0.8595233032128078,49,206,allocation 3:3 | no multiplexing
3:3,False,0.7822869764936485,no TTL,65,126.5,99.0,27.5,0.8326844778092864,0.8636547307991101,55,253,allocation 3:3 | no multiplexing
3:3,False,0.7822869764936485,no TTL,68,114.5,89.0,25.5,0.8296261058607036,0.8605478260177577,51,229,allocation 3:3 | no multiplexing
3:3,False,0.7822869764936485,no TTL,77,113.0,82.0,31.0,0.8233530872000379,0.8649650159165241,62,226,allocation 3:3 | no multiplexing
3:3,False,0.7822869764936485,no TTL,78,121.5,91.5,30.0,0.824409091231905,0.8592896275010985,60,243,allocation 3:3 | no multiplexing
3:3,False,0.7822869764936485,no TTL,76,119.0,89.0,30.0,0.8234796282559255,0.8627479773311372,60,238,allocation 3:3 | no multiplexing
3:3,False,0.7822869764936485,no TTL,74,114.5,90.5,24.0,0.8261767966181414,0.8596678960605086,48,229,allocation 3:3 | no multiplexing
3:3,False,0.7822869764936485,no TTL,73,115.5,86.5,29.0,0.8235068464484641,0.8588298413739544,58,231,allocation 3:3 | no multiplexing
3:3,False,0.7822869764936485,no TTL,75,113.0,85.5,27.5,0.824051400125131,0.8605856407349701,55,226,allocation 3:3 | no multiplexing
3:3,False,0.7822869764936485,no TTL,80,109.5,84.0,25.5,0.8219798485085104,0.8561462723710334,51,219,allocation 3:3 | no multiplexing
3:3,False,0.7822869764936485,no TTL,69,116.5,93.0,23.5,0.8305648826476417,0.8621722291424687,47,233,allocation 3:3 | no multiplexing
3:3,False,0.7822869764936485,no TTL,71,113.5,90.0,23.5,0.8301329223712703,0.8607017155534912,47,227,allocation 3:3 | no multiplexing
3:3,False,0.7822869764936485,no TTL,84,103.5,82.0,21.5,0.8227736069828957,0.853072454013402,43,207,allocation 3:3 | no multiplexing
3:3,False,0.7822869764936485,no TTL,82,97.5,71.5,26.0,0.8134488026725278,0.8563972895320346,52,195,allocation 3:3 | no multiplexing
3:3,False,0.7822869764936485,no TTL,88,114.0,86.0,28.0,0.8251168748009958,0.8623227993834756,56,228,allocation 3:3 | no multiplexing
3:3,False,0.7822869764936485,no TTL,86,116.0,88.0,28.0,0.8208781790175397,0.859127408824639,56,232,allocation 3:3 | no multiplexing
3:3,False,0.7822869764936485,no TTL,89,110.5,82.5,28.0,0.8223083493528218,0.863882805957592,56,221,allocation 3:3 | no multiplexing
3:3,False,0.7822869764936485,no TTL,85,109.5,80.0,29.5,0.8162299842944679,0.858284177628365,59,219,allocation 3:3 | no multiplexing
3:3,False,0.7822869764936485,no TTL,81,113.0,89.0,24.0,0.832632115803054,0.8629420486923166,48,226,allocation 3:3 | no multiplexing
3:3,False,0.7822869764936485,no TTL,83,112.5,88.0,24.5,0.8294456161605003,0.8602859660147664,49,225,allocation 3:3 | no multiplexing
3:3,False,0.7822869764936485,no TTL,87,109.5,83.5,26.0,0.8251684504701656,0.8630094557853422,52,219,allocation 3:3 | no multiplexing
3:3,False,0.7822869764936485,no TTL,79,134.5,108.0,26.5,0.8368524127622227,0.8636380993999807,53,269,allocation 3:3 | no multiplexing
3:3,False,0.7822869764936485,no TTL,91,114.5,84.0,30.5,0.8187931279173805,0.859567066134374,61,229,allocation 3:3 | no multiplexing
3:3,False,0.7822869764936485,no TTL,90,116.0,93.0,23.0,0.8301242861127638,0.8593743204620728,46,232,allocation 3:3 | no multiplexing
3:3,False,0.7822869764936485,no TTL,94,121.0,88.0,33.0,0.8217034103460507,0.8641776627316025,66,242,allocation 3:3 | no multiplexing
3:3,False,0.7822869764936485,no TTL,92,113.5,87.0,26.5,0.8256339303097175,0.8651253825393035,53,227,allocation 3:3 | no multiplexing
3:3,False,0.7822869764936485,no TTL,93,105.0,76.5,28.5,0.8183044329251769,0.8602541421349448,57,210,allocation 3:3 | no multiplexing
3:3,False,0.7822869764936485,model TTL,23,117.0,112.0,5.0,0.8542521792379618,0.8578176241005796,10,234,allocation 3:3 | no multiplexing
3:3,False,0.7822869764936485,no TTL,98,90.5,65.5,25.0,0.8177830880465841,0.8611574935669163,50,181,allocation 3:3 | no multiplexing
3:3,False,0.7822869764936485,no TTL,96,118.5,88.0,30.5,0.8205801144761298,0.8629449887080579,61,237,allocation 3:3 | no multiplexing
3:3,False,0.7822869764936485,no TTL,95,116.5,89.0,27.5,0.8294787916352916,0.8624163752211851,55,233,allocation 3:3 | no multiplexing
3:3,False,0.7822869764936485,no TTL,99,105.0,81.0,24.0,0.8258787583738475,0.8549698123692047,48,210,allocation 3:3 | no multiplexing
3:3,False,0.7822869764936485,no TTL,97,110.0,85.5,24.5,0.823643224173498,0.857652625327775,49,220,allocation 3:3 | no multiplexing
3:3,False,0.7822869764936485,model TTL,3,95.5,92.0,3.5,0.8568363093119123,0.8598180175885793,7,191,allocation 3:3 | no multiplexing
3:3,False,0.7822869764936485,model TTL,7,104.5,99.0,5.5,0.8555238543169211,0.8599936583267144,11,209,allocation 3:3 | no multiplexing
3:3,False,0.7822869764936485,model TTL,8,116.0,111.5,4.5,0.8562868687933451,0.8596010912682627,9,232,allocation 3:3 | no multiplexing
3:3,False,0.7822869764936485,model TTL,6,112.0,109.0,3.0,0.8558702435842095,0.8580836823796791,6,224,allocation 3:3 | no multiplexing
3:3,False,0.7822869764936485,model TTL,9,108.5,103.0,5.5,0.8521095027753309,0.8561904590653792,11,217,allocation 3:3 | no multiplexing
3:3,False,0.7822869764936485,model TTL,4,119.5,113.5,6.0,0.8582721393039631,0.8626103492224535,12,239,allocation 3:3 | no multiplexing
3:3,False,0.7822869764936485,model TTL,2,118.0,114.0,4.0,0.8556884156541436,0.8585126310100178,8,236,allocation 3:3 | no multiplexing
3:3,False,0.7822869764936485,model TTL,1,118.5,116.5,2.0,0.8619739870508083,0.8634484012814517,4,237,allocation 3:3 | no multiplexing
3:3,False,0.7822869764936485,model TTL,0,111.5,104.5,7.0,0.8577568556607773,0.8631503201630479,14,223,allocation 3:3 | no multiplexing
3:3,False,0.7822869764936485,model TTL,13,111.5,106.0,5.5,0.8533133206699196,0.8572021340476396,11,223,allocation 3:3 | no multiplexing
3:3,False,0.7822869764936485,model TTL,15,109.5,106.5,3.0,0.8556206935195879,0.857872683888961,6,219,allocation 3:3 | no multiplexing
3:3,False,0.7822869764936485,model TTL,12,101.5,98.0,3.5,0.862993725893855,0.8662025065901666,7,203,allocation 3:3 | no multiplexing
3:3,False,0.7822869764936485,model TTL,5,117.5,113.5,4.0,0.8631363249943509,0.8662100427988009,8,235,allocation 3:3 | no multiplexing
3:3,False,0.7822869764936485,model TTL,10,122.0,117.5,4.5,0.8613061983070128,0.8645976415944777,9,244,allocation 3:3 | no multiplexing
3:3,False,0.7822869764936485,model TTL,18,115.0,110.5,4.5,0.8586795822659405,0.8620707797269332,9,230,allocation 3:3 | no multiplexing
3:3,False,0.7822869764936485,model TTL,14,116.5,112.0,4.5,0.8558933757640672,0.8590982717562032,9,233,allocation 3:3 | no multiplexing
3:3,False,0.7822869764936485,model TTL,11,107.5,101.5,6.0,0.8537584422418059,0.8583922103978063,12,215,allocation 3:3 | no multiplexing
3:3,False,0.7822869764936485,model TTL,19,102.5,98.5,4.0,0.8597021925284534,0.8631401678619964,8,205,allocation 3:3 | no multiplexing
3:3,False,0.7822869764936485,model TTL,17,114.5,111.5,3.0,0.8599894031199283,0.8622355539444181,6,229,allocation 3:3 | no multiplexing
3:3,False,0.7822869764936485,model TTL,20,116.0,109.5,6.5,0.8567135439566936,0.8615274840302392,13,232,allocation 3:3 | no multiplexing
3:3,False,0.7822869764936485,model TTL,16,109.5,105.5,4.0,0.8579004329046844,0.8609915991014487,8,219,allocation 3:3 | no multiplexing
3:3,False,0.7822869764936485,model TTL,21,125.0,120.5,4.5,0.8596088817734688,0.8627853593857389,9,250,allocation 3:3 | no multiplexing
3:3,False,0.7822869764936485,model TTL,22,116.5,112.0,4.5,0.8567905389557168,0.8601176996514245,9,233,allocation 3:3 | no multiplexing
3:3,False,0.7822869764936485,model TTL,25,111.0,107.0,4.0,0.8606607484785188,0.8638281498629061,8,222,allocation 3:3 | no multiplexing
3:3,False,0.7822869764936485,model TTL,24,123.0,117.0,6.0,0.8544831270045331,0.8585466302109444,12,246,allocation 3:3 | no multiplexing
3:3,False,0.7822869764936485,model TTL,26,119.5,115.5,4.0,0.8581009721611246,0.8609115238165909,8,239,allocation 3:3 | no multiplexing
3:3,False,0.7822869764936485,model TTL,27,92.5,89.5,3.0,0.8606024704561446,0.8635224242537153,6,185,allocation 3:3 | no multiplexing
3:3,False,0.7822869764936485,model TTL,29,108.5,106.0,2.5,0.8585375364106952,0.8603987950177776,5,217,allocation 3:3 | no multiplexing
3:3,False,0.7822869764936485,model TTL,31,98.5,93.5,5.0,0.8563073677810921,0.8605578152601032,10,197,allocation 3:3 | no multiplexing
3:3,False,0.7822869764936485,model TTL,28,117.0,111.5,5.5,0.8579222180501529,0.8619962722543,11,234,allocation 3:3 | no multiplexing
3:3,False,0.7822869764936485,model TTL,30,112.0,109.0,3.0,0.8580952851148638,0.8603043015826185,6,224,allocation 3:3 | no multiplexing
3:3,False,0.7822869764936485,model TTL,36,121.0,115.0,6.0,0.8569158725805321,0.8612033977610744,12,242,allocation 3:3 | no multiplexing
3:3,False,0.7822869764936485,model TTL,35,105.0,98.5,6.5,0.8555501548872315,0.8608845347019877,13,210,allocation 3:3 | no multiplexing
3:3,False,0.7822869764936485,model TTL,32,117.0,111.5,5.5,0.8554049786963202,0.8593059910376477,11,234,allocation 3:3 | no multiplexing
3:3,False,0.7822869764936485,model TTL,39,110.5,104.0,6.5,0.8578049998257972,0.8629228738999807,13,221,allocation 3:3 | no multiplexing
3:3,False,0.7822869764936485,model TTL,37,117.0,112.0,5.0,0.855254071472243,0.8588604370479836,10,234,allocation 3:3 | no multiplexing
3:3,False,0.7822869764936485,model TTL,33,118.5,111.5,7.0,0.8546424357494955,0.859578413320408,14,237,allocation 3:3 | no multiplexing
3:3,False,0.7822869764936485,model TTL,38,104.0,101.0,3.0,0.8593985409488378,0.8618554515399488,6,208,allocation 3:3 | no multiplexing
3:3,False,0.7822869764936485,model TTL,34,113.0,109.0,4.0,0.8568209268227668,0.8598007501297538,8,226,allocation 3:3 | no multiplexing
3:3,False,0.7822869764936485,model TTL,43,103.5,101.5,2.0,0.8589459468936371,0.8605517509830307,4,207,allocation 3:3 | no multiplexing
3:3,False,0.7822869764936485,model TTL,44,101.5,96.5,5.0,0.859738159733209,0.8640346721072836,10,203,allocation 3:3 | no multiplexing
3:3,False,0.7822869764936485,model TTL,45,119.0,113.0,6.0,0.8546440738285407,0.8588831628318454,12,238,allocation 3:3 | no multiplexing
3:3,False,0.7822869764936485,model TTL,41,113.0,109.5,3.5,0.8610284716966753,0.8638007029269316,7,226,allocation 3:3 | no multiplexing
3:3,False,0.7822869764936485,model TTL,40,117.0,114.0,3.0,0.8587978250118522,0.8609584952619922,6,234,allocation 3:3 | no multiplexing
3:3,False,0.7822869764936485,model TTL,42,116.5,111.0,5.5,0.8577280421090574,0.8617847839609575,11,233,allocation 3:3 | no multiplexing
3:3,False,0.7822869764936485,model TTL,47,113.0,108.5,4.5,0.857638334046509,0.8610633019963753,9,226,allocation 3:3 | no multiplexing
3:3,False,0.7822869764936485,model TTL,57,116.0,113.5,2.5,0.8591448375918772,0.8610006205218149,5,232,allocation 3:3 | no multiplexing
3:3,False,0.7822869764936485,model TTL,51,114.5,107.0,7.5,0.8565626636134914,0.8622269303064498,15,229,allocation 3:3 | no multiplexing
3:3,False,0.7822869764936485,model TTL,49,117.0,113.5,3.5,0.8590366634730162,0.8616139642211665,7,234,allocation 3:3 | no multiplexing
3:3,False,0.7822869764936485,model TTL,50,114.5,108.5,6.0,0.8563276798980521,0.8607958471416829,12,229,allocation 3:3 | no multiplexing
3:3,False,0.7822869764936485,model TTL,52,108.0,104.0,4.0,0.8544588698986578,0.8574389098181484,8,216,allocation 3:3 | no multiplexing
3:3,False,0.7822869764936485,model TTL,48,115.0,111.0,4.0,0.8560158151994421,0.8588957516534351,8,230,allocation 3:3 | no multiplexing
3:3,False,0.7822869764936485,model TTL,46,111.0,108.5,2.5,0.8606781906536233,0.8626458025238797,5,222,allocation 3:3 | no multiplexing
3:3,False,0.7822869764936485,model TTL,54,100.0,92.5,7.5,0.8540785745257862,0.8603706783460066,15,200,allocation 3:3 | no multiplexing
3:3,False,0.7822869764936485,model TTL,53,115.0,110.5,4.5,0.8615727098885103,0.865066014559304,9,230,allocation 3:3 | no multiplexing
3:3,False,0.7822869764936485,model TTL,56,114.0,108.0,6.0,0.8589239018611393,0.8635531983025045,12,228,allocation 3:3 | no multiplexing
3:3,False,0.7822869764936485,model TTL,55,127.0,120.0,7.0,0.857555656899389,0.8623373955721839,14,254,allocation 3:3 | no multiplexing
3:3,False,0.7822869764936485,model TTL,78,118.0,113.0,5.0,0.8588935227980592,0.8625947393981965,10,236,allocation 3:3 | no multiplexing
3:3,False,0.7822869764936485,model TTL,58,107.0,102.0,5.0,0.8561235077951702,0.8600596566616526,10,214,allocation 3:3 | no multiplexing
3:3,False,0.7822869764936485,model TTL,59,113.0,107.0,6.0,0.8555791311385079,0.860055595222294,12,226,allocation 3:3 | no multiplexing
3:3,False,0.7822869764936485,model TTL,60,117.5,111.5,6.0,0.853921580411623,0.8581801810195694,12,235,allocation 3:3 | no multiplexing
3:3,False,0.7822869764936485,model TTL,62,116.5,110.0,6.5,0.8516805083819241,0.8561595121423115,13,233,allocation 3:3 | no multiplexing
3:3,False,0.7822869764936485,model TTL,61,113.5,109.5,4.0,0.8586570750327353,0.8616910949587568,8,227,allocation 3:3 | no multiplexing
3:3,False,0.7822869764936485,model TTL,63,117.0,113.0,4.0,0.8596767897641913,0.8625961919434961,8,234,allocation 3:3 | no multiplexing
3:3,False,0.7822869764936485,model TTL,64,120.5,117.0,3.5,0.8578952013724249,0.8602747436010786,7,241,allocation 3:3 | no multiplexing
3:3,False,0.7822869764936485,model TTL,76,112.0,110.0,2.0,0.862104754502997,0.8636840503267289,4,224,allocation 3:3 | no multiplexing
3:3,False,0.7822869764936485,model TTL,68,107.5,101.5,6.0,0.8558370599189515,0.8604885299743408,12,215,allocation 3:3 | no multiplexing
3:3,False,0.7822869764936485,model TTL,71,95.0,89.5,5.5,0.8575002090341538,0.8625873396040962,11,190,allocation 3:3 | no multiplexing
3:3,False,0.7822869764936485,model TTL,69,112.5,105.5,7.0,0.8572142534284569,0.8624578189265005,14,225,allocation 3:3 | no multiplexing
3:3,False,0.7822869764936485,model TTL,65,112.0,106.0,6.0,0.860390627491006,0.865210778335599,12,224,allocation 3:3 | no multiplexing
3:3,False,0.7822869764936485,model TTL,66,120.5,117.0,3.5,0.8606699255304112,0.8631680420889719,7,241,allocation 3:3 | no multiplexing
3:3,False,0.7822869764936485,model TTL,67,119.5,113.5,6.0,0.8573843120175856,0.8617389553782969,12,239,allocation 3:3 | no multiplexing
3:3,False,0.7822869764936485,model TTL,70,117.0,110.0,7.0,0.8533213487568813,0.8581426663024105,14,234,allocation 3:3 | no multiplexing
3:3,False,0.7822869764936485,model TTL,74,113.0,107.0,6.0,0.8566740077980887,0.8611650750286487,12,226,allocation 3:3 | no multiplexing
3:3,False,0.7822869764936485,model TTL,72,127.5,124.0,3.5,0.8581309445866002,0.8604851197832413,7,255,allocation 3:3 | no multiplexing
3:3,False,0.7822869764936485,model TTL,79,122.5,117.5,5.0,0.8571968354049833,0.8606781228688664,10,245,allocation 3:3 | no multiplexing
3:3,False,0.7822869764936485,model TTL,73,112.0,108.5,3.5,0.8593096517497991,0.8620528182094936,7,224,allocation 3:3 | no multiplexing
3:3,False,0.7822869764936485,model TTL,81,101.0,96.0,5.0,0.8595831600518503,0.8639923821077844,10,202,allocation 3:3 | no multiplexing
3:3,False,0.7822869764936485,model TTL,83,101.5,98.5,3.0,0.8551578978456772,0.8575485268962972,6,203,allocation 3:3 | no multiplexing
3:3,False,0.7822869764936485,model TTL,84,107.5,103.0,4.5,0.8539441721039823,0.8573949272521203,9,215,allocation 3:3 | no multiplexing
3:3,False,0.7822869764936485,model TTL,82,98.5,94.5,4.0,0.8571347136108332,0.8607071283384092,8,197,allocation 3:3 | no multiplexing
3:3,False,0.7822869764936485,model TTL,75,110.5,104.5,6.0,0.8620284795145852,0.8669773983554354,12,221,allocation 3:3 | no multiplexing
3:3,False,0.7822869764936485,model TTL,80,111.0,107.5,3.5,0.8576309246885775,0.8602437864706394,7,222,allocation 3:3 | no multiplexing
3:3,False,0.7822869764936485,model TTL,77,105.5,104.0,1.5,0.8613746420641275,0.8626093258845768,3,211,allocation 3:3 | no multiplexing
3:3,False,0.7822869764936485,model TTL,86,101.5,99.0,2.5,0.8613379993807045,0.8635008049605841,5,203,allocation 3:3 | no multiplexing
3:3,False,0.7822869764936485,model TTL,85,131.5,129.0,2.5,0.8618640961089634,0.8634882190342705,5,263,allocation 3:3 | no multiplexing
3:3,False,0.7822869764936485,model TTL,87,102.5,98.5,4.0,0.857925016375378,0.8612681837753184,8,205,allocation 3:3 | no multiplexing
3:3,False,0.7822869764936485,model TTL,89,103.0,99.0,4.0,0.8556283294538246,0.8588169091696763,8,206,allocation 3:3 | no multiplexing
3:3,False,0.7822869764936485,model TTL,88,107.0,106.5,0.5,0.8625017714942886,0.8629018844583055,1,214,allocation 3:3 | no multiplexing
3:3,False,0.7822869764936485,model TTL,90,103.5,96.5,7.0,0.8580178674612284,0.8638711743531039,14,207,allocation 3:3 | no multiplexing
3:3,False,0.7822869764936485,model TTL,91,96.0,90.5,5.5,0.854773237273592,0.8595644635861077,11,192,allocation 3:3 | no multiplexing
3:3,False,0.7822869764936485,model TTL,92,126.0,121.5,4.5,0.8612308580637049,0.8643445934603906,9,252,allocation 3:3 | no multiplexing
3:3,False,0.7822869764936485,model TTL,94,116.0,110.0,6.0,0.8551978155613676,0.8595168121384774,12,232,allocation 3:3 | no multiplexing
3:3,False,0.7822869764936485,model TTL,93,112.5,106.5,6.0,0.8548802945224844,0.8594544360170742,12,225,allocation 3:3 | no multiplexing
3:3,False,0.7822869764936485,model TTL,95,120.5,115.0,5.5,0.8573390000633915,0.861220795099116,11,241,allocation 3:3 | no multiplexing
3:3,False,0.7822869764936485,model TTL,98,100.5,96.0,4.5,0.8552656981595617,0.8590692298160578,9,201,allocation 3:3 | no multiplexing
3:3,False,0.7822869764936485,model TTL,96,111.5,109.0,2.5,0.8623419513551025,0.8643263212742928,5,223,allocation 3:3 | no multiplexing
3:3,False,0.7822869764936485,model TTL,99,109.0,104.5,4.5,0.8578403037721342,0.8613407657089998,9,218,allocation 3:3 | no multiplexing
3:3,False,0.7822869764936485,model TTL,97,101.0,95.5,5.5,0.8527011162415737,0.8570465869767042,11,202,allocation 3:3 | no multiplexing
3:3,False,0.8145739529872971,no TTL,23,116.0,72.0,44.0,0.8227666350382293,0.8726109757197672,88,232,allocation 3:3 | no multiplexing
3:3,False,0.8145739529872971,no TTL,8,103.5,68.0,35.5,0.818665574851629,0.8666407912106349,71,207,allocation 3:3 | no multiplexing
3:3,False,0.8145739529872971,no TTL,11,117.5,74.0,43.5,0.8215353987779941,0.8680183911739624,87,235,allocation 3:3 | no multiplexing
3:3,False,0.8145739529872971,no TTL,5,97.0,54.5,42.5,0.8134938483708116,0.8700991606979628,85,194,allocation 3:3 | no multiplexing
3:3,False,0.8145739529872971,no TTL,0,104.5,61.0,43.5,0.8101359049300112,0.8668447639034125,87,209,allocation 3:3 | no multiplexing
3:3,False,0.8145739529872971,no TTL,4,109.0,66.5,42.5,0.8160618681415681,0.8674868645860953,85,218,allocation 3:3 | no multiplexing
3:3,False,0.8145739529872971,no TTL,30,100.5,62.5,38.0,0.8169315631055951,0.8682102871576709,76,201,allocation 3:3 | no multiplexing
3:3,False,0.8145739529872971,no TTL,12,106.0,64.0,42.0,0.8149318404883253,0.8716852613181689,84,212,allocation 3:3 | no multiplexing
3:3,False,0.8145739529872971,no TTL,9,110.5,71.5,39.0,0.8257398013560884,0.8742369104492804,78,221,allocation 3:3 | no multiplexing
3:3,False,0.8145739529872971,no TTL,27,108.5,70.5,38.0,0.8202374261939934,0.8683251222635183,76,217,allocation 3:3 | no multiplexing
3:3,False,0.8145739529872971,no TTL,21,105.5,68.5,37.0,0.8219633825305839,0.8730420978764699,74,211,allocation 3:3 | no multiplexing
3:3,False,0.8145739529872971,no TTL,14,109.5,70.0,39.5,0.8246047193093161,0.8740500082452373,79,219,allocation 3:3 | no multiplexing
3:3,False,0.8145739529872971,no TTL,1,108.5,75.5,33.0,0.8313012014345614,0.8726213501463597,66,217,allocation 3:3 | no multiplexing
3:3,False,0.8145739529872971,no TTL,26,109.0,72.5,36.5,0.8206095370476754,0.8705889814591805,73,218,allocation 3:3 | no multiplexing
3:3,False,0.8145739529872971,no TTL,20,108.0,70.0,38.0,0.8210324803708685,0.8679908497004151,76,216,allocation 3:3 | no multiplexing
3:3,False,0.8145739529872971,no TTL,13,118.0,77.5,40.5,0.8252382858878831,0.8708187189732349,81,236,allocation 3:3 | no multiplexing
3:3,False,0.8145739529872971,no TTL,18,107.5,66.0,41.5,0.8161873621129095,0.8708452361188314,83,215,allocation 3:3 | no multiplexing
3:3,False,0.8145739529872971,no TTL,22,105.0,79.0,26.0,0.8324843128928305,0.8651128632108889,52,210,allocation 3:3 | no multiplexing
3:3,False,0.8145739529872971,no TTL,19,120.0,75.5,44.5,0.8238860210364308,0.8728893270961482,89,240,allocation 3:3 | no multiplexing
3:3,False,0.8145739529872971,no TTL,3,109.5,73.5,36.0,0.8220600943607748,0.868491824417558,72,219,allocation 3:3 | no multiplexing
3:3,False,0.8145739529872971,no TTL,6,111.5,74.0,37.5,0.8308708072301997,0.8727637641983155,75,223,allocation 3:3 | no multiplexing
3:3,False,0.8145739529872971,no TTL,7,112.5,75.0,37.5,0.8283233492036903,0.8699869584765365,75,225,allocation 3:3 | no multiplexing
3:3,False,0.8145739529872971,no TTL,2,106.5,73.0,33.5,0.8273356352729867,0.8721771055250587,67,213,allocation 3:3 | no multiplexing
3:3,False,0.8145739529872971,no TTL,15,123.5,86.5,37.0,0.8332954759740809,0.8748655027005072,74,247,allocation 3:3 | no multiplexing
3:3,False,0.8145739529872971,no TTL,17,113.5,72.5,41.0,0.8226827264974677,0.869502844981143,82,227,allocation 3:3 | no multiplexing
3:3,False,0.8145739529872971,no TTL,10,117.5,84.0,33.5,0.8335981507360524,0.8686591636833799,67,235,allocation 3:3 | no multiplexing
3:3,False,0.8145739529872971,no TTL,24,127.5,85.5,42.0,0.8250784176411226,0.8699471944505891,84,255,allocation 3:3 | no multiplexing
3:3,False,0.8145739529872971,no TTL,28,110.0,71.0,39.0,0.832729341451044,0.8762231824375188,78,220,allocation 3:3 | no multiplexing
3:3,False,0.8145739529872971,no TTL,29,123.5,81.5,42.0,0.8279319111882388,0.8717840110475679,84,247,allocation 3:3 | no multiplexing
3:3,False,0.8145739529872971,no TTL,25,106.0,74.5,31.5,0.8275960333809539,0.8692001801213827,63,212,allocation 3:3 | no multiplexing
3:3,False,0.8145739529872971,no TTL,16,118.5,80.5,38.0,0.829250664418201,0.8706716687330922,76,237,allocation 3:3 | no multiplexing
3:3,False,0.8145739529872971,no TTL,32,105.5,69.5,36.0,0.8231283915144583,0.8688718472380187,72,211,allocation 3:3 | no multiplexing
3:3,False,0.8145739529872971,no TTL,31,113.0,74.5,38.5,0.8254691772863243,0.8714765826077358,77,226,allocation 3:3 | no multiplexing
3:3,False,0.8145739529872971,no TTL,38,110.5,72.0,38.5,0.8283013176080807,0.8727282911540513,77,221,allocation 3:3 | no multiplexing
3:3,False,0.8145739529872971,no TTL,33,110.5,72.0,38.5,0.821976454568733,0.8710868624989108,77,221,allocation 3:3 | no multiplexing
3:3,False,0.8145739529872971,no TTL,36,98.5,60.0,38.5,0.8132168344341277,0.8723139779447666,77,197,allocation 3:3 | no multiplexing
3:3,False,0.8145739529872971,no TTL,35,105.0,64.5,40.5,0.8172179275975342,0.8692841043663093,81,210,allocation 3:3 | no multiplexing
3:3,False,0.8145739529872971,no TTL,43,104.0,59.0,45.0,0.8092448333747115,0.8688893499538859,90,208,allocation 3:3 | no multiplexing
3:3,False,0.8145739529872971,no TTL,37,113.0,69.5,43.5,0.8200994775813971,0.8688005955457949,87,226,allocation 3:3 | no multiplexing
3:3,False,0.8145739529872971,no TTL,34,118.5,80.0,38.5,0.8328159863875404,0.8730416024087031,77,237,allocation 3:3 | no multiplexing
3:3,False,0.8145739529872971,no TTL,41,100.0,63.5,36.5,0.8226998658159761,0.8697886193962905,73,200,allocation 3:3 | no multiplexing
3:3,False,0.8145739529872971,no TTL,56,96.0,53.0,43.0,0.8072046789609325,0.8644349367453007,86,192,allocation 3:3 | no multiplexing
3:3,False,0.8145739529872971,no TTL,45,109.5,69.0,40.5,0.8233889719013423,0.8708572757009757,81,219,allocation 3:3 | no multiplexing
3:3,False,0.8145739529872971,no TTL,42,121.0,76.5,44.5,0.8218912150940778,0.8718158208790691,89,242,allocation 3:3 | no multiplexing
3:3,False,0.8145739529872971,no TTL,40,102.5,64.0,38.5,0.8234359740286172,0.8712558903776895,77,205,allocation 3:3 | no multiplexing
3:3,False,0.8145739529872971,no TTL,48,113.5,69.5,44.0,0.8199118546599066,0.8733966313028254,88,227,allocation 3:3 | no multiplexing
3:3,False,0.8145739529872971,no TTL,49,111.5,68.0,43.5,0.8196719099883587,0.8740702630474654,87,223,allocation 3:3 | no multiplexing
3:3,False,0.8145739529872971,no TTL,54,102.0,66.5,35.5,0.8250077640079772,0.8683634578126966,71,204,allocation 3:3 | no multiplexing
3:3,False,0.8145739529872971,no TTL,44,115.0,74.0,41.0,0.8245186607755092,0.8650009940372511,82,230,allocation 3:3 | no multiplexing
3:3,False,0.8145739529872971,no TTL,39,123.0,81.0,42.0,0.8334207945489274,0.8714535257033273,84,246,allocation 3:3 | no multiplexing
3:3,False,0.8145739529872971,no TTL,46,107.0,72.5,34.5,0.8292367269271836,0.8703231914747117,69,214,allocation 3:3 | no multiplexing
3:3,False,0.8145739529872971,no TTL,51,116.5,74.0,42.5,0.8253160183266325,0.8692023959474838,85,233,allocation 3:3 | no multiplexing
3:3,False,0.8145739529872971,no TTL,55,118.0,74.0,44.0,0.8275341378552277,0.8747723708150958,88,236,allocation 3:3 | no multiplexing
3:3,False,0.8145739529872971,no TTL,52,103.0,72.5,30.5,0.8302517589676239,0.8716295387152885,61,206,allocation 3:3 | no multiplexing
3:3,False,0.8145739529872971,no TTL,57,102.5,69.0,33.5,0.8273236437700882,0.8680074326253744,67,205,allocation 3:3 | no multiplexing
3:3,False,0.8145739529872971,no TTL,50,111.0,77.5,33.5,0.8294115399304705,0.8680147301095364,67,222,allocation 3:3 | no multiplexing
3:3,False,0.8145739529872971,no TTL,47,125.5,86.0,39.5,0.8283159855562963,0.8690967425722622,79,251,allocation 3:3 | no multiplexing
3:3,False,0.8145739529872971,no TTL,58,126.5,82.5,44.0,0.8283058805254773,0.8738084663708166,88,253,allocation 3:3 | no multiplexing
3:3,False,0.8145739529872971,no TTL,53,123.0,83.0,40.0,0.8283272182499993,0.870643688560359,80,246,allocation 3:3 | no multiplexing
3:3,False,0.8145739529872971,no TTL,59,119.5,80.0,39.5,0.8297195186266443,0.8750783714640822,79,239,allocation 3:3 | no multiplexing
3:3,False,0.8145739529872971,no TTL,60,113.0,69.5,43.5,0.8219963492405122,0.8691092839394894,87,226,allocation 3:3 | no multiplexing
3:3,False,0.8145739529872971,no TTL,61,123.5,82.0,41.5,0.8248346510718589,0.8716789815256584,83,247,allocation 3:3 | no multiplexing
3:3,False,0.8145739529872971,no TTL,62,118.5,80.0,38.5,0.829658733111186,0.8729528619604082,77,237,allocation 3:3 | no multiplexing
3:3,False,0.8145739529872971,no TTL,63,121.0,79.5,41.5,0.8222800080448753,0.8696921671811357,83,242,allocation 3:3 | no multiplexing
3:3,False,0.8145739529872971,no TTL,64,118.0,79.5,38.5,0.824452607600893,0.8702907130767612,77,236,allocation 3:3 | no multiplexing
3:3,False,0.8145739529872971,no TTL,67,115.5,75.5,40.0,0.8211586951112905,0.8700859708707767,80,231,allocation 3:3 | no multiplexing
3:3,False,0.8145739529872971,no TTL,66,123.5,80.5,43.0,0.8310414349713329,0.8747699866504132,86,247,allocation 3:3 | no multiplexing
3:3,False,0.8145739529872971,no TTL,93,105.0,64.5,40.5,0.8183044329251769,0.8716884427011334,81,210,allocation 3:3 | no multiplexing
3:3,False,0.8145739529872971,no TTL,84,103.5,65.5,38.0,0.8227736069828957,0.8661939927846394,76,207,allocation 3:3 | no multiplexing
3:3,False,0.8145739529872971,no TTL,70,103.0,65.0,38.0,0.8223624264077368,0.8723540017510374,76,206,allocation 3:3 | no multiplexing
3:3,False,0.8145739529872971,no TTL,65,126.5,88.0,38.5,0.8326844778092864,0.871546757230028,77,253,allocation 3:3 | no multiplexing
3:3,False,0.8145739529872971,no TTL,74,114.5,76.0,38.5,0.8261767966181414,0.8713902984165229,77,229,allocation 3:3 | no multiplexing
3:3,False,0.8145739529872971,no TTL,68,114.5,78.0,36.5,0.8296261058607036,0.8694190928862149,73,229,allocation 3:3 | no multiplexing
3:3,False,0.8145739529872971,no TTL,72,123.5,83.5,40.0,0.8299072196740662,0.8712696589246932,80,247,allocation 3:3 | no multiplexing
3:3,False,0.8145739529872971,no TTL,73,115.5,70.5,45.0,0.8235068464484641,0.8719585773184743,90,231,allocation 3:3 | no multiplexing
3:3,False,0.8145739529872971,no TTL,76,119.0,78.5,40.5,0.8234796282559255,0.8707747457582747,81,238,allocation 3:3 | no multiplexing
3:3,False,0.8145739529872971,no TTL,78,121.5,78.5,43.0,0.824409091231905,0.8698058850957928,86,243,allocation 3:3 | no multiplexing
3:3,False,0.8145739529872971,no TTL,75,113.0,74.0,39.0,0.824051400125131,0.8704446976993696,78,226,allocation 3:3 | no multiplexing
3:3,False,0.8145739529872971,no TTL,77,113.0,70.5,42.5,0.8233530872000379,0.8758086620738741,85,226,allocation 3:3 | no multiplexing
3:3,False,0.8145739529872971,no TTL,69,116.5,80.5,36.0,0.8305648826476417,0.8722974915903507,72,233,allocation 3:3 | no multiplexing
3:3,False,0.8145739529872971,no TTL,71,113.5,78.5,35.0,0.8301329223712703,0.8701100905300416,70,227,allocation 3:3 | no multiplexing
3:3,False,0.8145739529872971,no TTL,80,109.5,70.5,39.0,0.8219798485085104,0.8674465926538045,78,219,allocation 3:3 | no multiplexing
3:3,False,0.8145739529872971,no TTL,82,97.5,58.5,39.0,0.8134488026725278,0.8694066688837576,78,195,allocation 3:3 | no multiplexing
3:3,False,0.8145739529872971,no TTL,89,110.5,73.0,37.5,0.8223083493528218,0.8724380529313327,75,221,allocation 3:3 | no multiplexing
3:3,False,0.8145739529872971,no TTL,86,116.0,75.0,41.0,0.8208781790175397,0.8698711227829435,82,232,allocation 3:3 | no multiplexing
3:3,False,0.8145739529872971,no TTL,85,109.5,70.0,39.5,0.8162299842944679,0.8671284515231688,79,219,allocation 3:3 | no multiplexing
3:3,False,0.8145739529872971,no TTL,81,113.0,77.0,36.0,0.832632115803054,0.8724189061865424,72,226,allocation 3:3 | no multiplexing
3:3,False,0.8145739529872971,no TTL,88,114.0,74.5,39.5,0.8251168748009958,0.8717878971185974,79,228,allocation 3:3 | no multiplexing
3:3,False,0.8145739529872971,no TTL,83,112.5,78.0,34.5,0.8294456161605003,0.8683845528246918,69,225,allocation 3:3 | no multiplexing
3:3,False,0.8145739529872971,no TTL,79,134.5,95.0,39.5,0.8368524127622227,0.872678685590506,79,269,allocation 3:3 | no multiplexing
3:3,False,0.8145739529872971,no TTL,87,109.5,73.0,36.5,0.8251684504701656,0.8719624628856129,73,219,allocation 3:3 | no multiplexing
3:3,False,0.8145739529872971,no TTL,90,116.0,81.5,34.5,0.8301242861127638,0.8680434598272995,69,232,allocation 3:3 | no multiplexing
3:3,False,0.8145739529872971,no TTL,91,114.5,71.5,43.0,0.8187931279173805,0.8697410905919212,86,229,allocation 3:3 | no multiplexing
3:3,False,0.8145739529872971,no TTL,92,113.5,75.0,38.5,0.8256339303097175,0.8757528598247054,77,227,allocation 3:3 | no multiplexing
3:3,False,0.8145739529872971,no TTL,98,90.5,57.5,33.0,0.8177830880465841,0.8696557247653925,66,181,allocation 3:3 | no multiplexing
3:3,False,0.8145739529872971,no TTL,94,121.0,77.5,43.5,0.8217034103460507,0.8726579314953112,87,242,allocation 3:3 | no multiplexing
3:3,False,0.8145739529872971,no TTL,95,116.5,78.5,38.0,0.8294787916352916,0.8711066189073782,76,233,allocation 3:3 | no multiplexing
3:3,False,0.8145739529872971,no TTL,96,118.5,78.5,40.0,0.8205801144761298,0.8699702457848335,80,237,allocation 3:3 | no multiplexing
3:3,False,0.8145739529872971,no TTL,97,110.0,72.0,38.0,0.823643224173498,0.8685942098628701,76,220,allocation 3:3 | no multiplexing
3:3,False,0.8145739529872971,no TTL,99,105.0,66.5,38.5,0.8258787583738475,0.8675680836251858,77,210,allocation 3:3 | no multiplexing
3:3,False,0.8145739529872971,model TTL,3,88.5,85.0,3.5,0.8700497123361093,0.8724517203162201,7,177,allocation 3:3 | no multiplexing
3:3,False,0.8145739529872971,model TTL,6,110.0,107.5,2.5,0.867709449986172,0.8690369968980496,5,220,allocation 3:3 | no multiplexing
3:3,False,0.8145739529872971,model TTL,7,106.5,103.5,3.0,0.8682989936179304,0.8699576709635207,6,213,allocation 3:3 | no multiplexing
3:3,False,0.8145739529872971,model TTL,4,112.0,108.5,3.5,0.8683783427706071,0.8702426602152676,7,224,allocation 3:3 | no multiplexing
3:3,False,0.8145739529872971,model TTL,8,112.5,107.5,5.0,0.8730324198614156,0.8759094371204751,10,225,allocation 3:3 | no multiplexing
3:3,False,0.8145739529872971,model TTL,9,94.5,89.0,5.5,0.8675116798025096,0.8710568975423799,11,189,allocation 3:3 | no multiplexing
3:3,False,0.8145739529872971,model TTL,12,110.5,107.5,3.0,0.8723299815253255,0.8740487404460983,6,221,allocation 3:3 | no multiplexing
3:3,False,0.8145739529872971,model TTL,1,115.0,113.5,1.5,0.8714895789937037,0.8722932161297173,3,230,allocation 3:3 | no multiplexing
3:3,False,0.8145739529872971,model TTL,2,116.0,110.5,5.5,0.8718052102835887,0.8748132201476562,11,232,allocation 3:3 | no multiplexing
3:3,False,0.8145739529872971,model TTL,13,107.0,104.0,3.0,0.867040972626923,0.8686522925794371,6,214,allocation 3:3 | no multiplexing
3:3,False,0.8145739529872971,model TTL,5,113.5,109.5,4.0,0.8706671146177833,0.8728638354524497,8,227,allocation 3:3 | no multiplexing
3:3,False,0.8145739529872971,model TTL,0,123.5,118.0,5.5,0.8709175012638241,0.8737282163693335,11,247,allocation 3:3 | no multiplexing
3:3,False,0.8145739529872971,model TTL,10,120.0,114.0,6.0,0.8709886355453254,0.874156203230056,12,240,allocation 3:3 | no multiplexing
3:3,False,0.8145739529872971,model TTL,15,110.5,106.0,4.5,0.8681447804085766,0.8705726216799944,9,221,allocation 3:3 | no multiplexing
3:3,False,0.8145739529872971,model TTL,11,125.0,121.5,3.5,0.8684868875075024,0.8701346358091048,7,250,allocation 3:3 | no multiplexing
3:3,False,0.8145739529872971,model TTL,18,109.5,106.5,3.0,0.8688499273225887,0.8704784082103458,6,219,allocation 3:3 | no multiplexing
3:3,False,0.8145739529872971,model TTL,17,122.0,118.0,4.0,0.8720120334426891,0.874096552284485,8,244,allocation 3:3 | no multiplexing
3:3,False,0.8145739529872971,model TTL,19,109.0,105.0,4.0,0.8749175261744748,0.8773453661587619,8,218,allocation 3:3 | no multiplexing
3:3,False,0.8145739529872971,model TTL,14,119.5,114.0,5.5,0.8704318500388996,0.873322206919213,11,239,allocation 3:3 | no multiplexing
3:3,False,0.8145739529872971,model TTL,20,110.0,106.0,4.0,0.8688706182070237,0.8710244165502526,8,220,allocation 3:3 | no multiplexing
3:3,False,0.8145739529872971,model TTL,16,115.5,109.0,6.5,0.8683850534466598,0.8717583767608794,13,231,allocation 3:3 | no multiplexing
3:3,False,0.8145739529872971,model TTL,22,117.5,111.0,6.5,0.8700280949590832,0.8735618258242412,13,235,allocation 3:3 | no multiplexing
3:3,False,0.8145739529872971,model TTL,25,114.0,110.5,3.5,0.8709704954025889,0.8728743488755202,7,228,allocation 3:3 | no multiplexing
3:3,False,0.8145739529872971,model TTL,21,120.5,117.5,3.0,0.8718216642588241,0.8733573991251073,6,241,allocation 3:3 | no multiplexing
3:3,False,0.8145739529872971,model TTL,23,103.5,97.5,6.0,0.8712623408213004,0.8750019257964113,12,207,allocation 3:3 | no multiplexing
3:3,False,0.8145739529872971,model TTL,24,114.5,106.0,8.5,0.8638840558555916,0.8681403972004744,17,229,allocation 3:3 | no multiplexing
3:3,False,0.8145739529872971,model TTL,26,108.0,104.0,4.0,0.8696668558864736,0.8719394543087724,8,216,allocation 3:3 | no multiplexing
3:3,False,0.8145739529872971,model TTL,27,97.0,94.5,2.5,0.8698280036804235,0.8713623895501784,5,194,allocation 3:3 | no multiplexing
3:3,False,0.8145739529872971,model TTL,29,110.0,106.0,4.0,0.870527460429256,0.8727992407332639,8,220,allocation 3:3 | no multiplexing
3:3,False,0.8145739529872971,model TTL,28,115.5,110.5,5.0,0.8672703000125471,0.8697837357504566,10,231,allocation 3:3 | no multiplexing
3:3,False,0.8145739529872971,model TTL,30,104.5,100.5,4.0,0.867454503843874,0.8696806273473705,8,209,allocation 3:3 | no multiplexing
3:3,False,0.8145739529872971,model TTL,53,124.5,120.0,4.5,0.8706813669981259,0.8729174086079348,9,249,allocation 3:3 | no multiplexing
3:3,False,0.8145739529872971,model TTL,31,117.5,111.0,6.5,0.8680239428944342,0.8713226465451532,13,235,allocation 3:3 | no multiplexing
3:3,False,0.8145739529872971,model TTL,39,113.0,109.0,4.0,0.8719129968245896,0.8741959008397168,8,226,allocation 3:3 | no multiplexing
3:3,False,0.8145739529872971,model TTL,35,107.5,103.0,4.5,0.8694783434684887,0.8719967379421154,9,215,allocation 3:3 | no multiplexing
3:3,False,0.8145739529872971,model TTL,37,118.0,114.0,4.0,0.8694251375713187,0.8714511902923469,8,236,allocation 3:3 | no multiplexing
3:3,False,0.8145739529872971,model TTL,38,90.0,88.5,1.5,0.8688746568950764,0.8698603713641635,3,180,allocation 3:3 | no multiplexing
3:3,False,0.8145739529872971,model TTL,34,121.0,113.5,7.5,0.8689432798209804,0.8727978641468351,15,242,allocation 3:3 | no multiplexing
3:3,False,0.8145739529872971,model TTL,36,115.0,109.5,5.5,0.8696691250700579,0.8726275029700928,11,230,allocation 3:3 | no multiplexing
3:3,False,0.8145739529872971,model TTL,33,111.5,108.0,3.5,0.870149425292111,0.8720613328657467,7,223,allocation 3:3 | no multiplexing
3:3,False,0.8145739529872971,model TTL,32,118.5,114.0,4.5,0.8690872585284658,0.8713952751205218,9,237,allocation 3:3 | no multiplexing
3:3,False,0.8145739529872971,model TTL,41,109.5,105.0,4.5,0.867888608191476,0.87029362991202,9,219,allocation 3:3 | no multiplexing
3:3,False,0.8145739529872971,model TTL,44,107.0,103.0,4.0,0.8726790520247327,0.8750225400055545,8,214,allocation 3:3 | no multiplexing
3:3,False,0.8145739529872971,model TTL,43,111.5,108.5,3.0,0.8717935437032245,0.8734670066559878,6,223,allocation 3:3 | no multiplexing
3:3,False,0.8145739529872971,model TTL,40,110.5,104.5,6.0,0.8712219585602539,0.8746734572246142,12,221,allocation 3:3 | no multiplexing
3:3,False,0.8145739529872971,model TTL,42,119.0,114.5,4.5,0.8745187599975911,0.876996094720396,9,238,allocation 3:3 | no multiplexing
3:3,False,0.8145739529872971,model TTL,47,110.5,105.0,5.5,0.8654094168620151,0.8681893084989283,11,221,allocation 3:3 | no multiplexing
3:3,False,0.8145739529872971,model TTL,45,119.0,113.0,6.0,0.869184178341635,0.8722654941175048,12,238,allocation 3:3 | no multiplexing
3:3,False,0.8145739529872971,model TTL,50,103.0,102.0,1.0,0.8675268571185086,0.8680620079614954,2,206,allocation 3:3 | no multiplexing
3:3,False,0.8145739529872971,model TTL,49,108.5,105.5,3.0,0.8668127006113642,0.8684200478156708,6,217,allocation 3:3 | no multiplexing
3:3,False,0.8145739529872971,model TTL,51,112.0,105.0,7.0,0.8693303765070263,0.873158387205355,14,224,allocation 3:3 | no multiplexing
3:3,False,0.8145739529872971,model TTL,48,112.5,108.5,4.0,0.8706186294937753,0.8727752644367727,8,225,allocation 3:3 | no multiplexing
3:3,False,0.8145739529872971,model TTL,46,113.0,109.0,4.0,0.8721971101133809,0.8744491486483933,8,226,allocation 3:3 | no multiplexing
3:3,False,0.8145739529872971,model TTL,52,108.0,102.0,6.0,0.8666930693653576,0.8699584774318108,12,216,allocation 3:3 | no multiplexing
3:3,False,0.8145739529872971,model TTL,54,106.0,101.0,5.0,0.8698221357989749,0.8727089606611542,10,212,allocation 3:3 | no multiplexing
3:3,False,0.8145739529872971,model TTL,55,111.0,103.5,7.5,0.8699220292788843,0.8741429076478806,15,222,allocation 3:3 | no multiplexing
3:3,False,0.8145739529872971,model TTL,56,113.5,110.5,3.0,0.8695280557109366,0.8710911854540362,6,227,allocation 3:3 | no multiplexing
3:3,False,0.8145739529872971,model TTL,62,102.5,98.0,4.5,0.867811072346911,0.8704259792976636,9,205,allocation 3:3 | no multiplexing
3:3,False,0.8145739529872971,model TTL,57,125.5,121.0,4.5,0.8710940142099952,0.8733271865454487,9,251,allocation 3:3 | no multiplexing
3:3,False,0.8145739529872971,model TTL,58,116.5,111.5,5.0,0.8723271246484211,0.8750770169139255,10,233,allocation 3:3 | no multiplexing
3:3,False,0.8145739529872971,model TTL,59,104.5,102.0,2.5,0.870315078321468,0.8718233210806554,5,209,allocation 3:3 | no multiplexing
3:3,False,0.8145739529872971,model TTL,60,109.0,103.5,5.5,0.8680591138625343,0.8711067096338561,11,218,allocation 3:3 | no multiplexing
3:3,False,0.8145739529872971,model TTL,61,117.5,114.0,3.5,0.8720478042224091,0.8739268507445229,7,235,allocation 3:3 | no multiplexing
3:3,False,0.8145739529872971,model TTL,63,120.5,117.5,3.0,0.8713889067248073,0.872980885312172,6,241,allocation 3:3 | no multiplexing
3:3,False,0.8145739529872971,model TTL,64,113.5,111.0,2.5,0.8687602317557251,0.8700393309764222,5,227,allocation 3:3 | no multiplexing
3:3,False,0.8145739529872971,model TTL,71,92.5,91.0,1.5,0.8710797773024317,0.8720693608749439,3,185,allocation 3:3 | no multiplexing
3:3,False,0.8145739529872971,model TTL,68,106.0,99.5,6.5,0.8692298342808472,0.8730886798913099,13,212,allocation 3:3 | no multiplexing
3:3,False,0.8145739529872971,model TTL,69,110.0,107.5,2.5,0.8704923043032836,0.8718547697767259,5,220,allocation 3:3 | no multiplexing
3:3,False,0.8145739529872971,model TTL,66,121.5,115.0,6.5,0.8692436059816586,0.8725171120952224,13,243,allocation 3:3 | no multiplexing
3:3,False,0.8145739529872971,model TTL,65,123.0,117.5,5.5,0.8696485035484935,0.8723811366335285,11,246,allocation 3:3 | no multiplexing
3:3,False,0.8145739529872971,model TTL,67,120.5,112.5,8.0,0.8677707331957735,0.8718401559853276,16,241,allocation 3:3 | no multiplexing
3:3,False,0.8145739529872971,model TTL,74,116.5,113.5,3.0,0.8713738868327332,0.8729928321652558,6,233,allocation 3:3 | no multiplexing
3:3,False,0.8145739529872971,model TTL,72,128.0,125.0,3.0,0.8680757214491893,0.8694301445470926,6,256,allocation 3:3 | no multiplexing
3:3,False,0.8145739529872971,model TTL,73,108.0,103.0,5.0,0.8707511603637353,0.8735980837002386,10,216,allocation 3:3 | no multiplexing
3:3,False,0.8145739529872971,model TTL,70,108.5,106.0,2.5,0.8683357020487795,0.8697058955599488,5,217,allocation 3:3 | no multiplexing
3:3,False,0.8145739529872971,model TTL,75,135.0,129.5,5.5,0.8709734473720792,0.8735230090516165,11,270,allocation 3:3 | no multiplexing
3:3,False,0.8145739529872971,model TTL,78,127.0,119.5,7.5,0.8667173410220016,0.870198489452601,15,254,allocation 3:3 | no multiplexing
3:3,False,0.8145739529872971,model TTL,79,104.5,99.0,5.5,0.8669510171408714,0.8700478296397313,11,209,allocation 3:3 | no multiplexing
3:3,False,0.8145739529872971,model TTL,80,110.0,106.0,4.0,0.8691796164373357,0.8714232229721809,8,220,allocation 3:3 | no multiplexing
3:3,False,0.8145739529872971,model TTL,76,114.5,111.0,3.5,0.8726041386853994,0.8745556910124965,7,229,allocation 3:3 | no multiplexing
3:3,False,0.8145739529872971,model TTL,81,108.0,103.0,5.0,0.8721580468244825,0.8751434353320804,10,216,allocation 3:3 | no multiplexing
3:3,False,0.8145739529872971,model TTL,82,101.5,98.0,3.5,0.8649706742879543,0.8668661391130774,7,203,allocation 3:3 | no multiplexing
3:3,False,0.8145739529872971,model TTL,83,101.5,98.0,3.5,0.8660081446567464,0.867949514094819,7,203,allocation 3:3 | no multiplexing
3:3,False,0.8145739529872971,model TTL,77,107.0,104.0,3.0,0.8691201064843485,0.8707862051404314,6,214,allocation 3:3 | no multiplexing
3:3,False,0.8145739529872971,model TTL,84,99.0,96.5,2.5,0.8691725834340676,0.8706321513101399,5,198,allocation 3:3 | no multiplexing
3:3,False,0.8145739529872971,model TTL,85,111.5,106.5,5.0,0.8683900542363577,0.8710850530070818,10,223,allocation 3:3 | no multiplexing
3:3,False,0.8145739529872971,model TTL,88,114.5,111.0,3.5,0.8701292505352793,0.8720218895810921,7,229,allocation 3:3 | no multiplexing
3:3,False,0.8145739529872971,model TTL,86,120.5,118.5,2.0,0.871038233968402,0.8720714238162643,4,241,allocation 3:3 | no multiplexing
3:3,False,0.8145739529872971,model TTL,87,102.0,97.0,5.0,0.8672301413625918,0.870191071870764,10,204,allocation 3:3 | no multiplexing
3:3,False,0.8145739529872971,model TTL,89,106.5,103.0,3.5,0.8716391340767387,0.873695565971787,7,213,allocation 3:3 | no multiplexing
3:3,False,0.8145739529872971,model TTL,90,100.5,98.0,2.5,0.8725948596628283,0.8742050766888172,5,201,allocation 3:3 | no multiplexing
3:3,False,0.8145739529872971,model TTL,91,102.0,95.5,6.5,0.8646454566671079,0.8682523956175705,13,204,allocation 3:3 | no multiplexing
3:3,False,0.8145739529872971,model TTL,92,125.0,121.0,4.0,0.8733265897200188,0.8754080949440655,8,250,allocation 3:3 | no multiplexing
3:3,False,0.8145739529872971,model TTL,93,108.0,104.5,3.5,0.8699187563218569,0.8719354190131865,7,216,allocation 3:3 | no multiplexing
3:3,False,0.8145739529872971,model TTL,94,104.5,98.5,6.0,0.8694414143188262,0.8730148383720457,12,209,allocation 3:3 | no multiplexing
3:3,False,0.8145739529872971,model TTL,98,110.0,107.0,3.0,0.8707263298248045,0.8724318712164532,6,220,allocation 3:3 | no multiplexing
3:3,False,0.8145739529872971,model TTL,96,111.0,105.5,5.5,0.8725877747725294,0.8757371883403277,11,222,allocation 3:3 | no multiplexing
3:3,False,0.8145739529872971,model TTL,97,100.0,96.0,4.0,0.8683601142340691,0.8707465479347332,8,200,allocation 3:3 | no multiplexing
3:3,False,0.8145739529872971,model TTL,95,104.0,101.5,2.5,0.8718958354353109,0.8733912747222521,5,208,allocation 3:3 | no multiplexing
3:3,False,0.8145739529872971,model TTL,99,107.5,102.0,5.5,0.8720981301678497,0.8754379945273416,11,215,allocation 3:3 | no multiplexing
3:3,False,0.8468609294809456,no TTL,19,120.0,61.5,58.5,0.8238860210364308,0.8830936012478728,117,240,allocation 3:3 | no multiplexing
3:3,False,0.8468609294809456,no TTL,5,97.0,42.5,54.5,0.8134938483708116,0.8812624156063369,109,194,allocation 3:3 | no multiplexing
3:3,False,0.8468609294809456,no TTL,8,103.5,47.5,56.0,0.818665574851629,0.882681417813455,112,207,allocation 3:3 | no multiplexing
3:3,False,0.8468609294809456,no TTL,0,104.5,45.5,59.0,0.8101359049300112,0.8792936276565277,118,209,allocation 3:3 | no multiplexing
3:3,False,0.8468609294809456,no TTL,12,106.0,51.0,55.0,0.8149318404883253,0.881995788549942,110,212,allocation 3:3 | no multiplexing
3:3,False,0.8468609294809456,no TTL,30,100.5,46.0,54.5,0.8169315631055951,0.881277292348972,109,201,allocation 3:3 | no multiplexing
3:3,False,0.8468609294809456,no TTL,14,109.5,56.5,53.0,0.8246047193093161,0.8842091476838646,106,219,allocation 3:3 | no multiplexing
3:3,False,0.8468609294809456,no TTL,9,110.5,60.0,50.5,0.8257398013560884,0.8824287640679042,101,221,allocation 3:3 | no multiplexing
3:3,False,0.8468609294809456,no TTL,27,108.5,52.5,56.0,0.8202374261939934,0.8806447792784943,112,217,allocation 3:3 | no multiplexing
3:3,False,0.8468609294809456,no TTL,1,108.5,60.5,48.0,0.8313012014345614,0.8829651951644045,96,217,allocation 3:3 | no multiplexing
3:3,False,0.8468609294809456,no TTL,4,109.0,47.5,61.5,0.8160618681415681,0.8820110413122586,123,218,allocation 3:3 | no multiplexing
3:3,False,0.8468609294809456,no TTL,3,109.5,53.5,56.0,0.8220600943607748,0.8824056978178011,112,219,allocation 3:3 | no multiplexing
3:3,False,0.8468609294809456,no TTL,13,118.0,57.0,61.0,0.8252382858878831,0.8843838210730403,122,236,allocation 3:3 | no multiplexing
3:3,False,0.8468609294809456,no TTL,22,105.0,54.5,50.5,0.8324843128928305,0.8803608632581958,101,210,allocation 3:3 | no multiplexing
3:3,False,0.8468609294809456,no TTL,6,111.5,62.5,49.0,0.8308708072301997,0.8806362303199037,98,223,allocation 3:3 | no multiplexing
3:3,False,0.8468609294809456,no TTL,21,105.5,56.0,49.5,0.8219633825305839,0.883026304849263,99,211,allocation 3:3 | no multiplexing
3:3,False,0.8468609294809456,no TTL,23,116.0,55.5,60.5,0.8227666350382293,0.8847249575311352,121,232,allocation 3:3 | no multiplexing
3:3,False,0.8468609294809456,no TTL,20,108.0,51.0,57.0,0.8210324803708685,0.882171178144394,114,216,allocation 3:3 | no multiplexing
3:3,False,0.8468609294809456,no TTL,26,109.0,57.0,52.0,0.8206095370476754,0.8811244666127904,104,218,allocation 3:3 | no multiplexing
3:3,False,0.8468609294809456,no TTL,18,107.5,53.0,54.5,0.8161873621129095,0.8805287052861526,109,215,allocation 3:3 | no multiplexing
3:3,False,0.8468609294809456,no TTL,25,106.0,56.5,49.5,0.8275960333809539,0.882093117862347,99,212,allocation 3:3 | no multiplexing
3:3,False,0.8468609294809456,no TTL,7,112.5,59.0,53.5,0.8283233492036903,0.8814305995553552,107,225,allocation 3:3 | no multiplexing
3:3,False,0.8468609294809456,no TTL,11,117.5,55.0,62.5,0.8215353987779941,0.8803167303271191,125,235,allocation 3:3 | no multiplexing
3:3,False,0.8468609294809456,no TTL,17,113.5,53.0,60.5,0.8226827264974677,0.8838206755178931,121,227,allocation 3:3 | no multiplexing
3:3,False,0.8468609294809456,no TTL,16,118.5,62.0,56.5,0.829250664418201,0.8825647712635097,113,237,allocation 3:3 | no multiplexing
3:3,False,0.8468609294809456,no TTL,2,106.5,58.5,48.0,0.8273356352729867,0.8815467399357164,96,213,allocation 3:3 | no multiplexing
3:3,False,0.8468609294809456,no TTL,29,123.5,61.0,62.5,0.8279319111882388,0.8846613067960207,125,247,allocation 3:3 | no multiplexing
3:3,False,0.8468609294809456,no TTL,28,110.0,59.0,51.0,0.832729341451044,0.8855782872420743,102,220,allocation 3:3 | no multiplexing
3:3,False,0.8468609294809456,no TTL,24,127.5,63.5,64.0,0.8250784176411226,0.8827751257220943,128,255,allocation 3:3 | no multiplexing
3:3,False,0.8468609294809456,no TTL,15,123.5,70.5,53.0,0.8332954759740809,0.8852066015525474,106,247,allocation 3:3 | no multiplexing
3:3,False,0.8468609294809456,no TTL,10,117.5,64.0,53.5,0.8335981507360524,0.8810241914480286,107,235,allocation 3:3 | no multiplexing
3:3,False,0.8468609294809456,no TTL,31,113.0,55.5,57.5,0.8254691772863243,0.8846761483800631,115,226,allocation 3:3 | no multiplexing
3:3,False,0.8468609294809456,no TTL,62,118.5,63.5,55.0,0.829658733111186,0.8840392226702242,110,237,allocation 3:3 | no multiplexing
3:3,False,0.8468609294809456,no TTL,33,110.5,56.0,54.5,0.821976454568733,0.8817672254066607,109,221,allocation 3:3 | no multiplexing
3:3,False,0.8468609294809456,no TTL,32,105.5,53.5,52.0,0.8231283915144583,0.880558142634393,104,211,allocation 3:3 | no multiplexing
3:3,False,0.8468609294809456,no TTL,36,98.5,45.5,53.0,0.8132168344341277,0.8855313292097152,106,197,allocation 3:3 | no multiplexing
3:3,False,0.8468609294809456,no TTL,35,105.0,51.5,53.5,0.8172179275975342,0.8789838156860137,107,210,allocation 3:3 | no multiplexing
3:3,False,0.8468609294809456,no TTL,43,104.0,41.5,62.5,0.8092448333747115,0.8846167745499472,125,208,allocation 3:3 | no multiplexing
3:3,False,0.8468609294809456,no TTL,56,96.0,34.5,61.5,0.8072046789609325,0.8820098898399339,123,192,allocation 3:3 | no multiplexing
3:3,False,0.8468609294809456,no TTL,34,118.5,61.0,57.5,0.8328159863875404,0.886064930901781,115,237,allocation 3:3 | no multiplexing
3:3,False,0.8468609294809456,no TTL,41,100.0,48.0,52.0,0.8226998658159761,0.8817769443130102,104,200,allocation 3:3 | no multiplexing
3:3,False,0.8468609294809456,no TTL,37,113.0,49.0,64.0,0.8200994775813971,0.8841064952669059,128,226,allocation 3:3 | no multiplexing
3:3,False,0.8468609294809456,no TTL,45,109.5,53.0,56.5,0.8233889719013423,0.88287838416441,113,219,allocation 3:3 | no multiplexing
3:3,False,0.8468609294809456,no TTL,40,102.5,50.0,52.5,0.8234359740286172,0.8819484160045019,105,205,allocation 3:3 | no multiplexing
3:3,False,0.8468609294809456,no TTL,49,111.5,54.5,57.0,0.8196719099883587,0.8845204155885918,114,223,allocation 3:3 | no multiplexing
3:3,False,0.8468609294809456,no TTL,54,102.0,49.5,52.5,0.8250077640079772,0.8811052802526866,105,204,allocation 3:3 | no multiplexing
3:3,False,0.8468609294809456,no TTL,42,121.0,61.5,59.5,0.8218912150940778,0.88198562415093,119,242,allocation 3:3 | no multiplexing
3:3,False,0.8468609294809456,no TTL,48,113.5,53.0,60.5,0.8199118546599066,0.8859887961433556,121,227,allocation 3:3 | no multiplexing
3:3,False,0.8468609294809456,no TTL,38,110.5,55.5,55.0,0.8283013176080807,0.8849658256042241,110,221,allocation 3:3 | no multiplexing
3:3,False,0.8468609294809456,no TTL,44,115.0,51.0,64.0,0.8245186607755092,0.8791833987586375,128,230,allocation 3:3 | no multiplexing
3:3,False,0.8468609294809456,no TTL,55,118.0,60.5,57.5,0.8275341378552277,0.8844397731462875,115,236,allocation 3:3 | no multiplexing
3:3,False,0.8468609294809456,no TTL,46,107.0,59.5,47.5,0.8292367269271836,0.8787132259366387,95,214,allocation 3:3 | no multiplexing
3:3,False,0.8468609294809456,no TTL,39,123.0,63.0,60.0,0.8334207945489274,0.8832243539102652,120,246,allocation 3:3 | no multiplexing
3:3,False,0.8468609294809456,no TTL,51,116.5,55.5,61.0,0.8253160183266325,0.8827491081796112,122,233,allocation 3:3 | no multiplexing
3:3,False,0.8468609294809456,no TTL,52,103.0,55.5,47.5,0.8302517589676239,0.8838618665055817,95,206,allocation 3:3 | no multiplexing
3:3,False,0.8468609294809456,no TTL,50,111.0,55.0,56.0,0.8294115399304705,0.8831436318142408,112,222,allocation 3:3 | no multiplexing
3:3,False,0.8468609294809456,no TTL,57,102.5,51.0,51.5,0.8273236437700882,0.881284537479033,103,205,allocation 3:3 | no multiplexing
3:3,False,0.8468609294809456,no TTL,47,125.5,64.5,61.0,0.8283159855562963,0.8818571325626076,122,251,allocation 3:3 | no multiplexing
3:3,False,0.8468609294809456,no TTL,53,123.0,62.0,61.0,0.8283272182499993,0.8835402940981806,122,246,allocation 3:3 | no multiplexing
3:3,False,0.8468609294809456,no TTL,58,126.5,65.5,61.0,0.8283058805254773,0.8850859837187207,122,253,allocation 3:3 | no multiplexing
3:3,False,0.8468609294809456,no TTL,59,119.5,63.0,56.5,0.8297195186266443,0.886440934726582,113,239,allocation 3:3 | no multiplexing
3:3,False,0.8468609294809456,no TTL,60,113.0,52.5,60.5,0.8219963492405122,0.882282739559192,121,226,allocation 3:3 | no multiplexing
3:3,False,0.8468609294809456,no TTL,61,123.5,61.0,62.5,0.8248346510718589,0.8859442937124673,125,247,allocation 3:3 | no multiplexing
3:3,False,0.8468609294809456,no TTL,63,121.0,58.5,62.5,0.8222800080448753,0.8828618223731315,125,242,allocation 3:3 | no multiplexing
3:3,False,0.8468609294809456,no TTL,64,118.0,60.0,58.0,0.824452607600893,0.8832934765416308,116,236,allocation 3:3 | no multiplexing
3:3,False,0.8468609294809456,no TTL,67,115.5,59.5,56.0,0.8211586951112905,0.8799242407806065,112,231,allocation 3:3 | no multiplexing
3:3,False,0.8468609294809456,no TTL,66,123.5,64.5,59.0,0.8310414349713329,0.8850903004078265,118,247,allocation 3:3 | no multiplexing
3:3,False,0.8468609294809456,no TTL,70,103.0,48.5,54.5,0.8223624264077368,0.8853338209882078,109,206,allocation 3:3 | no multiplexing
3:3,False,0.8468609294809456,no TTL,65,126.5,69.0,57.5,0.8326844778092864,0.8828126169545534,115,253,allocation 3:3 | no multiplexing
3:3,False,0.8468609294809456,no TTL,74,114.5,59.5,55.0,0.8261767966181414,0.8826849309840805,110,229,allocation 3:3 | no multiplexing
3:3,False,0.8468609294809456,no TTL,78,121.5,61.0,60.5,0.824409091231905,0.8806094077234716,121,243,allocation 3:3 | no multiplexing
3:3,False,0.8468609294809456,no TTL,68,114.5,58.0,56.5,0.8296261058607036,0.8820566606487313,113,229,allocation 3:3 | no multiplexing
3:3,False,0.8468609294809456,no TTL,73,115.5,53.5,62.0,0.8235068464484641,0.8844992495646135,124,231,allocation 3:3 | no multiplexing
3:3,False,0.8468609294809456,no TTL,76,119.0,62.0,57.0,0.8234796282559255,0.880675066324848,114,238,allocation 3:3 | no multiplexing
3:3,False,0.8468609294809456,no TTL,72,123.5,64.5,59.0,0.8299072196740662,0.883520414561625,118,247,allocation 3:3 | no multiplexing
3:3,False,0.8468609294809456,no TTL,69,116.5,63.5,53.0,0.8305648826476417,0.8834998102642688,106,233,allocation 3:3 | no multiplexing
3:3,False,0.8468609294809456,no TTL,77,113.0,61.5,51.5,0.8233530872000379,0.8822898661341982,103,226,allocation 3:3 | no multiplexing
3:3,False,0.8468609294809456,no TTL,75,113.0,58.0,55.0,0.824051400125131,0.8808881126582315,110,226,allocation 3:3 | no multiplexing
3:3,False,0.8468609294809456,no TTL,80,109.5,54.5,55.0,0.8219798485085104,0.8786995938310991,110,219,allocation 3:3 | no multiplexing
3:3,False,0.8468609294809456,no TTL,84,103.5,47.5,56.0,0.8227736069828957,0.8796231538445817,112,207,allocation 3:3 | no multiplexing
3:3,False,0.8468609294809456,no TTL,71,113.5,58.5,55.0,0.8301329223712703,0.8828445450144542,110,227,allocation 3:3 | no multiplexing
3:3,False,0.8468609294809456,no TTL,82,97.5,43.5,54.0,0.8134488026725278,0.8827278608915742,108,195,allocation 3:3 | no multiplexing
3:3,False,0.8468609294809456,no TTL,86,116.0,59.0,57.0,0.8208781790175397,0.8806948890615798,114,232,allocation 3:3 | no multiplexing
3:3,False,0.8468609294809456,no TTL,88,114.0,58.5,55.5,0.8251168748009958,0.8837188210630262,111,228,allocation 3:3 | no multiplexing
3:3,False,0.8468609294809456,no TTL,89,110.5,56.5,54.0,0.8223083493528218,0.8843554193099986,108,221,allocation 3:3 | no multiplexing
3:3,False,0.8468609294809456,no TTL,85,109.5,52.0,57.5,0.8162299842944679,0.880281732240228,115,219,allocation 3:3 | no multiplexing
3:3,False,0.8468609294809456,no TTL,83,112.5,56.5,56.0,0.8294456161605003,0.8824284316940976,112,225,allocation 3:3 | no multiplexing
3:3,False,0.8468609294809456,no TTL,81,113.0,59.5,53.5,0.832632115803054,0.885208300352836,107,226,allocation 3:3 | no multiplexing
3:3,False,0.8468609294809456,no TTL,87,109.5,54.5,55.0,0.8251684504701656,0.8851165256180563,110,219,allocation 3:3 | no multiplexing
3:3,False,0.8468609294809456,no TTL,79,134.5,76.5,58.0,0.8368524127622227,0.8825538722034136,116,269,allocation 3:3 | no multiplexing
3:3,False,0.8468609294809456,no TTL,91,114.5,54.5,60.0,0.8187931279173805,0.8816013936099222,120,229,allocation 3:3 | no multiplexing
3:3,False,0.8468609294809456,no TTL,94,121.0,62.0,59.0,0.8217034103460507,0.883626526705178,118,242,allocation 3:3 | no multiplexing
3:3,False,0.8468609294809456,no TTL,90,116.0,60.5,55.5,0.8301242861127638,0.8806163456159105,111,232,allocation 3:3 | no multiplexing
3:3,False,0.8468609294809456,no TTL,92,113.5,61.5,52.0,0.8256339303097175,0.8856115497275395,104,227,allocation 3:3 | no multiplexing
3:3,False,0.8468609294809456,no TTL,93,105.0,50.0,55.0,0.8183044329251769,0.883389058379515,110,210,allocation 3:3 | no multiplexing
3:3,False,0.8468609294809456,model TTL,22,102.0,98.5,3.5,0.8845558272465973,0.8859641651233983,7,204,allocation 3:3 | no multiplexing
3:3,False,0.8468609294809456,no TTL,96,118.5,60.5,58.0,0.8205801144761298,0.882038663789365,116,237,allocation 3:3 | no multiplexing
3:3,False,0.8468609294809456,no TTL,95,116.5,60.5,56.0,0.8294787916352916,0.8823598702785789,112,233,allocation 3:3 | no multiplexing
3:3,False,0.8468609294809456,no TTL,98,90.5,41.0,49.5,0.8177830880465841,0.8854630625467098,99,181,allocation 3:3 | no multiplexing
3:3,False,0.8468609294809456,no TTL,97,110.0,50.5,59.5,0.823643224173498,0.8844586940823431,119,220,allocation 3:3 | no multiplexing
3:3,False,0.8468609294809456,no TTL,99,105.0,47.0,58.0,0.8258787583738475,0.883163540129003,116,210,allocation 3:3 | no multiplexing
3:3,False,0.8468609294809456,model TTL,3,102.0,99.5,2.5,0.8833437158846994,0.8842930658694106,5,204,allocation 3:3 | no multiplexing
3:3,False,0.8468609294809456,model TTL,7,102.5,102.0,0.5,0.884077909766437,0.8842658962089,1,205,allocation 3:3 | no multiplexing
3:3,False,0.8468609294809456,model TTL,12,113.5,109.5,4.0,0.8827783169494261,0.8842333271636297,8,227,allocation 3:3 | no multiplexing
3:3,False,0.8468609294809456,model TTL,8,111.5,107.5,4.0,0.8812459434686563,0.8825975098379781,8,223,allocation 3:3 | no multiplexing
3:3,False,0.8468609294809456,model TTL,9,109.0,107.0,2.0,0.8836135182203076,0.8843274573805071,4,218,allocation 3:3 | no multiplexing
3:3,False,0.8468609294809456,model TTL,6,107.5,105.5,2.0,0.883072257290749,0.8837674592037492,4,215,allocation 3:3 | no multiplexing
3:3,False,0.8468609294809456,model TTL,4,120.5,117.0,3.5,0.884505479777832,0.8856615207017137,7,241,allocation 3:3 | no multiplexing
3:3,False,0.8468609294809456,model TTL,2,111.0,109.5,1.5,0.8834133308528948,0.8839242346950718,3,222,allocation 3:3 | no multiplexing
3:3,False,0.8468609294809456,model TTL,10,124.5,123.0,1.5,0.882330513274637,0.8827791850180047,3,249,allocation 3:3 | no multiplexing
3:3,False,0.8468609294809456,model TTL,15,107.5,105.0,2.5,0.8820407209857856,0.8829103580902017,5,215,allocation 3:3 | no multiplexing
3:3,False,0.8468609294809456,model TTL,5,110.5,109.0,1.5,0.8844297119011827,0.8849561980161201,3,221,allocation 3:3 | no multiplexing
3:3,False,0.8468609294809456,model TTL,1,131.0,127.0,4.0,0.8843447732640325,0.8855433054544726,8,262,allocation 3:3 | no multiplexing
3:3,False,0.8468609294809456,model TTL,13,103.5,99.0,4.5,0.8822166255198406,0.8838773389365786,9,207,allocation 3:3 | no multiplexing
3:3,False,0.8468609294809456,model TTL,0,122.5,119.0,3.5,0.8827763322951981,0.8838728400480792,7,245,allocation 3:3 | no multiplexing
3:3,False,0.8468609294809456,model TTL,14,119.5,116.0,3.5,0.8848326038492728,0.8860482951395866,7,239,allocation 3:3 | no multiplexing
3:3,False,0.8468609294809456,model TTL,18,112.0,108.5,3.5,0.8820458525389493,0.8832155980236754,7,224,allocation 3:3 | no multiplexing
3:3,False,0.8468609294809456,model TTL,16,112.5,108.5,4.0,0.8816687980220066,0.8829814280637022,8,225,allocation 3:3 | no multiplexing
3:3,False,0.8468609294809456,model TTL,20,97.0,93.5,3.5,0.8820928984478803,0.8834609066033413,7,194,allocation 3:3 | no multiplexing
3:3,False,0.8468609294809456,model TTL,11,123.0,121.0,2.0,0.8823106295625913,0.8829137535252314,4,246,allocation 3:3 | no multiplexing
3:3,False,0.8468609294809456,model TTL,17,124.0,121.5,2.5,0.883246333976741,0.8840211869848127,5,248,allocation 3:3 | no multiplexing
3:3,False,0.8468609294809456,model TTL,19,109.5,106.5,3.0,0.885406993299088,0.8865311603972906,6,219,allocation 3:3 | no multiplexing
3:3,False,0.8468609294809456,model TTL,21,118.0,115.5,2.5,0.8835127836695821,0.8843401395578757,5,236,allocation 3:3 | no multiplexing
3:3,False,0.8468609294809456,model TTL,23,116.0,112.5,3.5,0.8827701184566009,0.8839234587953048,7,232,allocation 3:3 | no multiplexing
3:3,False,0.8468609294809456,model TTL,25,121.0,120.0,1.0,0.8828212610267222,0.8831344279314793,2,242,allocation 3:3 | no multiplexing
3:3,False,0.8468609294809456,model TTL,24,120.0,117.5,2.5,0.8818467986840354,0.8826150293264674,5,240,allocation 3:3 | no multiplexing
3:3,False,0.8468609294809456,model TTL,26,117.0,113.5,3.5,0.8826826038992027,0.8838708310639756,7,234,allocation 3:3 | no multiplexing
3:3,False,0.8468609294809456,model TTL,27,91.5,89.5,2.0,0.8822376776883685,0.8830527425062212,4,183,allocation 3:3 | no multiplexing
3:3,False,0.8468609294809456,model TTL,29,102.5,101.5,1.0,0.8822020005314597,0.8825690763059576,2,205,allocation 3:3 | no multiplexing
3:3,False,0.8468609294809456,model TTL,31,106.0,103.0,3.0,0.8834978987542423,0.8846038730838652,6,212,allocation 3:3 | no multiplexing
3:3,False,0.8468609294809456,model TTL,30,113.0,109.5,3.5,0.8834968065617159,0.8847161256754118,7,226,allocation 3:3 | no multiplexing
3:3,False,0.8468609294809456,model TTL,28,129.0,126.0,3.0,0.882641128974762,0.8835241668336057,6,258,allocation 3:3 | no multiplexing
3:3,False,0.8468609294809456,model TTL,57,124.5,123.0,1.5,0.8832462309846157,0.8837419807889632,3,249,allocation 3:3 | no multiplexing
3:3,False,0.8468609294809456,model TTL,35,101.0,96.5,4.5,0.8833967514290507,0.8851475653027429,9,202,allocation 3:3 | no multiplexing
3:3,False,0.8468609294809456,model TTL,32,121.0,117.5,3.5,0.882348819990611,0.8834960329738972,7,242,allocation 3:3 | no multiplexing
3:3,False,0.8468609294809456,model TTL,39,108.5,105.5,3.0,0.8825349475638419,0.8835753858590923,6,217,allocation 3:3 | no multiplexing
3:3,False,0.8468609294809456,model TTL,37,118.5,116.0,2.5,0.8838378359916216,0.8846683490744196,5,237,allocation 3:3 | no multiplexing
3:3,False,0.8468609294809456,model TTL,44,91.0,87.0,4.0,0.8827032899163322,0.8843962356151498,8,182,allocation 3:3 | no multiplexing
3:3,False,0.8468609294809456,model TTL,43,111.0,110.0,1.0,0.8838370093611081,0.8841844210612324,2,222,allocation 3:3 | no multiplexing
3:3,False,0.8468609294809456,model TTL,33,101.5,96.5,5.0,0.8835659307901388,0.8855289259595739,10,203,allocation 3:3 | no multiplexing
3:3,False,0.8468609294809456,model TTL,34,113.0,110.0,3.0,0.8829900450843347,0.8840088394215645,6,226,allocation 3:3 | no multiplexing
3:3,False,0.8468609294809456,model TTL,45,104.5,100.5,4.0,0.8830428734783926,0.8845753803132228,8,209,allocation 3:3 | no multiplexing
3:3,False,0.8468609294809456,model TTL,40,113.0,110.0,3.0,0.8809448791996756,0.8819473675145176,6,226,allocation 3:3 | no multiplexing
3:3,False,0.8468609294809456,model TTL,41,102.5,99.0,3.5,0.8842893221542824,0.8856511780551372,7,205,allocation 3:3 | no multiplexing
3:3,False,0.8468609294809456,model TTL,42,110.0,106.0,4.0,0.885063950520374,0.8865543277110169,8,220,allocation 3:3 | no multiplexing
3:3,False,0.8468609294809456,model TTL,38,110.5,108.5,2.0,0.8834110042587097,0.8841446376063978,4,221,allocation 3:3 | no multiplexing
3:3,False,0.8468609294809456,model TTL,50,100.0,96.0,4.0,0.8803535164974247,0.8818192246857519,8,200,allocation 3:3 | no multiplexing
3:3,False,0.8468609294809456,model TTL,51,106.5,104.0,2.5,0.8817129730195288,0.8825700590271557,5,213,allocation 3:3 | no multiplexing
3:3,False,0.8468609294809456,model TTL,47,111.5,107.5,4.0,0.8824729112807136,0.8838537212592037,8,223,allocation 3:3 | no multiplexing
3:3,False,0.8468609294809456,model TTL,49,112.0,108.5,3.5,0.8824662774865735,0.8836476900885795,7,224,allocation 3:3 | no multiplexing
3:3,False,0.8468609294809456,model TTL,52,120.5,118.5,2.0,0.8837032127628569,0.8843402424799754,4,241,allocation 3:3 | no multiplexing
3:3,False,0.8468609294809456,model TTL,46,113.5,111.0,2.5,0.8830606469989236,0.883894603611475,5,227,allocation 3:3 | no multiplexing
3:3,False,0.8468609294809456,model TTL,36,109.0,106.5,2.5,0.8835283220911407,0.8844511082725318,5,218,allocation 3:3 | no multiplexing
3:3,False,0.8468609294809456,model TTL,48,110.0,105.0,5.0,0.8813323159524684,0.8830580691624247,10,220,allocation 3:3 | no multiplexing
3:3,False,0.8468609294809456,model TTL,54,98.5,96.0,2.5,0.8837906581060364,0.8847955336868384,5,197,allocation 3:3 | no multiplexing
3:3,False,0.8468609294809456,model TTL,53,122.0,117.0,5.0,0.881943857645952,0.8835663084559198,10,244,allocation 3:3 | no multiplexing
3:3,False,0.8468609294809456,model TTL,56,101.0,100.0,1.0,0.8845832538974302,0.8849731537734584,2,202,allocation 3:3 | no multiplexing
3:3,False,0.8468609294809456,model TTL,55,104.0,102.0,2.0,0.8823569254437965,0.8830666072630188,4,208,allocation 3:3 | no multiplexing
3:3,False,0.8468609294809456,model TTL,63,108.0,105.5,2.5,0.8821165364482701,0.8829846340490296,5,216,allocation 3:3 | no multiplexing
3:3,False,0.8468609294809456,model TTL,58,108.5,107.0,1.5,0.882445939068246,0.8829543237404281,3,217,allocation 3:3 | no multiplexing
3:3,False,0.8468609294809456,model TTL,59,112.0,110.0,2.0,0.8837168795541656,0.8844050088080082,4,224,allocation 3:3 | no multiplexing
3:3,False,0.8468609294809456,model TTL,62,108.0,105.5,2.5,0.8802402955463298,0.8810683563472026,5,216,allocation 3:3 | no multiplexing
3:3,False,0.8468609294809456,model TTL,60,115.5,114.0,1.5,0.8842668941483709,0.8847820611031662,3,231,allocation 3:3 | no multiplexing
3:3,False,0.8468609294809456,model TTL,61,126.5,123.5,3.0,0.8841712096780575,0.8851226600908542,6,253,allocation 3:3 | no multiplexing
3:3,False,0.8468609294809456,model TTL,64,119.0,116.5,2.5,0.8845646342371788,0.8853989471502576,5,238,allocation 3:3 | no multiplexing
3:3,False,0.8468609294809456,model TTL,69,110.0,108.0,2.0,0.8831213657090955,0.8838199616743062,4,220,allocation 3:3 | no multiplexing
3:3,False,0.8468609294809456,model TTL,71,103.5,102.5,1.0,0.8827499575031356,0.883112712563905,2,207,allocation 3:3 | no multiplexing
3:3,False,0.8468609294809456,model TTL,68,116.0,115.0,1.0,0.883674226745703,0.8840180532927218,2,232,allocation 3:3 | no multiplexing
3:3,False,0.8468609294809456,model TTL,65,124.0,119.5,4.5,0.8842560342418241,0.8857102387798713,9,248,allocation 3:3 | no multiplexing
3:3,False,0.8468609294809456,model TTL,67,116.0,115.5,0.5,0.8819566336551292,0.8821122916899901,1,232,allocation 3:3 | no multiplexing
3:3,False,0.8468609294809456,model TTL,66,124.5,122.0,2.5,0.8847799961780595,0.8855819986356988,5,249,allocation 3:3 | no multiplexing
3:3,False,0.8468609294809456,model TTL,74,119.0,116.5,2.5,0.8829532475915756,0.8837715147729466,5,238,allocation 3:3 | no multiplexing
3:3,False,0.8468609294809456,model TTL,78,123.0,119.0,4.0,0.8833021943183432,0.8845643605867863,8,246,allocation 3:3 | no multiplexing
3:3,False,0.8468609294809456,model TTL,73,115.5,110.5,5.0,0.881935880125738,0.8835940149911609,10,231,allocation 3:3 | no multiplexing
3:3,False,0.8468609294809456,model TTL,79,104.5,101.5,3.0,0.8856732470957605,0.8868579940794377,6,209,allocation 3:3 | no multiplexing
3:3,False,0.8468609294809456,model TTL,72,115.0,112.5,2.5,0.8850090675073667,0.8858914656843587,5,230,allocation 3:3 | no multiplexing
3:3,False,0.8468609294809456,model TTL,70,114.5,113.5,1.0,0.8854701771191549,0.885836772500697,2,229,allocation 3:3 | no multiplexing
3:3,False,0.8468609294809456,model TTL,77,120.0,116.0,4.0,0.8839958954270276,0.885297308832876,8,240,allocation 3:3 | no multiplexing
3:3,False,0.8468609294809456,model TTL,81,108.5,106.5,2.0,0.8816781428458974,0.8823654202449296,4,217,allocation 3:3 | no multiplexing
3:3,False,0.8468609294809456,model TTL,75,126.0,123.0,3.0,0.8836311946972806,0.8845602621074654,6,252,allocation 3:3 | no multiplexing
3:3,False,0.8468609294809456,model TTL,80,116.5,113.0,3.5,0.8833275423657497,0.8845211745891511,7,233,allocation 3:3 | no multiplexing
3:3,False,0.8468609294809456,model TTL,76,121.5,118.0,3.5,0.8823773145774045,0.8834608701114907,7,243,allocation 3:3 | no multiplexing
3:3,False,0.8468609294809456,model TTL,84,112.0,110.0,2.0,0.8844974657722169,0.8852036941891693,4,224,allocation 3:3 | no multiplexing
3:3,False,0.8468609294809456,model TTL,82,115.0,113.0,2.0,0.882676264736824,0.8833339129279602,4,230,allocation 3:3 | no multiplexing
3:3,False,0.8468609294809456,model TTL,86,113.5,111.5,2.0,0.8841960405639318,0.8848927071542085,4,227,allocation 3:3 | no multiplexing
3:3,False,0.8468609294809456,model TTL,85,118.0,116.5,1.5,0.8838523422653596,0.884347254986043,3,236,allocation 3:3 | no multiplexing
3:3,False,0.8468609294809456,model TTL,83,123.5,120.0,3.5,0.8828486355512494,0.8839269840149022,7,247,allocation 3:3 | no multiplexing
3:3,False,0.8468609294809456,model TTL,87,105.5,103.0,2.5,0.8826865830631516,0.8835795213787189,5,211,allocation 3:3 | no multiplexing
3:3,False,0.8468609294809456,model TTL,89,111.0,109.0,2.0,0.8821309917660609,0.8828329980182156,4,222,allocation 3:3 | no multiplexing
3:3,False,0.8468609294809456,model TTL,88,106.5,104.5,2.0,0.8817777185398825,0.8825102758592552,4,213,allocation 3:3 | no multiplexing
3:3,False,0.8468609294809456,model TTL,91,110.0,106.5,3.5,0.8834983473923748,0.8847467716630892,7,220,allocation 3:3 | no multiplexing
3:3,False,0.8468609294809456,model TTL,90,101.0,98.5,2.5,0.8826336246174463,0.8835766059422957,5,202,allocation 3:3 | no multiplexing
3:3,False,0.8468609294809456,model TTL,93,114.5,112.0,2.5,0.8837364640267394,0.8845924508568274,5,229,allocation 3:3 | no multiplexing
3:3,False,0.8468609294809456,model TTL,92,121.5,120.5,1.0,0.8833069269561228,0.8836180984641057,2,243,allocation 3:3 | no multiplexing
3:3,False,0.8468609294809456,model TTL,94,106.5,105.5,1.0,0.8807347052971312,0.8810698368536523,2,213,allocation 3:3 | no multiplexing
3:3,False,0.8468609294809456,model TTL,97,118.5,115.5,3.0,0.8819437002583431,0.8828857306921003,6,237,allocation 3:3 | no multiplexing
3:3,False,0.8468609294809456,model TTL,95,113.5,111.5,2.0,0.8846384273784929,0.885335866595361,4,227,allocation 3:3 | no multiplexing
3:3,False,0.8468609294809456,model TTL,96,109.5,106.5,3.0,0.8819286479051557,0.8829659039718482,6,219,allocation 3:3 | no multiplexing
3:3,False,0.8468609294809456,model TTL,99,111.0,108.5,2.5,0.8819568206533732,0.882811843231399,5,222,allocation 3:3 | no multiplexing
3:3,False,0.8468609294809456,model TTL,98,108.5,105.0,3.5,0.8814307753025588,0.8826197801423015,7,217,allocation 3:3 | no multiplexing
3:3,False,0.8791479059745941,no TTL,7,112.5,31.5,81.0,0.8283233492036903,0.8968286590063516,162,225,allocation 3:3 | no multiplexing
3:3,False,0.8791479059745941,no TTL,5,97.0,22.5,74.5,0.8134938483708116,0.8952415143189462,149,194,allocation 3:3 | no multiplexing
3:3,False,0.8791479059745941,no TTL,0,104.5,23.0,81.5,0.8101359049300112,0.896826115472304,163,209,allocation 3:3 | no multiplexing
3:3,False,0.8791479059745941,no TTL,8,103.5,29.5,74.0,0.818665574851629,0.8938825424625033,148,207,allocation 3:3 | no multiplexing
3:3,False,0.8791479059745941,no TTL,12,106.0,28.5,77.5,0.8149318404883253,0.8972990240824978,155,212,allocation 3:3 | no multiplexing
3:3,False,0.8791479059745941,no TTL,9,110.5,33.5,77.0,0.8257398013560884,0.8965128796247388,154,221,allocation 3:3 | no multiplexing
3:3,False,0.8791479059745941,no TTL,13,118.0,34.5,83.5,0.8252382858878831,0.8972031575987537,167,236,allocation 3:3 | no multiplexing
3:3,False,0.8791479059745941,no TTL,27,108.5,28.5,80.0,0.8202374261939934,0.8955481429732802,160,217,allocation 3:3 | no multiplexing
3:3,False,0.8791479059745941,no TTL,14,109.5,34.5,75.0,0.8246047193093161,0.8974473289727902,150,219,allocation 3:3 | no multiplexing
3:3,False,0.8791479059745941,no TTL,4,109.0,28.0,81.0,0.8160618681415681,0.8947205533508353,162,218,allocation 3:3 | no multiplexing
3:3,False,0.8791479059745941,no TTL,21,105.5,36.0,69.5,0.8219633825305839,0.8941543025147918,139,211,allocation 3:3 | no multiplexing
3:3,False,0.8791479059745941,no TTL,26,109.0,30.0,79.0,0.8206095370476754,0.8955923877554087,158,218,allocation 3:3 | no multiplexing
3:3,False,0.8791479059745941,no TTL,1,108.5,38.0,70.5,0.8313012014345614,0.895553819769598,141,217,allocation 3:3 | no multiplexing
3:3,False,0.8791479059745941,no TTL,20,108.0,28.5,79.5,0.8210324803708685,0.8964668557576124,159,216,allocation 3:3 | no multiplexing
3:3,False,0.8791479059745941,no TTL,18,107.5,28.5,79.0,0.8161873621129095,0.8941967652308883,158,215,allocation 3:3 | no multiplexing
3:3,False,0.8791479059745941,no TTL,19,120.0,36.0,84.0,0.8238860210364308,0.8955077442267441,168,240,allocation 3:3 | no multiplexing
3:3,False,0.8791479059745941,no TTL,22,105.0,31.5,73.5,0.8324843128928305,0.8944499928716769,147,210,allocation 3:3 | no multiplexing
3:3,False,0.8791479059745941,no TTL,3,109.5,28.5,81.0,0.8220600943607748,0.8984006179917816,162,219,allocation 3:3 | no multiplexing
3:3,False,0.8791479059745941,no TTL,6,111.5,31.5,80.0,0.8308708072301997,0.8960460914178088,160,223,allocation 3:3 | no multiplexing
3:3,False,0.8791479059745941,no TTL,25,106.0,34.5,71.5,0.8275960333809539,0.8944733340808065,143,212,allocation 3:3 | no multiplexing
3:3,False,0.8791479059745941,no TTL,16,118.5,35.0,83.5,0.829250664418201,0.8967515645269726,167,237,allocation 3:3 | no multiplexing
3:3,False,0.8791479059745941,no TTL,15,123.5,48.0,75.5,0.8332954759740809,0.8953333539157781,151,247,allocation 3:3 | no multiplexing
3:3,False,0.8791479059745941,no TTL,11,117.5,33.0,84.5,0.8215353987779941,0.8929764132541218,169,235,allocation 3:3 | no multiplexing
3:3,False,0.8791479059745941,no TTL,30,100.5,27.0,73.5,0.8169315631055951,0.8945705100660837,147,201,allocation 3:3 | no multiplexing
3:3,False,0.8791479059745941,no TTL,2,106.5,33.5,73.0,0.8273356352729867,0.8947473734712346,146,213,allocation 3:3 | no multiplexing
3:3,False,0.8791479059745941,no TTL,17,113.5,33.0,80.5,0.8226827264974677,0.8930750579666965,161,227,allocation 3:3 | no multiplexing
3:3,False,0.8791479059745941,no TTL,28,110.0,37.5,72.5,0.832729341451044,0.8975693224362303,145,220,allocation 3:3 | no multiplexing
3:3,False,0.8791479059745941,no TTL,10,117.5,34.0,83.5,0.8335981507360524,0.8961844921875444,167,235,allocation 3:3 | no multiplexing
3:3,False,0.8791479059745941,no TTL,24,127.5,36.0,91.5,0.8250784176411226,0.8965292510842473,183,255,allocation 3:3 | no multiplexing
3:3,False,0.8791479059745941,no TTL,29,123.5,36.5,87.0,0.8279319111882388,0.8980255121947741,174,247,allocation 3:3 | no multiplexing
3:3,False,0.8791479059745941,no TTL,23,116.0,34.5,81.5,0.8227666350382293,0.8969455213311176,163,232,allocation 3:3 | no multiplexing
3:3,False,0.8791479059745941,no TTL,31,113.0,34.5,78.5,0.8254691772863243,0.8972229837071611,157,226,allocation 3:3 | no multiplexing
3:3,False,0.8791479059745941,no TTL,62,118.5,39.5,79.0,0.829658733111186,0.8963144929284734,158,237,allocation 3:3 | no multiplexing
3:3,False,0.8791479059745941,no TTL,33,110.5,31.0,79.5,0.821976454568733,0.895751353942964,159,221,allocation 3:3 | no multiplexing
3:3,False,0.8791479059745941,no TTL,32,105.5,27.5,78.0,0.8231283915144583,0.8960097569868334,156,211,allocation 3:3 | no multiplexing
3:3,False,0.8791479059745941,no TTL,36,98.5,30.0,68.5,0.8132168344341277,0.8961632990028501,137,197,allocation 3:3 | no multiplexing
3:3,False,0.8791479059745941,no TTL,35,105.0,25.5,79.5,0.8172179275975342,0.8961756042529091,159,210,allocation 3:3 | no multiplexing
3:3,False,0.8791479059745941,no TTL,43,104.0,27.0,77.0,0.8092448333747115,0.8964047578397742,154,208,allocation 3:3 | no multiplexing
3:3,False,0.8791479059745941,no TTL,56,96.0,19.5,76.5,0.8072046789609325,0.8975309631536842,153,192,allocation 3:3 | no multiplexing
3:3,False,0.8791479059745941,no TTL,41,100.0,24.5,75.5,0.8226998658159761,0.8981444947310877,151,200,allocation 3:3 | no multiplexing
3:3,False,0.8791479059745941,no TTL,45,109.5,31.5,78.0,0.8233889719013423,0.8970409598600891,156,219,allocation 3:3 | no multiplexing
3:3,False,0.8791479059745941,no TTL,34,118.5,39.5,79.0,0.8328159863875404,0.896919926050862,158,237,allocation 3:3 | no multiplexing
3:3,False,0.8791479059745941,no TTL,42,121.0,34.0,87.0,0.8218912150940778,0.8964303581009644,174,242,allocation 3:3 | no multiplexing
3:3,False,0.8791479059745941,no TTL,48,113.5,33.5,80.0,0.8199118546599066,0.8986580675075903,160,227,allocation 3:3 | no multiplexing
3:3,False,0.8791479059745941,no TTL,37,113.0,32.0,81.0,0.8200994775813971,0.8957684990161056,162,226,allocation 3:3 | no multiplexing
3:3,False,0.8791479059745941,no TTL,40,102.5,28.5,74.0,0.8234359740286172,0.8955385236040335,148,205,allocation 3:3 | no multiplexing
3:3,False,0.8791479059745941,no TTL,44,115.0,25.5,89.5,0.8245186607755092,0.8959371922466975,179,230,allocation 3:3 | no multiplexing
3:3,False,0.8791479059745941,no TTL,49,111.5,35.5,76.0,0.8196719099883587,0.8966022310774349,152,223,allocation 3:3 | no multiplexing
3:3,False,0.8791479059745941,no TTL,38,110.5,33.5,77.0,0.8283013176080807,0.8985340288533153,154,221,allocation 3:3 | no multiplexing
3:3,False,0.8791479059745941,no TTL,46,107.0,28.5,78.5,0.8292367269271836,0.8956245881248102,157,214,allocation 3:3 | no multiplexing
3:3,False,0.8791479059745941,no TTL,39,123.0,38.5,84.5,0.8334207945489274,0.8960204053188426,169,246,allocation 3:3 | no multiplexing
3:3,False,0.8791479059745941,no TTL,55,118.0,37.5,80.5,0.8275341378552277,0.8956614416448743,161,236,allocation 3:3 | no multiplexing
3:3,False,0.8791479059745941,no TTL,57,102.5,30.5,72.0,0.8273236437700882,0.8939763563270214,144,205,allocation 3:3 | no multiplexing
3:3,False,0.8791479059745941,no TTL,52,103.0,34.0,69.0,0.8302517589676239,0.8976058978268989,138,206,allocation 3:3 | no multiplexing
3:3,False,0.8791479059745941,no TTL,51,116.5,31.0,85.5,0.8253160183266325,0.897102484920751,171,233,allocation 3:3 | no multiplexing
3:3,False,0.8791479059745941,no TTL,50,111.0,32.5,78.5,0.8294115399304705,0.8960901971452218,157,222,allocation 3:3 | no multiplexing
3:3,False,0.8791479059745941,no TTL,58,126.5,41.0,85.5,0.8283058805254773,0.8972625700174767,171,253,allocation 3:3 | no multiplexing
3:3,False,0.8791479059745941,no TTL,60,113.0,30.5,82.5,0.8219963492405122,0.8955248546473357,165,226,allocation 3:3 | no multiplexing
3:3,False,0.8791479059745941,no TTL,47,125.5,37.0,88.5,0.8283159855562963,0.8960621194260362,177,251,allocation 3:3 | no multiplexing
3:3,False,0.8791479059745941,no TTL,54,102.0,25.5,76.5,0.8250077640079772,0.8966681813062559,153,204,allocation 3:3 | no multiplexing
3:3,False,0.8791479059745941,no TTL,53,123.0,34.5,88.5,0.8283272182499993,0.8966983066498077,177,246,allocation 3:3 | no multiplexing
3:3,False,0.8791479059745941,no TTL,59,119.5,41.0,78.5,0.8297195186266443,0.8980309583305986,157,239,allocation 3:3 | no multiplexing
3:3,False,0.8791479059745941,no TTL,61,123.5,40.0,83.5,0.8248346510718589,0.8970397655807932,167,247,allocation 3:3 | no multiplexing
3:3,False,0.8791479059745941,no TTL,63,121.0,33.0,88.0,0.8222800080448753,0.8970469916051829,176,242,allocation 3:3 | no multiplexing
3:3,False,0.8791479059745941,no TTL,64,118.0,37.5,80.5,0.824452607600893,0.8959755891729673,161,236,allocation 3:3 | no multiplexing
3:3,False,0.8791479059745941,no TTL,67,115.5,28.5,87.0,0.8211586951112905,0.8974866893584681,174,231,allocation 3:3 | no multiplexing
3:3,False,0.8791479059745941,no TTL,66,123.5,42.0,81.5,0.8310414349713329,0.8965598677891401,163,247,allocation 3:3 | no multiplexing
3:3,False,0.8791479059745941,no TTL,70,103.0,29.0,74.0,0.8223624264077368,0.8986353262759642,148,206,allocation 3:3 | no multiplexing
3:3,False,0.8791479059745941,no TTL,74,114.5,36.5,78.0,0.8261767966181414,0.8945541426026713,156,229,allocation 3:3 | no multiplexing
3:3,False,0.8791479059745941,no TTL,78,121.5,32.0,89.5,0.824409091231905,0.8964618734358377,179,243,allocation 3:3 | no multiplexing
3:3,False,0.8791479059745941,no TTL,77,113.0,33.5,79.5,0.8233530872000379,0.896900747696286,159,226,allocation 3:3 | no multiplexing
3:3,False,0.8791479059745941,no TTL,68,114.5,33.5,81.0,0.8296261058607036,0.8958099844862993,162,229,allocation 3:3 | no multiplexing
3:3,False,0.8791479059745941,no TTL,76,119.0,31.0,88.0,0.8234796282559255,0.8974598121173043,176,238,allocation 3:3 | no multiplexing
3:3,False,0.8791479059745941,no TTL,65,126.5,39.5,87.0,0.8326844778092864,0.8956841315010138,174,253,allocation 3:3 | no multiplexing
3:3,False,0.8791479059745941,no TTL,73,115.5,33.0,82.5,0.8235068464484641,0.8957971673364841,165,231,allocation 3:3 | no multiplexing
3:3,False,0.8791479059745941,no TTL,75,113.0,33.0,80.0,0.824051400125131,0.8948787903295564,160,226,allocation 3:3 | no multiplexing
3:3,False,0.8791479059745941,no TTL,69,116.5,38.5,78.0,0.8305648826476417,0.8965065525852892,156,233,allocation 3:3 | no multiplexing
3:3,False,0.8791479059745941,no TTL,80,109.5,27.0,82.5,0.8219798485085104,0.8954701276802278,165,219,allocation 3:3 | no multiplexing
3:3,False,0.8791479059745941,no TTL,72,123.5,40.0,83.5,0.8299072196740662,0.8948924666596206,167,247,allocation 3:3 | no multiplexing
3:3,False,0.8791479059745941,no TTL,71,113.5,33.0,80.5,0.8301329223712703,0.8984057681348159,161,227,allocation 3:3 | no multiplexing
3:3,False,0.8791479059745941,no TTL,84,103.5,26.5,77.0,0.8227736069828957,0.8927772427112869,154,207,allocation 3:3 | no multiplexing
3:3,False,0.8791479059745941,no TTL,82,97.5,23.0,74.5,0.8134488026725278,0.8994889581618845,149,195,allocation 3:3 | no multiplexing
3:3,False,0.8791479059745941,no TTL,88,114.0,34.5,79.5,0.8251168748009958,0.8970484243911624,159,228,allocation 3:3 | no multiplexing
3:3,False,0.8791479059745941,no TTL,89,110.5,38.5,72.0,0.8223083493528218,0.8957264834386751,144,221,allocation 3:3 | no multiplexing
3:3,False,0.8791479059745941,no TTL,86,116.0,31.0,85.0,0.8208781790175397,0.8962023114774871,170,232,allocation 3:3 | no multiplexing
3:3,False,0.8791479059745941,no TTL,85,109.5,28.0,81.5,0.8162299842944679,0.8953744123175406,163,219,allocation 3:3 | no multiplexing
3:3,False,0.8791479059745941,no TTL,81,113.0,37.5,75.5,0.832632115803054,0.8975010677778112,151,226,allocation 3:3 | no multiplexing
3:3,False,0.8791479059745941,no TTL,83,112.5,32.5,80.0,0.8294456161605003,0.8957183104009698,160,225,allocation 3:3 | no multiplexing
3:3,False,0.8791479059745941,no TTL,91,114.5,29.0,85.5,0.8187931279173805,0.8975586983310779,171,229,allocation 3:3 | no multiplexing
3:3,False,0.8791479059745941,no TTL,87,109.5,34.0,75.5,0.8251684504701656,0.8973118772879131,151,219,allocation 3:3 | no multiplexing
3:3,False,0.8791479059745941,no TTL,79,134.5,46.0,88.5,0.8368524127622227,0.895290327704064,177,269,allocation 3:3 | no multiplexing
3:3,False,0.8791479059745941,no TTL,92,113.5,40.5,73.0,0.8256339303097175,0.8953836599744873,146,227,allocation 3:3 | no multiplexing
3:3,False,0.8791479059745941,no TTL,94,121.0,37.0,84.0,0.8217034103460507,0.8958959600059869,168,242,allocation 3:3 | no multiplexing
3:3,False,0.8791479059745941,no TTL,90,116.0,31.5,84.5,0.8301242861127638,0.8962294803218349,169,232,allocation 3:3 | no multiplexing
3:3,False,0.8791479059745941,no TTL,93,105.0,30.0,75.0,0.8183044329251769,0.8952703839105471,150,210,allocation 3:3 | no multiplexing
3:3,False,0.8791479059745941,no TTL,97,110.0,31.5,78.5,0.823643224173498,0.8952437822892267,157,220,allocation 3:3 | no multiplexing
3:3,False,0.8791479059745941,no TTL,95,116.5,35.5,81.0,0.8294787916352916,0.8964901886051746,162,233,allocation 3:3 | no multiplexing
3:3,False,0.8791479059745941,no TTL,96,118.5,32.5,86.0,0.8205801144761298,0.8970452288340145,172,237,allocation 3:3 | no multiplexing
3:3,False,0.8791479059745941,no TTL,98,90.5,25.5,65.0,0.8177830880465841,0.8972402149156994,130,181,allocation 3:3 | no multiplexing
3:3,False,0.8791479059745941,no TTL,99,105.0,27.0,78.0,0.8258787583738475,0.8986850589812256,156,210,allocation 3:3 | no multiplexing
3:3,False,0.8791479059745941,model TTL,23,113.0,111.0,2.0,0.8967182632564787,0.8970825212190785,4,226,allocation 3:3 | no multiplexing
3:3,False,0.8791479059745941,model TTL,3,105.5,104.0,1.5,0.8965752234761165,0.8968898487167709,3,211,allocation 3:3 | no multiplexing
3:3,False,0.8791479059745941,model TTL,4,115.0,114.5,0.5,0.8966340597823825,0.8967330440452852,1,230,allocation 3:3 | no multiplexing
3:3,False,0.8791479059745941,model TTL,6,109.0,107.5,1.5,0.8971089523459277,0.8973958704732885,3,218,allocation 3:3 | no multiplexing
3:3,False,0.8791479059745941,model TTL,7,107.5,106.0,1.5,0.8977203363218063,0.8980122134961375,3,215,allocation 3:3 | no multiplexing
3:3,False,0.8791479059745941,model TTL,8,109.0,107.0,2.0,0.8977696522772276,0.8982087179944207,4,218,allocation 3:3 | no multiplexing
3:3,False,0.8791479059745941,model TTL,1,120.5,120.5,0.0,0.8973253628643171,0.8973253628643171,0,241,allocation 3:3 | no multiplexing
3:3,False,0.8791479059745941,model TTL,12,109.0,105.5,3.5,0.8970357552445508,0.8977037301972023,7,218,allocation 3:3 | no multiplexing
3:3,False,0.8791479059745941,model TTL,2,115.0,113.0,2.0,0.8977901472799049,0.8981525465912448,4,230,allocation 3:3 | no multiplexing
3:3,False,0.8791479059745941,model TTL,9,93.5,92.5,1.0,0.8976413951830722,0.8979155324985895,2,187,allocation 3:3 | no multiplexing
3:3,False,0.8791479059745941,model TTL,13,106.0,104.5,1.5,0.8977965550904361,0.8981134369472561,3,212,allocation 3:3 | no multiplexing
3:3,False,0.8791479059745941,model TTL,5,114.0,111.5,2.5,0.89724848524785,0.8977557432120916,5,228,allocation 3:3 | no multiplexing
3:3,False,0.8791479059745941,model TTL,0,111.0,109.5,1.5,0.8970622107796081,0.8973313347301952,3,222,allocation 3:3 | no multiplexing
3:3,False,0.8791479059745941,model TTL,10,116.0,114.0,2.0,0.8968888518815299,0.897239828354688,4,232,allocation 3:3 | no multiplexing
3:3,False,0.8791479059745941,model TTL,14,114.5,113.5,1.0,0.8970880049044175,0.8972631956590619,2,229,allocation 3:3 | no multiplexing
3:3,False,0.8791479059745941,model TTL,15,114.5,113.5,1.0,0.8981049882771788,0.8982806025352438,2,229,allocation 3:3 | no multiplexing
3:3,False,0.8791479059745941,model TTL,19,105.0,103.5,1.5,0.8985317954601545,0.8988454242852324,3,210,allocation 3:3 | no multiplexing
3:3,False,0.8791479059745941,model TTL,18,98.5,97.0,1.5,0.8974441251181091,0.8978175880006936,3,197,allocation 3:3 | no multiplexing
3:3,False,0.8791479059745941,model TTL,11,122.0,121.0,1.0,0.8977572468181761,0.8979573329487677,2,244,allocation 3:3 | no multiplexing
3:3,False,0.8791479059745941,model TTL,17,110.5,109.5,1.0,0.8981844472735716,0.8983929388828,2,221,allocation 3:3 | no multiplexing
3:3,False,0.8791479059745941,model TTL,16,112.5,111.0,1.5,0.8963601152820283,0.8966510255177231,3,225,allocation 3:3 | no multiplexing
3:3,False,0.8791479059745941,model TTL,20,110.5,107.5,3.0,0.8961940666195937,0.8967521718148576,6,221,allocation 3:3 | no multiplexing
3:3,False,0.8791479059745941,model TTL,21,118.5,118.0,0.5,0.8982201902036601,0.8983084912020532,1,237,allocation 3:3 | no multiplexing
3:3,False,0.8791479059745941,model TTL,22,107.5,105.5,2.0,0.8966904538693606,0.8971013045482484,4,215,allocation 3:3 | no multiplexing
3:3,False,0.8791479059745941,model TTL,24,125.0,124.0,1.0,0.8966986030767665,0.8968769295989513,2,250,allocation 3:3 | no multiplexing
3:3,False,0.8791479059745941,model TTL,25,105.5,105.0,0.5,0.8970047012253374,0.8971130587782149,1,211,allocation 3:3 | no multiplexing
3:3,False,0.8791479059745941,model TTL,31,102.5,102.0,0.5,0.8962833145217054,0.8964108569896417,1,205,allocation 3:3 | no multiplexing
3:3,False,0.8791479059745941,model TTL,27,100.0,98.5,1.5,0.8975211452379481,0.8978560986577122,3,200,allocation 3:3 | no multiplexing
3:3,False,0.8791479059745941,model TTL,29,105.0,102.5,2.5,0.8964730351770236,0.8969643023555272,5,210,allocation 3:3 | no multiplexing
3:3,False,0.8791479059745941,model TTL,26,106.0,104.5,1.5,0.8978126336049062,0.8981226380367834,3,212,allocation 3:3 | no multiplexing
3:3,False,0.8791479059745941,model TTL,30,110.5,109.0,1.5,0.896955206384767,0.8972152194640476,3,221,allocation 3:3 | no multiplexing
3:3,False,0.8791479059745941,model TTL,28,115.0,114.5,0.5,0.8982656928858349,0.8983507078250037,1,230,allocation 3:3 | no multiplexing
3:3,False,0.8791479059745941,model TTL,50,96.5,95.0,1.5,0.8967827109478042,0.8971367834570017,3,193,allocation 3:3 | no multiplexing
3:3,False,0.8791479059745941,model TTL,36,117.0,116.0,1.0,0.8973580030415336,0.8975246007988501,2,234,allocation 3:3 | no multiplexing
3:3,False,0.8791479059745941,model TTL,35,105.0,103.0,2.0,0.8967342873350974,0.8971391139940565,4,210,allocation 3:3 | no multiplexing
3:3,False,0.8791479059745941,model TTL,33,110.0,109.0,1.0,0.8982228353940994,0.8984119670155429,2,220,allocation 3:3 | no multiplexing
3:3,False,0.8791479059745941,model TTL,38,98.0,97.0,1.0,0.896803381684508,0.8970232837632914,2,196,allocation 3:3 | no multiplexing
3:3,False,0.8791479059745941,model TTL,43,111.5,111.0,0.5,0.8968699962001562,0.8969498810931216,1,223,allocation 3:3 | no multiplexing
3:3,False,0.8791479059745941,model TTL,42,113.5,113.0,0.5,0.8969283760441354,0.8970074836379037,1,227,allocation 3:3 | no multiplexing
3:3,False,0.8791479059745941,model TTL,32,113.0,111.0,2.0,0.8980110807976225,0.8984097074265941,4,226,allocation 3:3 | no multiplexing
3:3,False,0.8791479059745941,model TTL,34,110.5,109.5,1.0,0.8963827892853143,0.8965772163452659,2,221,allocation 3:3 | no multiplexing
3:3,False,0.8791479059745941,model TTL,44,111.5,111.5,0.0,0.8973663591057393,0.8973663591057393,0,223,allocation 3:3 | no multiplexing
3:3,False,0.8791479059745941,model TTL,41,120.0,118.5,1.5,0.8965322237387666,0.8968156743950403,3,240,allocation 3:3 | no multiplexing
3:3,False,0.8791479059745941,model TTL,48,109.0,108.5,0.5,0.8974377796263819,0.897526790853613,1,218,allocation 3:3 | no multiplexing
3:3,False,0.8791479059745941,model TTL,40,114.0,113.0,1.0,0.8974309332783449,0.8976203761070148,2,228,allocation 3:3 | no multiplexing
3:3,False,0.8791479059745941,model TTL,45,110.0,110.0,0.0,0.8966129165253938,0.8966129165253938,0,220,allocation 3:3 | no multiplexing
3:3,False,0.8791479059745941,model TTL,47,104.0,103.0,1.0,0.8966110108330435,0.8968205997117785,2,208,allocation 3:3 | no multiplexing
3:3,False,0.8791479059745941,model TTL,37,113.5,112.5,1.0,0.8966507897437959,0.8968531558512371,2,227,allocation 3:3 | no multiplexing
3:3,False,0.8791479059745941,model TTL,49,117.0,115.5,1.5,0.8971746572310213,0.8974432194128096,3,234,allocation 3:3 | no multiplexing
3:3,False,0.8791479059745941,model TTL,39,112.0,111.0,1.0,0.8981158877308913,0.8983647585005206,2,224,allocation 3:3 | no multiplexing
3:3,False,0.8791479059745941,model TTL,51,110.5,109.5,1.0,0.8958554215829398,0.8960199000204562,2,221,allocation 3:3 | no multiplexing
3:3,False,0.8791479059745941,model TTL,52,124.5,123.5,1.0,0.8967540722822284,0.896944481559797,2,249,allocation 3:3 | no multiplexing
3:3,False,0.8791479059745941,model TTL,46,113.5,112.0,1.5,0.8975476579075774,0.8978751685941059,3,227,allocation 3:3 | no multiplexing
3:3,False,0.8791479059745941,model TTL,54,101.0,99.5,1.5,0.8967247846890535,0.89704544605469,3,202,allocation 3:3 | no multiplexing
3:3,False,0.8791479059745941,model TTL,53,115.5,114.5,1.0,0.8978486628633945,0.8980494699938946,2,231,allocation 3:3 | no multiplexing
3:3,False,0.8791479059745941,model TTL,56,109.5,108.5,1.0,0.8979762382071556,0.8982029726155274,2,219,allocation 3:3 | no multiplexing
3:3,False,0.8791479059745941,model TTL,55,114.0,111.5,2.5,0.8967022701714568,0.897123771807973,5,228,allocation 3:3 | no multiplexing
3:3,False,0.8791479059745941,model TTL,63,114.5,111.5,3.0,0.8960994062052497,0.8966694670714316,6,229,allocation 3:3 | no multiplexing
3:3,False,0.8791479059745941,model TTL,57,120.0,119.0,1.0,0.8976565043439737,0.8978360219591078,2,240,allocation 3:3 | no multiplexing
3:3,False,0.8791479059745941,model TTL,58,109.5,107.5,2.0,0.897389963395016,0.8978197895324271,4,219,allocation 3:3 | no multiplexing
3:3,False,0.8791479059745941,model TTL,59,107.0,107.0,0.0,0.8973434322244523,0.8973434322244523,0,214,allocation 3:3 | no multiplexing
3:3,False,0.8791479059745941,model TTL,62,104.5,103.5,1.0,0.8968813154827966,0.8970911627469692,2,209,allocation 3:3 | no multiplexing
3:3,False,0.8791479059745941,model TTL,60,109.0,106.5,2.5,0.8960339661109965,0.8965469241330879,5,218,allocation 3:3 | no multiplexing
3:3,False,0.8791479059745941,model TTL,61,123.0,122.0,1.0,0.8971833694660605,0.8973487593121521,2,246,allocation 3:3 | no multiplexing
3:3,False,0.8791479059745941,model TTL,64,119.5,119.0,0.5,0.8969458837197725,0.8970223471418594,1,239,allocation 3:3 | no multiplexing
3:3,False,0.8791479059745941,model TTL,88,113.5,113.0,0.5,0.8961468243470501,0.8962479538723925,1,227,allocation 3:3 | no multiplexing
3:3,False,0.8791479059745941,model TTL,68,105.5,104.5,1.0,0.8963028581593914,0.8964798273239313,2,211,allocation 3:3 | no multiplexing
3:3,False,0.8791479059745941,model TTL,69,104.0,102.0,2.0,0.896071894372567,0.8964608468494396,4,208,allocation 3:3 | no multiplexing
3:3,False,0.8791479059745941,model TTL,65,117.5,115.5,2.0,0.8969059525641633,0.8973241853733829,4,235,allocation 3:3 | no multiplexing
3:3,False,0.8791479059745941,model TTL,71,108.0,106.0,2.0,0.8980442259586457,0.8984872647328492,4,216,allocation 3:3 | no multiplexing
3:3,False,0.8791479059745941,model TTL,66,116.5,115.0,1.5,0.8974385915981716,0.8977052872605624,3,233,allocation 3:3 | no multiplexing
3:3,False,0.8791479059745941,model TTL,67,112.5,110.0,2.5,0.8967232222412954,0.897183583604431,5,225,allocation 3:3 | no multiplexing
3:3,False,0.8791479059745941,model TTL,70,120.5,118.0,2.5,0.8972234100077113,0.8976478515452089,5,241,allocation 3:3 | no multiplexing
3:3,False,0.8791479059745941,model TTL,74,103.0,103.0,0.0,0.8976641909337627,0.8976641909337627,0,206,allocation 3:3 | no multiplexing
3:3,False,0.8791479059745941,model TTL,73,108.0,106.0,2.0,0.896979339360257,0.8973972349881509,4,216,allocation 3:3 | no multiplexing
3:3,False,0.8791479059745941,model TTL,81,105.0,105.0,0.0,0.8967013039210837,0.8967013039210837,0,210,allocation 3:3 | no multiplexing
3:3,False,0.8791479059745941,model TTL,72,117.0,116.5,0.5,0.8972228230112121,0.8973150190155265,1,234,allocation 3:3 | no multiplexing
3:3,False,0.8791479059745941,model TTL,84,106.0,104.0,2.0,0.8970058128404053,0.8974118176063933,4,212,allocation 3:3 | no multiplexing
3:3,False,0.8791479059745941,model TTL,75,120.5,118.5,2.0,0.8970443302432525,0.8974050132456507,4,241,allocation 3:3 | no multiplexing
3:3,False,0.8791479059745941,model TTL,78,120.0,118.5,1.5,0.8968077606567862,0.8970880562723693,3,240,allocation 3:3 | no multiplexing
3:3,False,0.8791479059745941,model TTL,82,112.5,111.0,1.5,0.8977421930150173,0.8980196573883044,3,225,allocation 3:3 | no multiplexing
3:3,False,0.8791479059745941,model TTL,79,111.0,109.5,1.5,0.8966459394576798,0.8968923001665202,3,222,allocation 3:3 | no multiplexing
3:3,False,0.8791479059745941,model TTL,77,110.5,108.0,2.5,0.8963548598150644,0.896819864460473,5,221,allocation 3:3 | no multiplexing
3:3,False,0.8791479059745941,model TTL,80,118.0,116.5,1.5,0.8969508634295307,0.8972137273173256,3,236,allocation 3:3 | no multiplexing
3:3,False,0.8791479059745941,model TTL,76,123.0,122.0,1.0,0.8974743261923512,0.8976397143292214,2,246,allocation 3:3 | no multiplexing
3:3,False,0.8791479059745941,model TTL,83,115.5,114.5,1.0,0.8967488921313831,0.896937497914073,2,231,allocation 3:3 | no multiplexing
3:3,False,0.8791479059745941,model TTL,86,121.5,120.5,1.0,0.8966278716202587,0.8967866497898407,2,243,allocation 3:3 | no multiplexing
3:3,False,0.8791479059745941,model TTL,85,124.0,122.5,1.5,0.8979660241068349,0.8982331864495139,3,248,allocation 3:3 | no multiplexing
3:3,False,0.8791479059745941,model TTL,87,101.5,99.0,2.5,0.8974809097310666,0.8980452743417173,5,203,allocation 3:3 | no multiplexing
3:3,False,0.8791479059745941,model TTL,89,107.5,105.0,2.5,0.8961892844819367,0.8966722097435766,5,215,allocation 3:3 | no multiplexing
3:3,False,0.8791479059745941,model TTL,90,102.0,97.5,4.5,0.8965698889638251,0.897512927906401,9,204,allocation 3:3 | no multiplexing
3:3,False,0.8791479059745941,model TTL,91,93.5,92.0,1.5,0.89698325021914,0.8973432848039385,3,187,allocation 3:3 | no multiplexing
3:3,False,0.8791479059745941,model TTL,93,108.5,105.5,3.0,0.8971650126007292,0.8978024106376268,6,217,allocation 3:3 | no multiplexing
3:3,False,0.8791479059745941,model TTL,92,112.5,111.0,1.5,0.8973374261452034,0.8976471951004101,3,225,allocation 3:3 | no multiplexing
3:3,False,0.8791479059745941,model TTL,94,109.5,108.5,1.0,0.8974945468562144,0.8977061792345032,2,219,allocation 3:3 | no multiplexing
3:3,False,0.8791479059745941,model TTL,96,111.5,110.5,1.0,0.8974923536607763,0.8976672557458711,2,223,allocation 3:3 | no multiplexing
3:3,False,0.8791479059745941,model TTL,95,103.5,102.5,1.0,0.8967590199647111,0.8969610256869075,2,207,allocation 3:3 | no multiplexing
3:3,False,0.8791479059745941,model TTL,98,113.5,111.0,2.5,0.8959502895090958,0.8964224981898946,5,227,allocation 3:3 | no multiplexing
3:3,False,0.8791479059745941,model TTL,97,108.0,107.0,1.0,0.896223182722432,0.8964320855295621,2,216,allocation 3:3 | no multiplexing
3:3,False,0.8791479059745941,model TTL,99,110.5,109.5,1.0,0.8977507771479241,0.8979554613221669,2,221,allocation 3:3 | no multiplexing
3:3,True,0.75,no TTL,19,303.0,301.0,2.0,0.8824309504005315,0.8834620732498919,4,606,allocation 3:3 | multiplexing
3:3,True,0.75,no TTL,0,284.5,283.5,1.0,0.8831186273287205,0.8836409523613681,2,569,allocation 3:3 | multiplexing
3:3,True,0.75,no TTL,11,289.5,288.5,1.0,0.8816498930976161,0.8821669827710338,2,579,allocation 3:3 | multiplexing
3:3,True,0.75,no TTL,29,302.5,301.0,1.5,0.8811751826279971,0.8819855556013709,3,605,allocation 3:3 | multiplexing
3:3,True,0.75,no TTL,3,293.0,291.5,1.5,0.8814102025492787,0.8823279137490152,3,586,allocation 3:3 | multiplexing
3:3,True,0.75,no TTL,20,276.0,273.5,2.5,0.8808092865475269,0.8823112559524967,5,552,allocation 3:3 | multiplexing
3:3,True,0.75,no TTL,22,292.5,292.5,0.0,0.8830709361157874,0.8830709361157874,0,585,allocation 3:3 | multiplexing
3:3,True,0.75,no TTL,1,310.0,309.5,0.5,0.8827021521645381,0.8829218963394365,1,620,allocation 3:3 | multiplexing
3:3,True,0.75,no TTL,16,290.5,289.0,1.5,0.8812609104668598,0.8820100174328139,3,581,allocation 3:3 | multiplexing
3:3,True,0.75,no TTL,24,286.0,285.5,0.5,0.8825750118560921,0.8828870270190564,1,572,allocation 3:3 | multiplexing
3:3,True,0.75,no TTL,30,301.5,300.5,1.0,0.8817452019718945,0.8821897903651665,2,603,allocation 3:3 | multiplexing
3:3,True,0.75,no TTL,21,298.0,297.5,0.5,0.8823282646804802,0.88256918824063,1,596,allocation 3:3 | multiplexing
3:3,True,0.75,no TTL,9,317.5,316.5,1.0,0.8836177614017102,0.8841091633908856,2,635,allocation 3:3 | multiplexing
3:3,True,0.75,no TTL,8,292.0,292.0,0.0,0.8827901618755322,0.8827901618755322,0,584,allocation 3:3 | multiplexing
3:3,True,0.75,no TTL,6,304.0,303.0,1.0,0.8827712772801902,0.8832582086662996,2,608,allocation 3:3 | multiplexing
3:3,True,0.75,no TTL,10,303.0,303.0,0.0,0.8837438543780756,0.8837438543780756,0,606,allocation 3:3 | multiplexing
3:3,True,0.75,no TTL,5,327.0,327.0,0.0,0.8858193605159187,0.8858193605159187,0,654,allocation 3:3 | multiplexing
3:3,True,0.75,no TTL,28,298.0,297.5,0.5,0.8836489142669629,0.8839070270183116,1,596,allocation 3:3 | multiplexing
3:3,True,0.75,no TTL,17,312.0,311.0,1.0,0.884070235224035,0.8845373568427041,2,624,allocation 3:3 | multiplexing
3:3,True,0.75,no TTL,13,308.5,308.5,0.0,0.8850233262485651,0.8850233262485651,0,617,allocation 3:3 | multiplexing
3:3,True,0.75,no TTL,27,309.5,309.0,0.5,0.8843745126984333,0.8846368803012642,1,619,allocation 3:3 | multiplexing
3:3,True,0.75,no TTL,7,294.5,294.0,0.5,0.8836657103761247,0.8839009898642342,1,589,allocation 3:3 | multiplexing
3:3,True,0.75,no TTL,18,315.5,315.0,0.5,0.8853601174121409,0.8855759094599853,1,631,allocation 3:3 | multiplexing
3:3,True,0.75,no TTL,2,301.5,301.0,0.5,0.8827772433966664,0.8830080564120115,1,603,allocation 3:3 | multiplexing
3:3,True,0.75,no TTL,25,309.0,307.5,1.5,0.8842820170958002,0.8850529549585058,3,618,allocation 3:3 | multiplexing
3:3,True,0.75,no TTL,23,301.0,300.5,0.5,0.8842009730667753,0.8844487230448368,1,602,allocation 3:3 | multiplexing
3:3,True,0.75,no TTL,14,317.0,316.5,0.5,0.883791863058192,0.8840329355102197,1,634,allocation 3:3 | multiplexing
3:3,True,0.75,no TTL,4,304.0,303.5,0.5,0.8843810195144967,0.8847710213591394,1,608,allocation 3:3 | multiplexing
3:3,True,0.75,no TTL,12,294.0,292.5,1.5,0.8838373890734657,0.8847191219258682,3,588,allocation 3:3 | multiplexing
3:3,True,0.75,no TTL,26,282.0,281.5,0.5,0.8826275219728615,0.8828903832513397,1,564,allocation 3:3 | multiplexing
3:3,True,0.75,no TTL,15,300.0,297.5,2.5,0.8823846908549854,0.8836455401786709,5,600,allocation 3:3 | multiplexing
3:3,True,0.75,no TTL,33,292.5,291.5,1.0,0.8817439419636344,0.8823713241200197,2,585,allocation 3:3 | multiplexing
3:3,True,0.75,no TTL,31,295.5,292.5,3.0,0.8835832052843926,0.8852290175517871,6,591,allocation 3:3 | multiplexing
3:3,True,0.75,no TTL,32,276.5,276.0,0.5,0.8817422588986511,0.8820109183498942,1,553,allocation 3:3 | multiplexing
3:3,True,0.75,no TTL,61,302.0,300.0,2.0,0.8812428280754284,0.8822893491938784,4,604,allocation 3:3 | multiplexing
3:3,True,0.75,no TTL,35,284.0,283.0,1.0,0.8791290922911086,0.879723520471751,2,568,allocation 3:3 | multiplexing
3:3,True,0.75,no TTL,42,285.0,283.5,1.5,0.8822872598001431,0.8831412676877888,3,570,allocation 3:3 | multiplexing
3:3,True,0.75,no TTL,36,301.5,299.5,2.0,0.8835661473644179,0.8845972856443121,4,603,allocation 3:3 | multiplexing
3:3,True,0.75,no TTL,47,285.5,285.0,0.5,0.8827241242795398,0.8830532182163466,1,571,allocation 3:3 | multiplexing
3:3,True,0.75,no TTL,39,313.0,311.5,1.5,0.8839656785916957,0.8848070820130565,3,626,allocation 3:3 | multiplexing
3:3,True,0.75,no TTL,43,299.0,298.0,1.0,0.8828392894468231,0.8833134490838462,2,598,allocation 3:3 | multiplexing
3:3,True,0.75,no TTL,46,298.0,296.5,1.5,0.8827539678843327,0.883498992542876,3,596,allocation 3:3 | multiplexing
3:3,True,0.75,no TTL,45,303.5,302.0,1.5,0.8827339858904951,0.8835344663621908,3,607,allocation 3:3 | multiplexing
3:3,True,0.75,no TTL,38,303.5,303.5,0.0,0.8822886778628144,0.8822886778628144,0,607,allocation 3:3 | multiplexing
3:3,True,0.75,no TTL,55,275.5,274.5,1.0,0.8807014332611748,0.8813222328333474,2,551,allocation 3:3 | multiplexing
3:3,True,0.75,no TTL,41,304.5,303.0,1.5,0.8827410426448079,0.8834971208394761,3,609,allocation 3:3 | multiplexing
3:3,True,0.75,no TTL,50,301.5,299.5,2.0,0.8810283164535372,0.8820785030676076,4,603,allocation 3:3 | multiplexing
3:3,True,0.75,no TTL,48,297.0,296.5,0.5,0.8820694585067249,0.882333186703979,1,594,allocation 3:3 | multiplexing
3:3,True,0.75,no TTL,37,315.0,314.0,1.0,0.8844750577045217,0.8849351998382862,2,630,allocation 3:3 | multiplexing
3:3,True,0.75,no TTL,34,316.5,316.0,0.5,0.8865052718599012,0.8867266214263269,1,633,allocation 3:3 | multiplexing
3:3,True,0.75,no TTL,44,301.5,301.5,0.0,0.8840593312625132,0.8840593312625132,0,603,allocation 3:3 | multiplexing
3:3,True,0.75,no TTL,56,277.0,277.0,0.0,0.8833136165816567,0.8833136165816567,0,554,allocation 3:3 | multiplexing
3:3,True,0.75,no TTL,57,301.5,299.0,2.5,0.8820847586534616,0.8833525194612816,5,603,allocation 3:3 | multiplexing
3:3,True,0.75,no TTL,49,303.5,302.5,1.0,0.8845613252979564,0.8850486045582353,2,607,allocation 3:3 | multiplexing
3:3,True,0.75,no TTL,51,310.0,309.0,1.0,0.8840332144604139,0.8845123577134426,2,620,allocation 3:3 | multiplexing
3:3,True,0.75,no TTL,52,302.0,301.5,0.5,0.8833478621284786,0.8836578455526226,1,604,allocation 3:3 | multiplexing
3:3,True,0.75,no TTL,58,282.0,280.0,2.0,0.8834333077181402,0.8846819910051622,4,564,allocation 3:3 | multiplexing
3:3,True,0.75,no TTL,40,306.5,306.0,0.5,0.8862147854011598,0.8864535040719537,1,613,allocation 3:3 | multiplexing
3:3,True,0.75,no TTL,54,307.0,307.0,0.0,0.8855786704527495,0.8855786704527495,0,614,allocation 3:3 | multiplexing
3:3,True,0.75,no TTL,53,303.5,303.0,0.5,0.8846494685352648,0.8849107186728513,1,607,allocation 3:3 | multiplexing
3:3,True,0.75,no TTL,59,298.5,297.0,1.5,0.8816380502995427,0.8824470693991886,3,597,allocation 3:3 | multiplexing
3:3,True,0.75,no TTL,60,294.0,292.0,2.0,0.8818598838516204,0.8828200818740141,4,588,allocation 3:3 | multiplexing
3:3,True,0.75,no TTL,65,309.0,309.0,0.0,0.8843710515587533,0.8843710515587533,0,618,allocation 3:3 | multiplexing
3:3,True,0.75,no TTL,63,315.0,314.0,1.0,0.8843582566830864,0.8849407277363074,2,630,allocation 3:3 | multiplexing
3:3,True,0.75,no TTL,62,282.5,282.0,0.5,0.8821104711560556,0.8823772354408408,1,565,allocation 3:3 | multiplexing
3:3,True,0.75,no TTL,64,297.5,296.0,1.5,0.8813375183847715,0.8820519935645662,3,595,allocation 3:3 | multiplexing
3:3,True,0.75,no TTL,66,293.0,293.0,0.0,0.8826632018558347,0.8826632018558347,0,586,allocation 3:3 | multiplexing
3:3,True,0.75,no TTL,68,285.5,284.0,1.5,0.8821987647815972,0.8829771429269279,3,571,allocation 3:3 | multiplexing
3:3,True,0.75,no TTL,71,291.5,290.5,1.0,0.8817224317127427,0.8821893920478956,2,583,allocation 3:3 | multiplexing
3:3,True,0.75,no TTL,67,307.0,306.5,0.5,0.8830081662926154,0.8832543178397195,1,614,allocation 3:3 | multiplexing
3:3,True,0.75,no TTL,72,283.0,282.0,1.0,0.8825976178692152,0.8831239928440091,2,566,allocation 3:3 | multiplexing
3:3,True,0.75,no TTL,69,300.5,300.0,0.5,0.883826230188791,0.8841200277182966,1,601,allocation 3:3 | multiplexing
3:3,True,0.75,no TTL,73,303.0,302.0,1.0,0.8836284354957737,0.8841261743377483,2,606,allocation 3:3 | multiplexing
3:3,True,0.75,no TTL,76,277.0,276.0,1.0,0.8801777532164909,0.8807103752879352,2,554,allocation 3:3 | multiplexing
3:3,True,0.75,no TTL,87,279.5,278.5,1.0,0.8799208985172351,0.8804073636241964,2,559,allocation 3:3 | multiplexing
3:3,True,0.75,no TTL,70,297.0,296.5,0.5,0.8839762144151292,0.8842141473656306,1,594,allocation 3:3 | multiplexing
3:3,True,0.75,no TTL,81,297.5,295.5,2.0,0.8818001237169601,0.8828056540280681,4,595,allocation 3:3 | multiplexing
3:3,True,0.75,no TTL,80,284.5,283.5,1.0,0.883637075234015,0.8841790824109637,2,569,allocation 3:3 | multiplexing
3:3,True,0.75,no TTL,77,313.5,313.0,0.5,0.8843103981636414,0.8845298200290926,1,627,allocation 3:3 | multiplexing
3:3,True,0.75,no TTL,74,318.5,318.5,0.0,0.8841232110633848,0.8841232110633848,0,637,allocation 3:3 | multiplexing
3:3,True,0.75,no TTL,84,283.5,283.0,0.5,0.882793227213256,0.8830796511217522,1,567,allocation 3:3 | multiplexing
3:3,True,0.75,no TTL,83,284.5,283.5,1.0,0.8815297876435146,0.8820109630285521,2,569,allocation 3:3 | multiplexing
3:3,True,0.75,no TTL,75,306.5,306.5,0.0,0.8845516395463838,0.8845516395463838,0,613,allocation 3:3 | multiplexing
3:3,True,0.75,no TTL,78,306.0,306.0,0.0,0.8832176843585282,0.8832176843585282,0,612,allocation 3:3 | multiplexing
3:3,True,0.75,no TTL,79,298.0,297.0,1.0,0.8825090825933183,0.8829635462140243,2,596,allocation 3:3 | multiplexing
3:3,True,0.75,no TTL,82,320.0,319.5,0.5,0.884121343228558,0.8843578740302067,1,640,allocation 3:3 | multiplexing
3:3,True,0.75,no TTL,85,305.5,304.0,1.5,0.8821435262332853,0.8828936154667903,3,611,allocation 3:3 | multiplexing
3:3,True,0.75,no TTL,88,288.0,287.5,0.5,0.8838067873827187,0.8841092705871935,1,576,allocation 3:3 | multiplexing
3:3,True,0.75,no TTL,86,286.0,285.5,0.5,0.8836454708126931,0.8838915184632434,1,572,allocation 3:3 | multiplexing
3:3,True,0.75,no TTL,89,307.5,307.5,0.0,0.8843246791468342,0.8843246791468342,0,615,allocation 3:3 | multiplexing
3:3,True,0.75,no TTL,90,311.5,311.0,0.5,0.8838521548273196,0.884097163159666,1,623,allocation 3:3 | multiplexing
3:3,True,0.75,no TTL,91,292.0,291.5,0.5,0.8839049134459511,0.8841676469748383,1,584,allocation 3:3 | multiplexing
3:3,True,0.75,no TTL,92,314.0,313.5,0.5,0.8849840634106003,0.8852279747898795,1,628,allocation 3:3 | multiplexing
3:3,True,0.75,no TTL,93,300.5,299.5,1.0,0.8845439703921305,0.885006890125518,2,601,allocation 3:3 | multiplexing
3:3,True,0.75,no TTL,94,302.0,300.5,1.5,0.8836717505919469,0.8844424718346551,3,604,allocation 3:3 | multiplexing
3:3,True,0.75,no TTL,95,281.5,281.0,0.5,0.8833081192469113,0.8836418477504001,1,563,allocation 3:3 | multiplexing
3:3,True,0.75,no TTL,96,303.0,303.0,0.0,0.8834059311232454,0.8834059311232454,0,606,allocation 3:3 | multiplexing
3:3,True,0.75,model TTL,24,293.5,293.0,0.5,0.8839362329072176,0.8841951947899365,1,587,allocation 3:3 | multiplexing
3:3,True,0.75,no TTL,98,287.0,286.5,0.5,0.8823259147088026,0.8825798233978907,1,574,allocation 3:3 | multiplexing
3:3,True,0.75,no TTL,97,309.0,308.5,0.5,0.8836199195842629,0.8838771715092291,1,618,allocation 3:3 | multiplexing
3:3,True,0.75,no TTL,99,310.0,310.0,0.0,0.8833021368535046,0.8833021368535046,0,620,allocation 3:3 | multiplexing
3:3,True,0.75,model TTL,0,288.0,288.0,0.0,0.8826989024348136,0.8826989024348136,0,576,allocation 3:3 | multiplexing
3:3,True,0.75,model TTL,3,294.5,294.5,0.0,0.8824069635035553,0.8824069635035553,0,589,allocation 3:3 | multiplexing
3:3,True,0.75,model TTL,4,303.0,302.5,0.5,0.8822264941557155,0.8824550255409838,1,606,allocation 3:3 | multiplexing
3:3,True,0.75,model TTL,14,297.0,297.0,0.0,0.8814379688088768,0.8814379688088768,0,594,allocation 3:3 | multiplexing
3:3,True,0.75,model TTL,6,296.0,296.0,0.0,0.8823501501408495,0.8823501501408495,0,592,allocation 3:3 | multiplexing
3:3,True,0.75,model TTL,8,308.0,307.5,0.5,0.8842700092575937,0.8844984802232061,1,616,allocation 3:3 | multiplexing
3:3,True,0.75,model TTL,5,311.0,311.0,0.0,0.88463373306965,0.88463373306965,0,622,allocation 3:3 | multiplexing
3:3,True,0.75,model TTL,9,309.5,309.0,0.5,0.8839088775626913,0.8841351060039063,1,619,allocation 3:3 | multiplexing
3:3,True,0.75,model TTL,1,316.0,315.5,0.5,0.8845282282255443,0.8847423618210295,1,632,allocation 3:3 | multiplexing
3:3,True,0.75,model TTL,2,299.0,299.0,0.0,0.8854933639358223,0.8854933639358223,0,598,allocation 3:3 | multiplexing
3:3,True,0.75,model TTL,16,289.0,288.5,0.5,0.8823797307705099,0.882629655094225,1,578,allocation 3:3 | multiplexing
3:3,True,0.75,model TTL,10,304.5,304.0,0.5,0.8830273017525917,0.883258360020744,1,609,allocation 3:3 | multiplexing
3:3,True,0.75,model TTL,11,291.5,291.5,0.0,0.8833770057297212,0.8833770057297212,0,583,allocation 3:3 | multiplexing
3:3,True,0.75,model TTL,7,302.5,301.5,1.0,0.8850930716424096,0.8855488722027043,2,605,allocation 3:3 | multiplexing
3:3,True,0.75,model TTL,13,308.0,308.0,0.0,0.8845097437212618,0.8845097437212618,0,616,allocation 3:3 | multiplexing
3:3,True,0.75,model TTL,15,312.0,311.5,0.5,0.8854240776468574,0.8856629028610389,1,624,allocation 3:3 | multiplexing
3:3,True,0.75,model TTL,20,282.0,281.0,1.0,0.884245563897748,0.8847425889334123,2,564,allocation 3:3 | multiplexing
3:3,True,0.75,model TTL,19,302.0,301.0,1.0,0.8845334061147381,0.8850041170716064,2,604,allocation 3:3 | multiplexing
3:3,True,0.75,model TTL,22,286.0,285.5,0.5,0.8812117169491722,0.88144839556528,1,572,allocation 3:3 | multiplexing
3:3,True,0.75,model TTL,12,301.5,301.0,0.5,0.8850129745802088,0.8852588934890268,1,603,allocation 3:3 | multiplexing
3:3,True,0.75,model TTL,18,288.5,287.5,1.0,0.885151613424044,0.8856430695969623,2,577,allocation 3:3 | multiplexing
3:3,True,0.75,model TTL,17,299.0,298.0,1.0,0.8844589522570153,0.8849553032783377,2,598,allocation 3:3 | multiplexing
3:3,True,0.75,model TTL,21,285.0,285.0,0.0,0.8856194516811751,0.8856194516811751,0,570,allocation 3:3 | multiplexing
3:3,True,0.75,model TTL,23,321.0,320.5,0.5,0.8842954234988156,0.8845299351255883,1,642,allocation 3:3 | multiplexing
3:3,True,0.75,model TTL,25,300.0,299.0,1.0,0.8827812473321279,0.8832490095746202,2,600,allocation 3:3 | multiplexing
3:3,True,0.75,model TTL,26,288.0,287.5,0.5,0.883097311801087,0.8833319503298199,1,576,allocation 3:3 | multiplexing
3:3,True,0.75,model TTL,27,310.5,310.5,0.0,0.8855909221393791,0.8855909221393791,0,621,allocation 3:3 | multiplexing
3:3,True,0.75,model TTL,28,308.0,308.0,0.0,0.8853688035767174,0.8853688035767174,0,616,allocation 3:3 | multiplexing
3:3,True,0.75,model TTL,29,289.5,289.5,0.0,0.8844523273925036,0.8844523273925036,0,579,allocation 3:3 | multiplexing
3:3,True,0.75,model TTL,31,293.0,292.5,0.5,0.8826009507061714,0.8828297952860082,1,586,allocation 3:3 | multiplexing
3:3,True,0.75,model TTL,30,286.5,286.0,0.5,0.884333575208689,0.8845802773289492,1,573,allocation 3:3 | multiplexing
3:3,True,0.75,model TTL,53,302.0,302.0,0.0,0.8832155996647252,0.8832155996647252,0,604,allocation 3:3 | multiplexing
3:3,True,0.75,model TTL,33,317.5,317.5,0.0,0.8836750177255647,0.8836750177255647,0,635,allocation 3:3 | multiplexing
3:3,True,0.75,model TTL,41,291.0,291.0,0.0,0.8856379939331552,0.8856379939331552,0,582,allocation 3:3 | multiplexing
3:3,True,0.75,model TTL,32,294.0,293.0,1.0,0.8823652182055003,0.8828583375007063,2,588,allocation 3:3 | multiplexing
3:3,True,0.75,model TTL,34,303.0,303.0,0.0,0.882301113125948,0.882301113125948,0,606,allocation 3:3 | multiplexing
3:3,True,0.75,model TTL,36,302.0,302.0,0.0,0.8840392007176637,0.8840392007176637,0,604,allocation 3:3 | multiplexing
3:3,True,0.75,model TTL,38,304.0,303.0,1.0,0.8807961595204707,0.8812423614897161,2,608,allocation 3:3 | multiplexing
3:3,True,0.75,model TTL,44,285.5,285.0,0.5,0.882244082208787,0.8825023391400959,1,571,allocation 3:3 | multiplexing
3:3,True,0.75,model TTL,46,286.5,286.5,0.0,0.8824262017287459,0.8824262017287459,0,573,allocation 3:3 | multiplexing
3:3,True,0.75,model TTL,43,289.5,289.5,0.0,0.8810189176932612,0.8810189176932612,0,579,allocation 3:3 | multiplexing
3:3,True,0.75,model TTL,40,297.0,297.0,0.0,0.8831584481235881,0.8831584481235881,0,594,allocation 3:3 | multiplexing
3:3,True,0.75,model TTL,42,296.0,295.0,1.0,0.8839685396536439,0.8844457275616316,2,592,allocation 3:3 | multiplexing
3:3,True,0.75,model TTL,35,315.0,315.0,0.0,0.8849688111684741,0.8849688111684741,0,630,allocation 3:3 | multiplexing
3:3,True,0.75,model TTL,48,294.0,293.5,0.5,0.8838959005455358,0.8841519834699617,1,588,allocation 3:3 | multiplexing
3:3,True,0.75,model TTL,49,314.5,314.5,0.0,0.88322501220088,0.88322501220088,0,629,allocation 3:3 | multiplexing
3:3,True,0.75,model TTL,47,302.5,302.0,0.5,0.8835638830884672,0.8837939987905465,1,605,allocation 3:3 | multiplexing
3:3,True,0.75,model TTL,39,305.5,305.0,0.5,0.8847339765889055,0.8849551446633864,1,611,allocation 3:3 | multiplexing
3:3,True,0.75,model TTL,45,286.0,285.0,1.0,0.8830670704538308,0.8835538718576714,2,572,allocation 3:3 | multiplexing
3:3,True,0.75,model TTL,50,320.5,320.0,0.5,0.8836441283885322,0.8838585594412898,1,641,allocation 3:3 | multiplexing
3:3,True,0.75,model TTL,51,290.0,289.5,0.5,0.88253324061074,0.882763159382604,1,580,allocation 3:3 | multiplexing
3:3,True,0.75,model TTL,37,297.5,297.5,0.0,0.8832038998120104,0.8832038998120104,0,595,allocation 3:3 | multiplexing
3:3,True,0.75,model TTL,52,287.5,287.5,0.0,0.8846492130634411,0.8846492130634411,0,575,allocation 3:3 | multiplexing
3:3,True,0.75,model TTL,54,305.0,304.0,1.0,0.8841657617292772,0.8846213200369337,2,610,allocation 3:3 | multiplexing
3:3,True,0.75,model TTL,55,290.5,290.0,0.5,0.8831958128641444,0.8834486178901257,1,581,allocation 3:3 | multiplexing
3:3,True,0.75,model TTL,56,297.0,296.5,0.5,0.8828101697632416,0.8830594783259827,1,594,allocation 3:3 | multiplexing
3:3,True,0.75,model TTL,57,278.5,277.5,1.0,0.8808748778746335,0.8814064053225632,2,557,allocation 3:3 | multiplexing
3:3,True,0.75,model TTL,58,309.0,309.0,0.0,0.8848670343547786,0.8848670343547786,0,618,allocation 3:3 | multiplexing
3:3,True,0.75,model TTL,64,288.5,288.0,0.5,0.8837080008898486,0.8839415121942076,1,577,allocation 3:3 | multiplexing
3:3,True,0.75,model TTL,59,282.0,281.5,0.5,0.8808917446943086,0.8811495123181982,1,564,allocation 3:3 | multiplexing
3:3,True,0.75,model TTL,60,289.5,289.5,0.0,0.8815110390818208,0.8815110390818208,0,579,allocation 3:3 | multiplexing
3:3,True,0.75,model TTL,61,293.0,293.0,0.0,0.8816146408280138,0.8816146408280138,0,586,allocation 3:3 | multiplexing
3:3,True,0.75,model TTL,63,299.5,298.5,1.0,0.8828558206149559,0.8833141748045908,2,599,allocation 3:3 | multiplexing
3:3,True,0.75,model TTL,62,321.5,321.5,0.0,0.8859079669443535,0.8859079669443535,0,643,allocation 3:3 | multiplexing
3:3,True,0.75,model TTL,68,314.5,314.5,0.0,0.8838540298852996,0.8838540298852996,0,629,allocation 3:3 | multiplexing
3:3,True,0.75,model TTL,65,285.5,284.5,1.0,0.8829674539681542,0.8834446732390437,2,571,allocation 3:3 | multiplexing
3:3,True,0.75,model TTL,66,313.0,312.5,0.5,0.8820455406480374,0.8822816048199581,1,626,allocation 3:3 | multiplexing
3:3,True,0.75,model TTL,67,278.0,278.0,0.0,0.8839493490933029,0.8839493490933029,0,556,allocation 3:3 | multiplexing
3:3,True,0.75,model TTL,84,282.5,282.5,0.0,0.8823454030077093,0.8823454030077093,0,565,allocation 3:3 | multiplexing
3:3,True,0.75,model TTL,71,296.0,295.5,0.5,0.8827932773289485,0.8830516893973887,1,592,allocation 3:3 | multiplexing
3:3,True,0.75,model TTL,69,299.5,299.5,0.0,0.8841609856538742,0.8841609856538742,0,599,allocation 3:3 | multiplexing
3:3,True,0.75,model TTL,70,281.5,281.0,0.5,0.8817413053715327,0.8819809002390434,1,563,allocation 3:3 | multiplexing
3:3,True,0.75,model TTL,72,307.0,307.0,0.0,0.8844270741694269,0.8844270741694269,0,614,allocation 3:3 | multiplexing
3:3,True,0.75,model TTL,75,300.5,300.0,0.5,0.8839620190677436,0.8842015341497862,1,601,allocation 3:3 | multiplexing
3:3,True,0.75,model TTL,73,303.0,302.0,1.0,0.8849436746299064,0.885426990942312,2,606,allocation 3:3 | multiplexing
3:3,True,0.75,model TTL,76,309.0,308.0,1.0,0.8810648885945657,0.8815330530890935,2,618,allocation 3:3 | multiplexing
3:3,True,0.75,model TTL,74,309.5,309.0,0.5,0.8847847092837203,0.8850110392730987,1,619,allocation 3:3 | multiplexing
3:3,True,0.75,model TTL,77,308.5,308.5,0.0,0.8853110514812845,0.8853110514812845,0,617,allocation 3:3 | multiplexing
3:3,True,0.75,model TTL,81,312.0,311.5,0.5,0.8832900707061855,0.8835199889564611,1,624,allocation 3:3 | multiplexing
3:3,True,0.75,model TTL,78,285.0,285.0,0.0,0.8831426497536391,0.8831426497536391,0,570,allocation 3:3 | multiplexing
3:3,True,0.75,model TTL,80,291.0,290.5,0.5,0.8835058444798335,0.8837374709517803,1,582,allocation 3:3 | multiplexing
3:3,True,0.75,model TTL,82,291.5,290.0,1.5,0.8824840562431504,0.883218420805568,3,583,allocation 3:3 | multiplexing
3:3,True,0.75,model TTL,79,274.5,273.5,1.0,0.8821263239492798,0.8826655631703861,2,549,allocation 3:3 | multiplexing
3:3,True,0.75,model TTL,85,297.0,297.0,0.0,0.8832554295621546,0.8832554295621546,0,594,allocation 3:3 | multiplexing
3:3,True,0.75,model TTL,83,304.5,303.0,1.5,0.8850645176097153,0.885789766063499,3,609,allocation 3:3 | multiplexing
3:3,True,0.75,model TTL,86,310.5,309.5,1.0,0.8852367888182696,0.8857082266575993,2,621,allocation 3:3 | multiplexing
3:3,True,0.75,model TTL,90,292.0,292.0,0.0,0.8839273828640014,0.8839273828640014,0,584,allocation 3:3 | multiplexing
3:3,True,0.75,model TTL,87,322.0,321.0,1.0,0.8851754255557784,0.885647285568827,2,644,allocation 3:3 | multiplexing
3:3,True,0.75,model TTL,88,299.5,299.0,0.5,0.8847309387316002,0.8849685958196053,1,599,allocation 3:3 | multiplexing
3:3,True,0.75,model TTL,89,286.5,286.0,0.5,0.8847796970961418,0.8850250510601018,1,573,allocation 3:3 | multiplexing
3:3,True,0.75,model TTL,91,305.5,305.5,0.0,0.8823522328519255,0.8823522328519255,0,611,allocation 3:3 | multiplexing
3:3,True,0.75,model TTL,92,314.0,313.0,1.0,0.8854792903864902,0.8859383208032506,2,628,allocation 3:3 | multiplexing
3:3,True,0.75,model TTL,94,304.5,304.0,0.5,0.8835299831906454,0.8837587516583659,1,609,allocation 3:3 | multiplexing
3:3,True,0.75,model TTL,93,303.5,303.0,0.5,0.8837548779907173,0.8839865608727332,1,607,allocation 3:3 | multiplexing
3:3,True,0.75,model TTL,95,298.5,298.0,0.5,0.8808350749120251,0.8810779162297132,1,597,allocation 3:3 | multiplexing
3:3,True,0.75,model TTL,98,296.5,296.5,0.0,0.8835069997224507,0.8835069997224507,0,593,allocation 3:3 | multiplexing
3:3,True,0.75,model TTL,96,295.5,295.5,0.0,0.8853304590854904,0.8853304590854904,0,591,allocation 3:3 | multiplexing
3:3,True,0.75,model TTL,99,289.5,289.5,0.0,0.8831011351186856,0.8831011351186856,0,579,allocation 3:3 | multiplexing
3:3,True,0.75,model TTL,97,302.5,302.5,0.0,0.8845144989347477,0.8845144989347477,0,605,allocation 3:3 | multiplexing
3:3,True,0.7822869764936485,no TTL,0,284.5,281.0,3.5,0.8831186273287205,0.8846415608278769,7,569,allocation 3:3 | multiplexing
3:3,True,0.7822869764936485,no TTL,3,293.0,290.0,3.0,0.8814102025492787,0.8829404095162058,6,586,allocation 3:3 | multiplexing
3:3,True,0.7822869764936485,no TTL,14,317.0,314.5,2.5,0.883791863058192,0.8847602711861604,5,634,allocation 3:3 | multiplexing
3:3,True,0.7822869764936485,no TTL,22,292.5,290.5,2.0,0.8830709361157874,0.8838409282016405,4,585,allocation 3:3 | multiplexing
3:3,True,0.7822869764936485,no TTL,1,310.0,307.0,3.0,0.8827021521645381,0.8838665749928054,6,620,allocation 3:3 | multiplexing
3:3,True,0.7822869764936485,no TTL,2,301.5,297.5,4.0,0.8827772433966664,0.8843418426669123,8,603,allocation 3:3 | multiplexing
3:3,True,0.7822869764936485,no TTL,11,289.5,286.0,3.5,0.8816498930976161,0.8831614068696778,7,579,allocation 3:3 | multiplexing
3:3,True,0.7822869764936485,no TTL,26,282.0,279.5,2.5,0.8826275219728615,0.8837377753082367,5,564,allocation 3:3 | multiplexing
3:3,True,0.7822869764936485,no TTL,29,302.5,297.5,5.0,0.8811751826279971,0.8832579148121772,10,605,allocation 3:3 | multiplexing
3:3,True,0.7822869764936485,no TTL,20,276.0,272.5,3.5,0.8808092865475269,0.8827219685778245,7,552,allocation 3:3 | multiplexing
3:3,True,0.7822869764936485,no TTL,25,309.0,306.0,3.0,0.8842820170958002,0.8856361813603318,6,618,allocation 3:3 | multiplexing
3:3,True,0.7822869764936485,no TTL,19,303.0,299.5,3.5,0.8824309504005315,0.8840306491381349,7,606,allocation 3:3 | multiplexing
3:3,True,0.7822869764936485,no TTL,24,286.0,285.0,1.0,0.8825750118560921,0.8830814367699055,2,572,allocation 3:3 | multiplexing
3:3,True,0.7822869764936485,no TTL,9,317.5,314.0,3.5,0.8836177614017102,0.8849742767836628,7,635,allocation 3:3 | multiplexing
3:3,True,0.7822869764936485,no TTL,16,290.5,287.0,3.5,0.8812609104668598,0.8827423969397333,7,581,allocation 3:3 | multiplexing
3:3,True,0.7822869764936485,no TTL,30,301.5,298.5,3.0,0.8817452019718945,0.8829936125339524,6,603,allocation 3:3 | multiplexing
3:3,True,0.7822869764936485,no TTL,8,292.0,290.5,1.5,0.8827901618755322,0.883422409738524,3,584,allocation 3:3 | multiplexing
3:3,True,0.7822869764936485,no TTL,28,298.0,297.0,1.0,0.8836489142669629,0.8841241827683138,2,596,allocation 3:3 | multiplexing
3:3,True,0.7822869764936485,no TTL,13,308.5,306.5,2.0,0.8850233262485651,0.8857270090400066,4,617,allocation 3:3 | multiplexing
3:3,True,0.7822869764936485,no TTL,15,300.0,295.0,5.0,0.8823846908549854,0.8845615655254913,10,600,allocation 3:3 | multiplexing
3:3,True,0.7822869764936485,no TTL,6,304.0,300.5,3.5,0.8827712772801902,0.8842039509040514,7,608,allocation 3:3 | multiplexing
3:3,True,0.7822869764936485,no TTL,10,303.0,301.5,1.5,0.8837438543780756,0.8842982518482185,3,606,allocation 3:3 | multiplexing
3:3,True,0.7822869764936485,no TTL,12,294.0,291.0,3.0,0.8838373890734657,0.8852801696192916,6,588,allocation 3:3 | multiplexing
3:3,True,0.7822869764936485,no TTL,17,312.0,309.0,3.0,0.884070235224035,0.8852822018675547,6,624,allocation 3:3 | multiplexing
3:3,True,0.7822869764936485,no TTL,7,294.5,291.5,3.0,0.8836657103761247,0.8849048087689171,6,589,allocation 3:3 | multiplexing
3:3,True,0.7822869764936485,no TTL,21,298.0,294.5,3.5,0.8823282646804802,0.883698355230146,7,596,allocation 3:3 | multiplexing
3:3,True,0.7822869764936485,no TTL,18,315.5,313.0,2.5,0.8853601174121409,0.88633634688336,5,631,allocation 3:3 | multiplexing
3:3,True,0.7822869764936485,no TTL,5,327.0,325.5,1.5,0.8858193605159187,0.8863423461809659,3,654,allocation 3:3 | multiplexing
3:3,True,0.7822869764936485,no TTL,4,304.0,302.0,2.0,0.8843810195144967,0.885342860138165,4,608,allocation 3:3 | multiplexing
3:3,True,0.7822869764936485,no TTL,27,309.5,308.0,1.5,0.8843745126984333,0.884985999925049,3,619,allocation 3:3 | multiplexing
3:3,True,0.7822869764936485,no TTL,23,301.0,297.5,3.5,0.8842009730667753,0.8855936565971152,7,602,allocation 3:3 | multiplexing
3:3,True,0.7822869764936485,no TTL,31,295.5,290.5,5.0,0.8835832052843926,0.8860338094859391,10,591,allocation 3:3 | multiplexing
3:3,True,0.7822869764936485,no TTL,33,292.5,289.5,3.0,0.8817439419636344,0.8830990510584377,6,585,allocation 3:3 | multiplexing
3:3,True,0.7822869764936485,no TTL,32,276.5,272.5,4.0,0.8817422588986511,0.8834484123683273,8,553,allocation 3:3 | multiplexing
3:3,True,0.7822869764936485,no TTL,35,284.0,280.5,3.5,0.8791290922911086,0.8807096914924439,7,568,allocation 3:3 | multiplexing
3:3,True,0.7822869764936485,no TTL,34,316.5,314.0,2.5,0.8865052718599012,0.8875021628363793,5,633,allocation 3:3 | multiplexing
3:3,True,0.7822869764936485,no TTL,36,301.5,295.0,6.5,0.8835661473644179,0.886376376410789,13,603,allocation 3:3 | multiplexing
3:3,True,0.7822869764936485,no TTL,42,285.0,279.5,5.5,0.8822872598001431,0.8847797346940546,11,570,allocation 3:3 | multiplexing
3:3,True,0.7822869764936485,no TTL,39,313.0,308.5,4.5,0.8839656785916957,0.8859489164346387,9,626,allocation 3:3 | multiplexing
3:3,True,0.7822869764936485,no TTL,38,303.5,301.0,2.5,0.8822886778628144,0.8832167108238178,5,607,allocation 3:3 | multiplexing
3:3,True,0.7822869764936485,no TTL,47,285.5,283.0,2.5,0.8827241242795398,0.8838369081503601,5,571,allocation 3:3 | multiplexing
3:3,True,0.7822869764936485,no TTL,46,298.0,295.0,3.0,0.8827539678843327,0.884071472611622,6,596,allocation 3:3 | multiplexing
3:3,True,0.7822869764936485,no TTL,55,275.5,271.5,4.0,0.8807014332611748,0.8825628886032167,8,551,allocation 3:3 | multiplexing
3:3,True,0.7822869764936485,no TTL,43,299.0,296.0,3.0,0.8828392894468231,0.8840364146520502,6,598,allocation 3:3 | multiplexing
3:3,True,0.7822869764936485,no TTL,37,315.0,312.5,2.5,0.8844750577045217,0.8854771477122956,5,630,allocation 3:3 | multiplexing
3:3,True,0.7822869764936485,no TTL,56,277.0,276.5,0.5,0.8833136165816567,0.8835268461734391,1,554,allocation 3:3 | multiplexing
3:3,True,0.7822869764936485,no TTL,50,301.5,295.5,6.0,0.8810283164535372,0.8835547119796827,12,603,allocation 3:3 | multiplexing
3:3,True,0.7822869764936485,no TTL,57,301.5,297.5,4.0,0.8820847586534616,0.8839493543459129,8,603,allocation 3:3 | multiplexing
3:3,True,0.7822869764936485,no TTL,45,303.5,300.5,3.0,0.8827339858904951,0.8841081225361209,6,607,allocation 3:3 | multiplexing
3:3,True,0.7822869764936485,no TTL,48,297.0,292.5,4.5,0.8820694585067249,0.8838931594965501,9,594,allocation 3:3 | multiplexing
3:3,True,0.7822869764936485,no TTL,41,304.5,300.5,4.0,0.8827410426448079,0.8844027875726902,8,609,allocation 3:3 | multiplexing
3:3,True,0.7822869764936485,no TTL,44,301.5,301.5,0.0,0.8840593312625132,0.8840593312625132,0,603,allocation 3:3 | multiplexing
3:3,True,0.7822869764936485,no TTL,52,302.0,299.5,2.5,0.8833478621284786,0.8844183104996843,5,604,allocation 3:3 | multiplexing
3:3,True,0.7822869764936485,no TTL,51,310.0,306.0,4.0,0.8840332144604139,0.885633605082401,8,620,allocation 3:3 | multiplexing
3:3,True,0.7822869764936485,no TTL,40,306.5,304.5,2.0,0.8862147854011598,0.8870494855201992,4,613,allocation 3:3 | multiplexing
3:3,True,0.7822869764936485,no TTL,54,307.0,305.0,2.0,0.8855786704527495,0.8863489818250296,4,614,allocation 3:3 | multiplexing
3:3,True,0.7822869764936485,no TTL,49,303.5,300.5,3.0,0.8845613252979564,0.8858014279745672,6,607,allocation 3:3 | multiplexing
3:3,True,0.7822869764936485,no TTL,58,282.0,280.0,2.0,0.8834333077181402,0.8846819910051622,4,564,allocation 3:3 | multiplexing
3:3,True,0.7822869764936485,no TTL,53,303.5,300.5,3.0,0.8846494685352648,0.8858293477628736,6,607,allocation 3:3 | multiplexing
3:3,True,0.7822869764936485,no TTL,59,298.5,293.5,5.0,0.8816380502995427,0.8838124569870442,10,597,allocation 3:3 | multiplexing
3:3,True,0.7822869764936485,no TTL,60,294.0,289.5,4.5,0.8818598838516204,0.8837996916511004,9,588,allocation 3:3 | multiplexing
3:3,True,0.7822869764936485,no TTL,61,302.0,296.0,6.0,0.8812428280754284,0.8838174518289301,12,604,allocation 3:3 | multiplexing
3:3,True,0.7822869764936485,no TTL,63,315.0,313.0,2.0,0.8843582566830864,0.8852800727019745,4,630,allocation 3:3 | multiplexing
3:3,True,0.7822869764936485,no TTL,62,282.5,279.0,3.5,0.8821104711560556,0.883547753519353,7,565,allocation 3:3 | multiplexing
3:3,True,0.7822869764936485,no TTL,64,297.5,292.0,5.5,0.8813375183847715,0.8835894132554352,11,595,allocation 3:3 | multiplexing
3:3,True,0.7822869764936485,no TTL,76,277.0,272.5,4.5,0.8801777532164909,0.8821366647715323,9,554,allocation 3:3 | multiplexing
3:3,True,0.7822869764936485,no TTL,65,309.0,308.0,1.0,0.8843710515587533,0.8847435449303491,2,618,allocation 3:3 | multiplexing
3:3,True,0.7822869764936485,no TTL,67,307.0,304.5,2.5,0.8830081662926154,0.883988427071722,5,614,allocation 3:3 | multiplexing
3:3,True,0.7822869764936485,no TTL,77,313.5,312.0,1.5,0.8843103981636414,0.8849517781913931,3,627,allocation 3:3 | multiplexing
3:3,True,0.7822869764936485,no TTL,68,285.5,282.0,3.5,0.8821987647815972,0.8837819676491885,7,571,allocation 3:3 | multiplexing
3:3,True,0.7822869764936485,no TTL,66,293.0,290.0,3.0,0.8826632018558347,0.8838214452194133,6,586,allocation 3:3 | multiplexing
3:3,True,0.7822869764936485,no TTL,71,291.5,288.0,3.5,0.8817224317127427,0.8831881085577573,7,583,allocation 3:3 | multiplexing
3:3,True,0.7822869764936485,no TTL,72,283.0,282.0,1.0,0.8825976178692152,0.8831239928440091,2,566,allocation 3:3 | multiplexing
3:3,True,0.7822869764936485,no TTL,73,303.0,300.0,3.0,0.8836284354957737,0.8848500344910842,6,606,allocation 3:3 | multiplexing
3:3,True,0.7822869764936485,no TTL,70,297.0,294.5,2.5,0.8839762144151292,0.8850645496745242,5,594,allocation 3:3 | multiplexing
3:3,True,0.7822869764936485,no TTL,69,300.5,298.5,2.0,0.883826230188791,0.8846918904612604,4,601,allocation 3:3 | multiplexing
3:3,True,0.7822869764936485,no TTL,81,297.5,294.0,3.5,0.8818001237169601,0.883404496274061,7,595,allocation 3:3 | multiplexing
3:3,True,0.7822869764936485,no TTL,80,284.5,280.5,4.0,0.883637075234015,0.8853982028838326,8,569,allocation 3:3 | multiplexing
3:3,True,0.7822869764936485,no TTL,87,279.5,276.0,3.5,0.8799208985172351,0.8814182407221559,7,559,allocation 3:3 | multiplexing
3:3,True,0.7822869764936485,no TTL,74,318.5,317.5,1.0,0.8841232110633848,0.8844499241102138,2,637,allocation 3:3 | multiplexing
3:3,True,0.7822869764936485,no TTL,78,306.0,303.5,2.5,0.8832176843585282,0.8841724495411927,5,612,allocation 3:3 | multiplexing
3:3,True,0.7822869764936485,no TTL,79,298.0,295.5,2.5,0.8825090825933183,0.8835649323062771,5,596,allocation 3:3 | multiplexing
3:3,True,0.7822869764936485,no TTL,75,306.5,304.5,2.0,0.8845516395463838,0.8853219502085254,4,613,allocation 3:3 | multiplexing
3:3,True,0.7822869764936485,no TTL,84,283.5,280.5,3.0,0.882793227213256,0.8841463469069312,6,567,allocation 3:3 | multiplexing
3:3,True,0.7822869764936485,no TTL,83,284.5,283.0,1.5,0.8815297876435146,0.8822270389055361,3,569,allocation 3:3 | multiplexing
3:3,True,0.7822869764936485,no TTL,85,305.5,303.5,2.0,0.8821435262332853,0.8830684988766767,4,611,allocation 3:3 | multiplexing
3:3,True,0.7822869764936485,no TTL,82,320.0,318.0,2.0,0.884121343228558,0.884897244481989,4,640,allocation 3:3 | multiplexing
3:3,True,0.7822869764936485,no TTL,88,288.0,286.5,1.5,0.8838067873827187,0.884494303875448,3,576,allocation 3:3 | multiplexing
3:3,True,0.7822869764936485,no TTL,86,286.0,283.5,2.5,0.8836454708126931,0.8847282463772629,5,572,allocation 3:3 | multiplexing
3:3,True,0.7822869764936485,no TTL,89,307.5,306.5,1.0,0.8843246791468342,0.8847051875060876,2,615,allocation 3:3 | multiplexing
3:3,True,0.7822869764936485,no TTL,90,311.5,309.5,2.0,0.8838521548273196,0.8846681815522468,4,623,allocation 3:3 | multiplexing
3:3,True,0.7822869764936485,no TTL,91,292.0,290.0,2.0,0.8839049134459511,0.8847293816756978,4,584,allocation 3:3 | multiplexing
3:3,True,0.7822869764936485,no TTL,92,314.0,312.0,2.0,0.8849840634106003,0.8857594208789198,4,628,allocation 3:3 | multiplexing
3:3,True,0.7822869764936485,no TTL,94,302.0,299.5,2.5,0.8836717505919469,0.8848170471807092,5,604,allocation 3:3 | multiplexing
3:3,True,0.7822869764936485,no TTL,93,300.5,298.0,2.5,0.8845439703921305,0.8855885049201431,5,601,allocation 3:3 | multiplexing
3:3,True,0.7822869764936485,no TTL,95,281.5,279.0,2.5,0.8833081192469113,0.8844776377776846,5,563,allocation 3:3 | multiplexing
3:3,True,0.7822869764936485,no TTL,99,310.0,308.0,2.0,0.8833021368535046,0.8840328564840657,4,620,allocation 3:3 | multiplexing
3:3,True,0.7822869764936485,no TTL,96,303.0,302.0,1.0,0.8834059311232454,0.8838085068990615,2,606,allocation 3:3 | multiplexing
3:3,True,0.7822869764936485,no TTL,98,287.0,283.0,4.0,0.8823259147088026,0.8839999613846287,8,574,allocation 3:3 | multiplexing
3:3,True,0.7822869764936485,no TTL,97,309.0,307.0,2.0,0.8836199195842629,0.8844429343437998,4,618,allocation 3:3 | multiplexing
3:3,True,0.7822869764936485,model TTL,18,299.5,299.5,0.0,0.8839394344089166,0.8839394344089166,0,599,allocation 3:3 | multiplexing
3:3,True,0.7822869764936485,model TTL,20,294.5,294.5,0.0,0.8856523021643136,0.8856523021643136,0,589,allocation 3:3 | multiplexing
3:3,True,0.7822869764936485,model TTL,5,307.0,306.0,1.0,0.8833111815990333,0.8836544760615381,2,614,allocation 3:3 | multiplexing
3:3,True,0.7822869764936485,model TTL,0,303.5,302.5,1.0,0.8832184088550744,0.8835916041507837,2,607,allocation 3:3 | multiplexing
3:3,True,0.7822869764936485,model TTL,3,298.5,298.0,0.5,0.8822189948464243,0.8823869776922942,1,597,allocation 3:3 | multiplexing
3:3,True,0.7822869764936485,model TTL,6,296.0,294.5,1.5,0.882253134024203,0.8827855613271397,3,592,allocation 3:3 | multiplexing
3:3,True,0.7822869764936485,model TTL,1,320.0,319.0,1.0,0.8851473346764787,0.8854886128385148,2,640,allocation 3:3 | multiplexing
3:3,True,0.7822869764936485,model TTL,4,302.0,301.0,1.0,0.884966445720687,0.8853352011373957,2,604,allocation 3:3 | multiplexing
3:3,True,0.7822869764936485,model TTL,2,314.5,313.5,1.0,0.8870021088727009,0.8873620436376072,2,629,allocation 3:3 | multiplexing
3:3,True,0.7822869764936485,model TTL,14,306.0,305.0,1.0,0.8839451467861333,0.8842994012350186,2,612,allocation 3:3 | multiplexing
3:3,True,0.7822869764936485,model TTL,8,298.0,296.5,1.5,0.8839085076441825,0.8844487955486123,3,596,allocation 3:3 | multiplexing
3:3,True,0.7822869764936485,model TTL,10,301.0,300.0,1.0,0.883762818405657,0.8841293797769941,2,602,allocation 3:3 | multiplexing
3:3,True,0.7822869764936485,model TTL,7,312.5,311.5,1.0,0.885238157514136,0.8855940305142954,2,625,allocation 3:3 | multiplexing
3:3,True,0.7822869764936485,model TTL,16,312.5,312.0,0.5,0.8842010401479526,0.8843712283597975,1,625,allocation 3:3 | multiplexing
3:3,True,0.7822869764936485,model TTL,11,285.5,284.0,1.5,0.883855371250666,0.8844201371639017,3,571,allocation 3:3 | multiplexing
3:3,True,0.7822869764936485,model TTL,9,310.0,307.5,2.5,0.8851733630818517,0.8860460713345416,5,620,allocation 3:3 | multiplexing
3:3,True,0.7822869764936485,model TTL,12,294.0,293.0,1.0,0.8856917866147223,0.8860583187887024,2,588,allocation 3:3 | multiplexing
3:3,True,0.7822869764936485,model TTL,19,303.5,303.0,0.5,0.8840834108775322,0.8842717768255334,1,607,allocation 3:3 | multiplexing
3:3,True,0.7822869764936485,model TTL,15,304.0,303.0,1.0,0.8856624404264212,0.8860250376806407,2,608,allocation 3:3 | multiplexing
3:3,True,0.7822869764936485,model TTL,13,303.0,302.5,0.5,0.8848227931133581,0.8850132810543803,1,606,allocation 3:3 | multiplexing
3:3,True,0.7822869764936485,model TTL,17,304.5,302.5,2.0,0.8859536378400907,0.8866863258574414,4,609,allocation 3:3 | multiplexing
3:3,True,0.7822869764936485,model TTL,21,319.0,317.5,1.5,0.8855895018214599,0.8861051808197821,3,638,allocation 3:3 | multiplexing
3:3,True,0.7822869764936485,model TTL,22,275.0,273.5,1.5,0.8830691913721386,0.8836572973900522,3,550,allocation 3:3 | multiplexing
3:3,True,0.7822869764936485,model TTL,23,302.0,301.0,1.0,0.8857520955896852,0.8861030881561542,2,604,allocation 3:3 | multiplexing
3:3,True,0.7822869764936485,model TTL,24,294.5,292.5,2.0,0.8848775757338064,0.8856347515496843,4,589,allocation 3:3 | multiplexing
3:3,True,0.7822869764936485,model TTL,25,294.5,294.0,0.5,0.8842104396554582,0.8843843430124728,1,589,allocation 3:3 | multiplexing
3:3,True,0.7822869764936485,model TTL,31,291.5,290.5,1.0,0.8835229833727051,0.8839026720873139,2,583,allocation 3:3 | multiplexing
3:3,True,0.7822869764936485,model TTL,27,314.5,312.0,2.5,0.8846229918763994,0.885499665706624,5,629,allocation 3:3 | multiplexing
3:3,True,0.7822869764936485,model TTL,26,293.5,292.5,1.0,0.8847183432190023,0.8850902022766237,2,587,allocation 3:3 | multiplexing
3:3,True,0.7822869764936485,model TTL,29,292.0,290.5,1.5,0.8844365049728898,0.8849807728427983,3,584,allocation 3:3 | multiplexing
3:3,True,0.7822869764936485,model TTL,28,300.0,298.0,2.0,0.8845961147559525,0.885315913813347,4,600,allocation 3:3 | multiplexing
3:3,True,0.7822869764936485,model TTL,30,293.0,292.5,0.5,0.8843995659629735,0.8845792757958562,1,586,allocation 3:3 | multiplexing
3:3,True,0.7822869764936485,model TTL,32,303.5,302.0,1.5,0.8846019385917742,0.8851328444171872,3,607,allocation 3:3 | multiplexing
3:3,True,0.7822869764936485,model TTL,34,292.5,290.5,2.0,0.8824693014344588,0.8831909911435695,4,585,allocation 3:3 | multiplexing
3:3,True,0.7822869764936485,model TTL,33,299.0,297.5,1.5,0.8850300020678891,0.8855736869512505,3,598,allocation 3:3 | multiplexing
3:3,True,0.7822869764936485,model TTL,38,302.5,301.5,1.0,0.8829792137894593,0.883334714385827,2,605,allocation 3:3 | multiplexing
3:3,True,0.7822869764936485,model TTL,35,294.5,294.0,0.5,0.8841008537156363,0.8842779091638557,1,589,allocation 3:3 | multiplexing
3:3,True,0.7822869764936485,model TTL,36,303.0,302.5,0.5,0.8855534151894775,0.8857326774094483,1,606,allocation 3:3 | multiplexing
3:3,True,0.7822869764936485,model TTL,43,288.5,286.0,2.5,0.8822896622381186,0.8832182458173525,5,577,allocation 3:3 | multiplexing
3:3,True,0.7822869764936485,model TTL,44,290.5,286.5,4.0,0.8819527087318754,0.8834403068062006,8,581,allocation 3:3 | multiplexing
3:3,True,0.7822869764936485,model TTL,41,283.0,282.5,0.5,0.8854759777424642,0.8856642122444023,1,566,allocation 3:3 | multiplexing
3:3,True,0.7822869764936485,model TTL,45,274.5,273.5,1.0,0.8835692128477589,0.8839780376836813,2,549,allocation 3:3 | multiplexing
3:3,True,0.7822869764936485,model TTL,40,297.0,296.0,1.0,0.8838869937335979,0.8842629264064225,2,594,allocation 3:3 | multiplexing
3:3,True,0.7822869764936485,model TTL,48,285.0,284.5,0.5,0.8818458739754151,0.8820294543001163,1,570,allocation 3:3 | multiplexing
3:3,True,0.7822869764936485,model TTL,46,294.0,291.5,2.5,0.8829122850234079,0.8838461634500795,5,588,allocation 3:3 | multiplexing
3:3,True,0.7822869764936485,model TTL,37,278.5,277.5,1.0,0.8848723217871624,0.8852569127052725,2,557,allocation 3:3 | multiplexing
3:3,True,0.7822869764936485,model TTL,42,305.5,304.0,1.5,0.8854350666862887,0.8859679432599674,3,611,allocation 3:3 | multiplexing
3:3,True,0.7822869764936485,model TTL,51,285.0,284.5,0.5,0.8839726484517454,0.884169182208252,1,570,allocation 3:3 | multiplexing
3:3,True,0.7822869764936485,model TTL,39,309.5,307.5,2.0,0.8857707818571505,0.8864988293880754,4,619,allocation 3:3 | multiplexing
3:3,True,0.7822869764936485,model TTL,47,311.5,310.5,1.0,0.8834447556753522,0.883806658757842,2,623,allocation 3:3 | multiplexing
3:3,True,0.7822869764936485,model TTL,50,318.0,317.5,0.5,0.8839802318571146,0.8841555622659634,1,636,allocation 3:3 | multiplexing
3:3,True,0.7822869764936485,model TTL,49,303.5,302.5,1.0,0.8856189658287216,0.8859640595138941,2,607,allocation 3:3 | multiplexing
3:3,True,0.7822869764936485,model TTL,52,317.5,317.0,0.5,0.8838571772862742,0.8840212288399711,1,635,allocation 3:3 | multiplexing
3:3,True,0.7822869764936485,model TTL,53,298.0,296.5,1.5,0.8822050142682836,0.882720261271571,3,596,allocation 3:3 | multiplexing
3:3,True,0.7822869764936485,model TTL,55,280.5,279.5,1.0,0.8846142611439815,0.8849965810210138,2,561,allocation 3:3 | multiplexing
3:3,True,0.7822869764936485,model TTL,58,315.0,314.0,1.0,0.884458226417236,0.8847986076575823,2,630,allocation 3:3 | multiplexing
3:3,True,0.7822869764936485,model TTL,54,313.5,313.0,0.5,0.8842820440525155,0.8844460873854629,1,627,allocation 3:3 | multiplexing
3:3,True,0.7822869764936485,model TTL,56,298.0,297.5,0.5,0.8836506601491806,0.8838303431148866,1,596,allocation 3:3 | multiplexing
3:3,True,0.7822869764936485,model TTL,57,271.5,270.5,1.0,0.8816086096952637,0.8820175013839635,2,543,allocation 3:3 | multiplexing
3:3,True,0.7822869764936485,model TTL,59,296.0,293.0,3.0,0.8829555830678611,0.8840467479296181,6,592,allocation 3:3 | multiplexing
3:3,True,0.7822869764936485,model TTL,60,284.0,283.0,1.0,0.8818011967303602,0.88218322953699,2,568,allocation 3:3 | multiplexing
3:3,True,0.7822869764936485,model TTL,61,283.5,280.5,3.0,0.8816132297047355,0.882768202039039,6,567,allocation 3:3 | multiplexing
3:3,True,0.7822869764936485,model TTL,62,317.5,316.5,1.0,0.8865372402964428,0.8869050885230866,2,635,allocation 3:3 | multiplexing
3:3,True,0.7822869764936485,model TTL,63,290.5,290.0,0.5,0.882903804012665,0.8830814877722969,1,581,allocation 3:3 | multiplexing
3:3,True,0.7822869764936485,model TTL,86,317.5,317.0,0.5,0.8848180893264415,0.8849961448128665,1,635,allocation 3:3 | multiplexing
3:3,True,0.7822869764936485,model TTL,64,308.5,307.5,1.0,0.8819455797445097,0.8822741792311519,2,617,allocation 3:3 | multiplexing
3:3,True,0.7822869764936485,model TTL,65,280.0,278.0,2.0,0.8834169774565374,0.8841899571883586,4,560,allocation 3:3 | multiplexing
3:3,True,0.7822869764936485,model TTL,66,304.5,304.0,0.5,0.8830950641091936,0.883264281847852,1,609,allocation 3:3 | multiplexing
3:3,True,0.7822869764936485,model TTL,69,293.5,293.0,0.5,0.8844685942302927,0.8846461374144768,1,587,allocation 3:3 | multiplexing
3:3,True,0.7822869764936485,model TTL,70,297.5,295.5,2.0,0.8825347994909963,0.8832509239592882,4,595,allocation 3:3 | multiplexing
3:3,True,0.7822869764936485,model TTL,67,277.0,275.5,1.5,0.8829654686096934,0.8835525331001782,3,554,allocation 3:3 | multiplexing
3:3,True,0.7822869764936485,model TTL,71,294.5,294.0,0.5,0.8844424719768105,0.8846384240426561,1,589,allocation 3:3 | multiplexing
3:3,True,0.7822869764936485,model TTL,76,303.5,302.0,1.5,0.8811491232567767,0.8816830469670879,3,607,allocation 3:3 | multiplexing
3:3,True,0.7822869764936485,model TTL,72,304.0,303.5,0.5,0.8847568249744104,0.8849455194947743,1,608,allocation 3:3 | multiplexing
3:3,True,0.7822869764936485,model TTL,73,297.0,295.5,1.5,0.8832636865341876,0.8838153332743052,3,594,allocation 3:3 | multiplexing
3:3,True,0.7822869764936485,model TTL,79,272.0,270.5,1.5,0.8828220233712917,0.8834051790068369,3,544,allocation 3:3 | multiplexing
3:3,True,0.7822869764936485,model TTL,78,294.5,293.5,1.0,0.8826797662709785,0.883051009771122,2,589,allocation 3:3 | multiplexing
3:3,True,0.7822869764936485,model TTL,80,293.5,293.0,0.5,0.884395480023503,0.8845761124177206,1,587,allocation 3:3 | multiplexing
3:3,True,0.7822869764936485,model TTL,74,302.0,300.5,1.5,0.8847543512021321,0.885296191757658,3,604,allocation 3:3 | multiplexing
3:3,True,0.7822869764936485,model TTL,75,307.5,305.0,2.5,0.8835930059368048,0.884475219176912,5,615,allocation 3:3 | multiplexing
3:3,True,0.7822869764936485,model TTL,68,313.0,312.5,0.5,0.884145944934488,0.8843194088678273,1,626,allocation 3:3 | multiplexing
3:3,True,0.7822869764936485,model TTL,77,311.5,311.0,0.5,0.8853662062451837,0.8855385259220221,1,623,allocation 3:3 | multiplexing
3:3,True,0.7822869764936485,model TTL,82,298.0,297.0,1.0,0.8849716603861754,0.8853349847108312,2,596,allocation 3:3 | multiplexing
3:3,True,0.7822869764936485,model TTL,81,298.5,297.0,1.5,0.8850367108243289,0.8856008246360403,3,597,allocation 3:3 | multiplexing
3:3,True,0.7822869764936485,model TTL,83,305.5,304.5,1.0,0.886972411543009,0.8873289697631748,2,611,allocation 3:3 | multiplexing
3:3,True,0.7822869764936485,model TTL,85,273.0,272.5,0.5,0.8843733032837664,0.8845644293618586,1,546,allocation 3:3 | multiplexing
3:3,True,0.7822869764936485,model TTL,84,293.5,292.5,1.0,0.8842809723912121,0.8846655642121335,2,587,allocation 3:3 | multiplexing
3:3,True,0.7822869764936485,model TTL,87,308.0,307.0,1.0,0.8846340907534395,0.884976699621816,2,616,allocation 3:3 | multiplexing
3:3,True,0.7822869764936485,model TTL,88,299.5,298.5,1.0,0.8857468936550532,0.8861310555755328,2,599,allocation 3:3 | multiplexing
3:3,True,0.7822869764936485,model TTL,89,295.0,293.0,2.0,0.8832026228748039,0.8839240213279476,4,590,allocation 3:3 | multiplexing
3:3,True,0.7822869764936485,model TTL,90,306.5,305.5,1.0,0.8841927517330502,0.8845547940937689,2,613,allocation 3:3 | multiplexing
3:3,True,0.7822869764936485,model TTL,91,298.5,297.5,1.0,0.8830987194268319,0.8834532831756428,2,597,allocation 3:3 | multiplexing
3:3,True,0.7822869764936485,model TTL,95,282.5,281.5,1.0,0.8827400732684517,0.8831173088975567,2,565,allocation 3:3 | multiplexing
3:3,True,0.7822869764936485,model TTL,92,311.5,310.5,1.0,0.8858888463853847,0.8862359568689804,2,623,allocation 3:3 | multiplexing
3:3,True,0.7822869764936485,model TTL,93,307.0,306.5,0.5,0.8845359059999968,0.8847105801215926,1,614,allocation 3:3 | multiplexing
3:3,True,0.7822869764936485,model TTL,94,295.5,294.5,1.0,0.8850269067520865,0.8853851579930109,2,591,allocation 3:3 | multiplexing
3:3,True,0.7822869764936485,model TTL,98,301.5,300.5,1.0,0.8835531411386834,0.8839051117826928,2,603,allocation 3:3 | multiplexing
3:3,True,0.7822869764936485,model TTL,99,310.5,309.5,1.0,0.8844148935967107,0.8847688301005898,2,621,allocation 3:3 | multiplexing
3:3,True,0.7822869764936485,model TTL,96,305.0,303.5,1.5,0.885722231900823,0.8862566202460838,3,610,allocation 3:3 | multiplexing
3:3,True,0.7822869764936485,model TTL,97,301.0,300.0,1.0,0.883962626734201,0.884316027860631,2,602,allocation 3:3 | multiplexing
3:3,True,0.8145739529872971,no TTL,10,303.0,296.0,7.0,0.8837438543780756,0.8859048342405796,14,606,allocation 3:3 | multiplexing
3:3,True,0.8145739529872971,no TTL,8,292.0,281.5,10.5,0.8827901618755322,0.8861460282416925,21,584,allocation 3:3 | multiplexing
3:3,True,0.8145739529872971,no TTL,11,289.5,278.5,11.0,0.8816498930976161,0.8852960823225697,22,579,allocation 3:3 | multiplexing
3:3,True,0.8145739529872971,no TTL,0,284.5,275.5,9.0,0.8831186273287205,0.8862192457417712,18,569,allocation 3:3 | multiplexing
3:3,True,0.8145739529872971,no TTL,26,282.0,274.5,7.5,0.8826275219728615,0.8852600626694167,15,564,allocation 3:3 | multiplexing
3:3,True,0.8145739529872971,no TTL,20,276.0,262.5,13.5,0.8808092865475269,0.8857598200427566,27,552,allocation 3:3 | multiplexing
3:3,True,0.8145739529872971,no TTL,3,293.0,281.5,11.5,0.8814102025492787,0.8854121640643511,23,586,allocation 3:3 | multiplexing
3:3,True,0.8145739529872971,no TTL,29,302.5,290.0,12.5,0.8811751826279971,0.8853536607815846,25,605,allocation 3:3 | multiplexing
3:3,True,0.8145739529872971,no TTL,16,290.5,281.0,9.5,0.8812609104668598,0.8845047516313388,19,581,allocation 3:3 | multiplexing
3:3,True,0.8145739529872971,no TTL,1,310.0,300.5,9.5,0.8827021521645381,0.8856052469592728,19,620,allocation 3:3 | multiplexing
3:3,True,0.8145739529872971,no TTL,19,303.0,295.5,7.5,0.8824309504005315,0.8851324727827086,15,606,allocation 3:3 | multiplexing
3:3,True,0.8145739529872971,no TTL,22,292.5,283.0,9.5,0.8830709361157874,0.885944013993735,19,585,allocation 3:3 | multiplexing
3:3,True,0.8145739529872971,no TTL,24,286.0,277.5,8.5,0.8825750118560921,0.8852361815118264,17,572,allocation 3:3 | multiplexing
3:3,True,0.8145739529872971,no TTL,17,312.0,302.5,9.5,0.884070235224035,0.8871411000840624,19,624,allocation 3:3 | multiplexing
3:3,True,0.8145739529872971,no TTL,18,315.5,309.5,6.0,0.8853601174121409,0.8873495669940124,12,631,allocation 3:3 | multiplexing
3:3,True,0.8145739529872971,no TTL,9,317.5,307.5,10.0,0.8836177614017102,0.886732006795241,20,635,allocation 3:3 | multiplexing
3:3,True,0.8145739529872971,no TTL,6,304.0,293.0,11.0,0.8827712772801902,0.886347946491812,22,608,allocation 3:3 | multiplexing
3:3,True,0.8145739529872971,no TTL,28,298.0,288.0,10.0,0.8836489142669629,0.8865635320466173,20,596,allocation 3:3 | multiplexing
3:3,True,0.8145739529872971,no TTL,13,308.5,300.0,8.5,0.8850233262485651,0.8875735755149701,17,617,allocation 3:3 | multiplexing
3:3,True,0.8145739529872971,no TTL,12,294.0,286.5,7.5,0.8838373890734657,0.8865920810873661,15,588,allocation 3:3 | multiplexing
3:3,True,0.8145739529872971,no TTL,7,294.5,284.0,10.5,0.8836657103761247,0.8870444307461487,21,589,allocation 3:3 | multiplexing
3:3,True,0.8145739529872971,no TTL,21,298.0,288.0,10.0,0.8823282646804802,0.8855385057357571,20,596,allocation 3:3 | multiplexing
3:3,True,0.8145739529872971,no TTL,27,309.5,302.0,7.5,0.8843745126984333,0.8866158042018024,15,619,allocation 3:3 | multiplexing
3:3,True,0.8145739529872971,no TTL,4,304.0,296.5,7.5,0.8843810195144967,0.8870135581066265,15,608,allocation 3:3 | multiplexing
3:3,True,0.8145739529872971,no TTL,2,301.5,292.5,9.0,0.8827772433966664,0.8857271603909069,18,603,allocation 3:3 | multiplexing
3:3,True,0.8145739529872971,no TTL,25,309.0,300.5,8.5,0.8842820170958002,0.8872027521086646,17,618,allocation 3:3 | multiplexing
3:3,True,0.8145739529872971,no TTL,14,317.0,310.0,7.0,0.883791863058192,0.885917076863528,14,634,allocation 3:3 | multiplexing
3:3,True,0.8145739529872971,no TTL,23,301.0,291.5,9.5,0.8842009730667753,0.8873053494195818,19,602,allocation 3:3 | multiplexing
3:3,True,0.8145739529872971,no TTL,5,327.0,322.0,5.0,0.8858193605159187,0.8873044059173134,10,654,allocation 3:3 | multiplexing
3:3,True,0.8145739529872971,no TTL,15,300.0,285.0,15.0,0.8823846908549854,0.8874520062588721,30,600,allocation 3:3 | multiplexing
3:3,True,0.8145739529872971,no TTL,30,301.5,291.5,10.0,0.8817452019718945,0.8848983164336027,20,603,allocation 3:3 | multiplexing
3:3,True,0.8145739529872971,no TTL,31,295.5,286.5,9.0,0.8835832052843926,0.887214977116591,18,591,allocation 3:3 | multiplexing
3:3,True,0.8145739529872971,no TTL,52,302.0,293.0,9.0,0.8833478621284786,0.8862366213905495,18,604,allocation 3:3 | multiplexing
3:3,True,0.8145739529872971,no TTL,42,285.0,275.0,10.0,0.8822872598001431,0.8861464391758351,20,570,allocation 3:3 | multiplexing
3:3,True,0.8145739529872971,no TTL,35,284.0,272.5,11.5,0.8791290922911086,0.8830345968924093,23,568,allocation 3:3 | multiplexing
3:3,True,0.8145739529872971,no TTL,32,276.5,265.5,11.0,0.8817422588986511,0.8855725698014187,22,553,allocation 3:3 | multiplexing
3:3,True,0.8145739529872971,no TTL,57,301.5,291.5,10.0,0.8820847586534616,0.8856480591349618,20,603,allocation 3:3 | multiplexing
3:3,True,0.8145739529872971,no TTL,33,292.5,282.0,10.5,0.8817439419636344,0.8852998286581163,21,585,allocation 3:3 | multiplexing
3:3,True,0.8145739529872971,no TTL,36,301.5,289.5,12.0,0.8835661473644179,0.8880431112999846,24,603,allocation 3:3 | multiplexing
3:3,True,0.8145739529872971,no TTL,39,313.0,301.5,11.5,0.8839656785916957,0.8879650062168947,23,626,allocation 3:3 | multiplexing
3:3,True,0.8145739529872971,no TTL,38,303.5,295.5,8.0,0.8822886778628144,0.8846858393066994,16,607,allocation 3:3 | multiplexing
3:3,True,0.8145739529872971,no TTL,43,299.0,286.5,12.5,0.8828392894468231,0.886761971521055,25,598,allocation 3:3 | multiplexing
3:3,True,0.8145739529872971,no TTL,47,285.5,276.0,9.5,0.8827241242795398,0.8860008348062913,19,571,allocation 3:3 | multiplexing
3:3,True,0.8145739529872971,no TTL,50,301.5,285.0,16.5,0.8810283164535372,0.8865113513853761,33,603,allocation 3:3 | multiplexing
3:3,True,0.8145739529872971,no TTL,45,303.5,291.0,12.5,0.8827339858904951,0.8867942805410959,25,607,allocation 3:3 | multiplexing
3:3,True,0.8145739529872971,no TTL,46,298.0,286.5,11.5,0.8827539678843327,0.886467929415247,23,596,allocation 3:3 | multiplexing
3:3,True,0.8145739529872971,no TTL,34,316.5,307.0,9.5,0.8865052718599012,0.8895104910427716,19,633,allocation 3:3 | multiplexing
3:3,True,0.8145739529872971,no TTL,48,297.0,284.5,12.5,0.8820694585067249,0.8862324430872129,25,594,allocation 3:3 | multiplexing
3:3,True,0.8145739529872971,no TTL,56,277.0,271.0,6.0,0.8833136165816567,0.8852444694942936,12,554,allocation 3:3 | multiplexing
3:3,True,0.8145739529872971,no TTL,37,315.0,304.5,10.5,0.8844750577045217,0.8877304484378897,21,630,allocation 3:3 | multiplexing
3:3,True,0.8145739529872971,no TTL,55,275.5,266.0,9.5,0.8807014332611748,0.8842394749282511,19,551,allocation 3:3 | multiplexing
3:3,True,0.8145739529872971,no TTL,44,301.5,292.5,9.0,0.8840593312625132,0.886578573713974,18,603,allocation 3:3 | multiplexing
3:3,True,0.8145739529872971,no TTL,58,282.0,273.0,9.0,0.8834333077181402,0.8867997877882334,18,564,allocation 3:3 | multiplexing
3:3,True,0.8145739529872971,no TTL,41,304.5,294.5,10.0,0.8827410426448079,0.8859466655946789,20,609,allocation 3:3 | multiplexing
3:3,True,0.8145739529872971,no TTL,49,303.5,297.5,6.0,0.8845613252979564,0.8866426407890583,12,607,allocation 3:3 | multiplexing
3:3,True,0.8145739529872971,no TTL,51,310.0,301.5,8.5,0.8840332144604139,0.8868379130491332,17,620,allocation 3:3 | multiplexing
3:3,True,0.8145739529872971,no TTL,40,306.5,299.5,7.0,0.8862147854011598,0.8885237896752226,14,613,allocation 3:3 | multiplexing
3:3,True,0.8145739529872971,no TTL,59,298.5,286.0,12.5,0.8816380502995427,0.8859642929238806,25,597,allocation 3:3 | multiplexing
3:3,True,0.8145739529872971,no TTL,53,303.5,294.0,9.5,0.8846494685352648,0.8876703908359104,19,607,allocation 3:3 | multiplexing
3:3,True,0.8145739529872971,no TTL,54,307.0,299.5,7.5,0.8855786704527495,0.8878782578439256,15,614,allocation 3:3 | multiplexing
3:3,True,0.8145739529872971,no TTL,60,294.0,283.0,11.0,0.8818598838516204,0.8857256601073549,22,588,allocation 3:3 | multiplexing
3:3,True,0.8145739529872971,no TTL,61,302.0,285.0,17.0,0.8812428280754284,0.8869101004087006,34,604,allocation 3:3 | multiplexing
3:3,True,0.8145739529872971,no TTL,62,282.5,268.5,14.0,0.8821104711560556,0.8867684749037157,28,565,allocation 3:3 | multiplexing
3:3,True,0.8145739529872971,no TTL,67,307.0,300.5,6.5,0.8830081662926154,0.8851190964001168,13,614,allocation 3:3 | multiplexing
3:3,True,0.8145739529872971,no TTL,64,297.5,284.0,13.5,0.8813375183847715,0.8859631683276754,27,595,allocation 3:3 | multiplexing
3:3,True,0.8145739529872971,no TTL,87,279.5,267.5,12.0,0.8799208985172351,0.8840124387090746,24,559,allocation 3:3 | multiplexing
3:3,True,0.8145739529872971,no TTL,73,303.0,293.0,10.0,0.8836284354957737,0.886888286129167,20,606,allocation 3:3 | multiplexing
3:3,True,0.8145739529872971,no TTL,65,309.0,302.5,6.5,0.8843710515587533,0.8862581004763079,13,618,allocation 3:3 | multiplexing
3:3,True,0.8145739529872971,no TTL,66,293.0,283.5,9.5,0.8826632018558347,0.8855461845784265,19,586,allocation 3:3 | multiplexing
3:3,True,0.8145739529872971,no TTL,68,285.5,274.5,11.0,0.8821987647815972,0.8860584548058362,22,571,allocation 3:3 | multiplexing
3:3,True,0.8145739529872971,no TTL,63,315.0,308.5,6.5,0.8843582566830864,0.8864352697253222,13,630,allocation 3:3 | multiplexing
3:3,True,0.8145739529872971,no TTL,71,291.5,280.0,11.5,0.8817224317127427,0.8854283653876892,23,583,allocation 3:3 | multiplexing
3:3,True,0.8145739529872971,no TTL,81,297.5,285.0,12.5,0.8818001237169601,0.8860259173557845,25,595,allocation 3:3 | multiplexing
3:3,True,0.8145739529872971,no TTL,72,283.0,272.5,10.5,0.8825976178692152,0.885872776335584,21,566,allocation 3:3 | multiplexing
3:3,True,0.8145739529872971,no TTL,69,300.5,289.0,11.5,0.883826230188791,0.8874375523487829,23,601,allocation 3:3 | multiplexing
3:3,True,0.8145739529872971,no TTL,76,277.0,266.0,11.0,0.8801777532164909,0.8841171833662227,22,554,allocation 3:3 | multiplexing
3:3,True,0.8145739529872971,no TTL,77,313.5,306.0,7.5,0.8843103981636414,0.8866481836610727,15,627,allocation 3:3 | multiplexing
3:3,True,0.8145739529872971,no TTL,74,318.5,312.5,6.0,0.8841232110633848,0.8858148528519355,12,637,allocation 3:3 | multiplexing
3:3,True,0.8145739529872971,no TTL,70,297.0,289.0,8.0,0.8839762144151292,0.8867408079797692,16,594,allocation 3:3 | multiplexing
3:3,True,0.8145739529872971,no TTL,75,306.5,297.0,9.5,0.8845516395463838,0.8874828935302006,19,613,allocation 3:3 | multiplexing
3:3,True,0.8145739529872971,no TTL,84,283.5,275.5,8.0,0.882793227213256,0.8856766425903468,16,567,allocation 3:3 | multiplexing
3:3,True,0.8145739529872971,no TTL,80,284.5,275.5,9.0,0.883637075234015,0.8869268272507028,18,569,allocation 3:3 | multiplexing
3:3,True,0.8145739529872971,no TTL,79,298.0,287.0,11.0,0.8825090825933183,0.8859895180418575,22,596,allocation 3:3 | multiplexing
3:3,True,0.8145739529872971,no TTL,78,306.0,294.0,12.0,0.8832176843585282,0.8867913390480238,24,612,allocation 3:3 | multiplexing
3:3,True,0.8145739529872971,no TTL,83,284.5,275.5,9.0,0.8815297876435146,0.8844319105462897,18,569,allocation 3:3 | multiplexing
3:3,True,0.8145739529872971,no TTL,85,305.5,292.0,13.5,0.8821435262332853,0.8862928816266159,27,611,allocation 3:3 | multiplexing
3:3,True,0.8145739529872971,no TTL,82,320.0,310.5,9.5,0.884121343228558,0.8868349965229909,19,640,allocation 3:3 | multiplexing
3:3,True,0.8145739529872971,no TTL,88,288.0,280.5,7.5,0.8838067873827187,0.8861990757200425,15,576,allocation 3:3 | multiplexing
3:3,True,0.8145739529872971,no TTL,86,286.0,275.0,11.0,0.8836454708126931,0.8873934623984147,22,572,allocation 3:3 | multiplexing
3:3,True,0.8145739529872971,no TTL,89,307.5,298.0,9.5,0.8843246791468342,0.8871504904257117,19,615,allocation 3:3 | multiplexing
3:3,True,0.8145739529872971,no TTL,90,311.5,306.5,5.0,0.8838521548273196,0.885438202616296,10,623,allocation 3:3 | multiplexing
3:3,True,0.8145739529872971,no TTL,91,292.0,285.5,6.5,0.8839049134459511,0.8860921032685009,13,584,allocation 3:3 | multiplexing
3:3,True,0.8145739529872971,no TTL,92,314.0,303.0,11.0,0.8849840634106003,0.8881550591879752,22,628,allocation 3:3 | multiplexing
3:3,True,0.8145739529872971,no TTL,93,300.5,293.5,7.0,0.8845439703921305,0.886857115997821,14,601,allocation 3:3 | multiplexing
3:3,True,0.8145739529872971,no TTL,94,302.0,293.5,8.5,0.8836717505919469,0.886585763090653,17,604,allocation 3:3 | multiplexing
3:3,True,0.8145739529872971,no TTL,96,303.0,294.5,8.5,0.8834059311232454,0.8858240270156904,17,606,allocation 3:3 | multiplexing
3:3,True,0.8145739529872971,no TTL,95,281.5,271.0,10.5,0.8833081192469113,0.8868210138370108,21,563,allocation 3:3 | multiplexing
3:3,True,0.8145739529872971,no TTL,97,309.0,301.5,7.5,0.8836199195842629,0.8858931133105759,15,618,allocation 3:3 | multiplexing
3:3,True,0.8145739529872971,no TTL,98,287.0,277.5,9.5,0.8823259147088026,0.885681726321437,19,574,allocation 3:3 | multiplexing
3:3,True,0.8145739529872971,no TTL,99,310.0,300.0,10.0,0.8833021368535046,0.8863026491284123,20,620,allocation 3:3 | multiplexing
3:3,True,0.8145739529872971,model TTL,3,311.0,310.0,1.0,0.8864383161275979,0.8866873464170448,2,622,allocation 3:3 | multiplexing
3:3,True,0.8145739529872971,model TTL,0,298.5,297.0,1.5,0.8856501514134683,0.8860147468516225,3,597,allocation 3:3 | multiplexing
3:3,True,0.8145739529872971,model TTL,19,304.0,303.0,1.0,0.8876510500764849,0.8878957294139117,2,608,allocation 3:3 | multiplexing
3:3,True,0.8145739529872971,model TTL,4,305.0,303.5,1.5,0.8855969250305864,0.8859706929778409,3,610,allocation 3:3 | multiplexing
3:3,True,0.8145739529872971,model TTL,2,308.5,305.5,3.0,0.885919336108715,0.8866662506644375,6,617,allocation 3:3 | multiplexing
3:3,True,0.8145739529872971,model TTL,5,302.5,299.5,3.0,0.8865433898313099,0.887304732021619,6,605,allocation 3:3 | multiplexing
3:3,True,0.8145739529872971,model TTL,14,294.0,291.5,2.5,0.8859137248709049,0.8865671019883523,5,588,allocation 3:3 | multiplexing
3:3,True,0.8145739529872971,model TTL,6,292.0,289.5,2.5,0.8861891291732276,0.8868335701238544,5,584,allocation 3:3 | multiplexing
3:3,True,0.8145739529872971,model TTL,10,281.5,279.5,2.0,0.8864158504968974,0.8869476804547989,4,563,allocation 3:3 | multiplexing
3:3,True,0.8145739529872971,model TTL,8,307.5,305.5,2.0,0.8876351070388174,0.8881232425979413,4,615,allocation 3:3 | multiplexing
3:3,True,0.8145739529872971,model TTL,7,298.5,295.5,3.0,0.8867635025434704,0.8875455918208196,6,597,allocation 3:3 | multiplexing
3:3,True,0.8145739529872971,model TTL,13,295.0,291.5,3.5,0.8862928602538804,0.8871999281771948,7,590,allocation 3:3 | multiplexing
3:3,True,0.8145739529872971,model TTL,16,306.5,302.5,4.0,0.8847401016062311,0.8857016120876963,8,613,allocation 3:3 | multiplexing
3:3,True,0.8145739529872971,model TTL,11,299.5,298.0,1.5,0.8864387299475126,0.8868068974391252,3,599,allocation 3:3 | multiplexing
3:3,True,0.8145739529872971,model TTL,15,322.5,321.0,1.5,0.8876817346137563,0.8880440112306693,3,645,allocation 3:3 | multiplexing
3:3,True,0.8145739529872971,model TTL,9,310.5,308.5,2.0,0.8865416180183842,0.8870392349831362,4,621,allocation 3:3 | multiplexing
3:3,True,0.8145739529872971,model TTL,12,304.0,301.5,2.5,0.8879975135824604,0.8886364391474035,5,608,allocation 3:3 | multiplexing
3:3,True,0.8145739529872971,model TTL,1,325.0,323.0,2.0,0.8869445929826067,0.8874065317911453,4,650,allocation 3:3 | multiplexing
3:3,True,0.8145739529872971,model TTL,18,301.0,300.5,0.5,0.8868834589721887,0.8870081614484867,1,602,allocation 3:3 | multiplexing
3:3,True,0.8145739529872971,model TTL,17,310.0,307.5,2.5,0.8876234859995268,0.8882417258449686,5,620,allocation 3:3 | multiplexing
3:3,True,0.8145739529872971,model TTL,20,298.0,297.0,1.0,0.8863471309379067,0.8865961690317312,2,596,allocation 3:3 | multiplexing
3:3,True,0.8145739529872971,model TTL,22,269.0,267.5,1.5,0.8841562688233466,0.8845715510287847,3,538,allocation 3:3 | multiplexing
3:3,True,0.8145739529872971,model TTL,21,303.0,301.5,1.5,0.8852252622831221,0.8855911530474476,3,606,allocation 3:3 | multiplexing
3:3,True,0.8145739529872971,model TTL,26,308.0,305.5,2.5,0.8865775716745826,0.8871940787165051,5,616,allocation 3:3 | multiplexing
3:3,True,0.8145739529872971,model TTL,23,310.5,308.0,2.5,0.8871184409458863,0.8877286802830936,5,621,allocation 3:3 | multiplexing
3:3,True,0.8145739529872971,model TTL,24,310.0,305.0,5.0,0.8866764648284867,0.8879112879303451,10,620,allocation 3:3 | multiplexing
3:3,True,0.8145739529872971,model TTL,25,305.5,304.5,1.0,0.885870143066237,0.8861158309181854,2,611,allocation 3:3 | multiplexing
3:3,True,0.8145739529872971,model TTL,27,316.5,313.0,3.5,0.885553371909445,0.8863693647074469,7,633,allocation 3:3 | multiplexing
3:3,True,0.8145739529872971,model TTL,31,309.5,307.0,2.5,0.8846844627273783,0.8852814866876021,5,619,allocation 3:3 | multiplexing
3:3,True,0.8145739529872971,model TTL,29,286.5,284.0,2.5,0.885884196305428,0.8865361905329442,5,573,allocation 3:3 | multiplexing
3:3,True,0.8145739529872971,model TTL,28,305.0,303.0,2.0,0.8860426704591344,0.8865480978710015,4,610,allocation 3:3 | multiplexing
3:3,True,0.8145739529872971,model TTL,30,316.0,313.0,3.0,0.8866001744412095,0.8873144291348803,6,632,allocation 3:3 | multiplexing
3:3,True,0.8145739529872971,model TTL,33,317.5,314.0,3.5,0.8860020590081499,0.8868413664319433,7,635,allocation 3:3 | multiplexing
3:3,True,0.8145739529872971,model TTL,32,304.5,301.0,3.5,0.8871777349421982,0.8880528665284012,7,609,allocation 3:3 | multiplexing
3:3,True,0.8145739529872971,model TTL,54,317.5,313.0,4.5,0.8866073705248757,0.8877002002761892,9,635,allocation 3:3 | multiplexing
3:3,True,0.8145739529872971,model TTL,34,280.5,278.5,2.0,0.8849183552120459,0.885457454767092,4,561,allocation 3:3 | multiplexing
3:3,True,0.8145739529872971,model TTL,35,289.0,286.5,2.5,0.8858006955050198,0.8864607248950825,5,578,allocation 3:3 | multiplexing
3:3,True,0.8145739529872971,model TTL,36,308.5,306.5,2.0,0.8850539265192789,0.8855240619623415,4,617,allocation 3:3 | multiplexing
3:3,True,0.8145739529872971,model TTL,38,298.0,295.5,2.5,0.8848700534479153,0.885497849175465,5,596,allocation 3:3 | multiplexing
3:3,True,0.8145739529872971,model TTL,41,309.0,306.5,2.5,0.8859069340902557,0.8865177750819664,5,618,allocation 3:3 | multiplexing
3:3,True,0.8145739529872971,model TTL,43,277.5,275.5,2.0,0.8846971941593205,0.8852199539951212,4,555,allocation 3:3 | multiplexing
3:3,True,0.8145739529872971,model TTL,37,311.0,310.0,1.0,0.8866424462548239,0.8868839186591978,2,622,allocation 3:3 | multiplexing
3:3,True,0.8145739529872971,model TTL,44,297.0,294.0,3.0,0.8846208655854936,0.8853751731097382,6,594,allocation 3:3 | multiplexing
3:3,True,0.8145739529872971,model TTL,46,291.5,286.0,5.5,0.8849526481951674,0.8863544094852603,11,583,allocation 3:3 | multiplexing
3:3,True,0.8145739529872971,model TTL,40,312.0,309.5,2.5,0.8864036264997537,0.8870027434719183,5,624,allocation 3:3 | multiplexing
3:3,True,0.8145739529872971,model TTL,42,298.5,296.0,2.5,0.8860116485225722,0.8866504655701118,5,597,allocation 3:3 | multiplexing
3:3,True,0.8145739529872971,model TTL,45,277.0,274.5,2.5,0.8855679622018527,0.8862598701084416,5,554,allocation 3:3 | multiplexing
3:3,True,0.8145739529872971,model TTL,51,280.5,277.0,3.5,0.8844469536975985,0.8853747081370066,7,561,allocation 3:3 | multiplexing
3:3,True,0.8145739529872971,model TTL,53,307.0,304.0,3.0,0.8845569063091714,0.8852734674561461,6,614,allocation 3:3 | multiplexing
3:3,True,0.8145739529872971,model TTL,39,305.5,305.0,0.5,0.8868450121314972,0.8869713308276561,1,611,allocation 3:3 | multiplexing
3:3,True,0.8145739529872971,model TTL,49,301.0,300.0,1.0,0.8877793837877519,0.8880340824686007,2,602,allocation 3:3 | multiplexing
3:3,True,0.8145739529872971,model TTL,50,324.5,322.5,2.0,0.8857649428589355,0.8862307352102788,4,649,allocation 3:3 | multiplexing
3:3,True,0.8145739529872971,model TTL,47,321.0,320.5,0.5,0.8876881892635087,0.8878110261163751,1,642,allocation 3:3 | multiplexing
3:3,True,0.8145739529872971,model TTL,52,300.5,297.5,3.0,0.8855867233501542,0.8863338175343772,6,601,allocation 3:3 | multiplexing
3:3,True,0.8145739529872971,model TTL,48,292.0,289.5,2.5,0.8850216236143071,0.885649002440344,5,584,allocation 3:3 | multiplexing
3:3,True,0.8145739529872971,model TTL,55,277.0,276.0,1.0,0.8852769976319057,0.8855538215033509,2,554,allocation 3:3 | multiplexing
3:3,True,0.8145739529872971,model TTL,56,304.0,302.5,1.5,0.8849014123038811,0.8852674997933915,3,608,allocation 3:3 | multiplexing
3:3,True,0.8145739529872971,model TTL,57,287.0,284.5,2.5,0.8827360941780044,0.8833634678224012,5,574,allocation 3:3 | multiplexing
3:3,True,0.8145739529872971,model TTL,59,277.5,276.0,1.5,0.8860997592194791,0.8865115674392068,3,555,allocation 3:3 | multiplexing
3:3,True,0.8145739529872971,model TTL,63,306.5,305.5,1.0,0.885133475847996,0.8853719960557477,2,613,allocation 3:3 | multiplexing
3:3,True,0.8145739529872971,model TTL,58,313.0,312.0,1.0,0.8869631458643418,0.8872025076882285,2,626,allocation 3:3 | multiplexing
3:3,True,0.8145739529872971,model TTL,61,289.5,287.0,2.5,0.8828425512784666,0.8834633331089541,5,579,allocation 3:3 | multiplexing
3:3,True,0.8145739529872971,model TTL,60,282.5,281.0,1.5,0.8849212275978925,0.8853230897407284,3,565,allocation 3:3 | multiplexing
3:3,True,0.8145739529872971,model TTL,62,324.0,323.0,1.0,0.8869495975901508,0.8871927354749336,2,648,allocation 3:3 | multiplexing
3:3,True,0.8145739529872971,model TTL,64,290.5,287.5,3.0,0.8848564662965452,0.8856413445501747,6,581,allocation 3:3 | multiplexing
3:3,True,0.8145739529872971,model TTL,70,295.5,292.5,3.0,0.8844464392694394,0.8852120256176086,6,591,allocation 3:3 | multiplexing
3:3,True,0.8145739529872971,model TTL,65,293.5,291.5,2.0,0.8868759980476136,0.8873888444545303,4,587,allocation 3:3 | multiplexing
3:3,True,0.8145739529872971,model TTL,66,302.0,299.5,2.5,0.8851785833621045,0.885793603474921,5,604,allocation 3:3 | multiplexing
3:3,True,0.8145739529872971,model TTL,69,305.5,303.5,2.0,0.8855483581901272,0.8860338880960276,4,611,allocation 3:3 | multiplexing
3:3,True,0.8145739529872971,model TTL,67,307.5,305.5,2.0,0.8860189827989586,0.8864976709914132,4,615,allocation 3:3 | multiplexing
3:3,True,0.8145739529872971,model TTL,76,291.5,289.0,2.5,0.8860039211562567,0.8866561526197552,5,583,allocation 3:3 | multiplexing
3:3,True,0.8145739529872971,model TTL,71,303.0,301.5,1.5,0.8854857003085556,0.8858545258763244,3,606,allocation 3:3 | multiplexing
3:3,True,0.8145739529872971,model TTL,72,298.5,297.5,1.0,0.8853860521613425,0.885629446515182,2,597,allocation 3:3 | multiplexing
3:3,True,0.8145739529872971,model TTL,73,302.5,301.0,1.5,0.886759410471446,0.8871242304641442,3,605,allocation 3:3 | multiplexing
3:3,True,0.8145739529872971,model TTL,79,294.0,292.0,2.0,0.8821191231089052,0.8826032140278566,4,588,allocation 3:3 | multiplexing
3:3,True,0.8145739529872971,model TTL,75,302.0,299.0,3.0,0.8850886209301939,0.8858363829647276,6,604,allocation 3:3 | multiplexing
3:3,True,0.8145739529872971,model TTL,68,305.0,303.0,2.0,0.8871218061887776,0.8876343549502712,4,610,allocation 3:3 | multiplexing
3:3,True,0.8145739529872971,model TTL,81,297.0,294.0,3.0,0.8860084774515273,0.8867773109041903,6,594,allocation 3:3 | multiplexing
3:3,True,0.8145739529872971,model TTL,80,299.5,296.5,3.0,0.8851705302296496,0.8859154220619904,6,599,allocation 3:3 | multiplexing
3:3,True,0.8145739529872971,model TTL,78,288.0,285.5,2.5,0.8865070761587236,0.887172127903584,5,576,allocation 3:3 | multiplexing
3:3,True,0.8145739529872971,model TTL,77,312.5,308.5,4.0,0.8865766971431339,0.8875600308527233,8,625,allocation 3:3 | multiplexing
3:3,True,0.8145739529872971,model TTL,74,314.0,311.5,2.5,0.8888211975778892,0.8894433970214084,5,628,allocation 3:3 | multiplexing
3:3,True,0.8145739529872971,model TTL,82,297.5,296.0,1.5,0.885834156650119,0.8862128802784021,3,595,allocation 3:3 | multiplexing
3:3,True,0.8145739529872971,model TTL,83,290.5,288.0,2.5,0.8876931011901487,0.8883525973656645,5,581,allocation 3:3 | multiplexing
3:3,True,0.8145739529872971,model TTL,84,304.0,302.0,2.0,0.886686554843995,0.8871753485345976,4,608,allocation 3:3 | multiplexing
3:3,True,0.8145739529872971,model TTL,85,294.5,292.0,2.5,0.8858092724251515,0.886458775715785,5,589,allocation 3:3 | multiplexing
3:3,True,0.8145739529872971,model TTL,89,290.5,288.5,2.0,0.8850566852865003,0.8855699397765661,4,581,allocation 3:3 | multiplexing
3:3,True,0.8145739529872971,model TTL,86,314.5,312.0,2.5,0.8863575534798707,0.8869623044973213,5,629,allocation 3:3 | multiplexing
3:3,True,0.8145739529872971,model TTL,87,310.5,308.5,2.0,0.8847990176620729,0.8852776923283661,4,621,allocation 3:3 | multiplexing
3:3,True,0.8145739529872971,model TTL,88,310.0,307.5,2.5,0.8859760810331587,0.8865930812492246,5,620,allocation 3:3 | multiplexing
3:3,True,0.8145739529872971,model TTL,90,304.0,302.0,2.0,0.8865683180524572,0.8870719324735019,4,608,allocation 3:3 | multiplexing
3:3,True,0.8145739529872971,model TTL,91,293.0,291.0,2.0,0.886567940501389,0.887075429958369,4,586,allocation 3:3 | multiplexing
3:3,True,0.8145739529872971,model TTL,92,309.0,305.5,3.5,0.8875234948359988,0.8883936717736887,7,618,allocation 3:3 | multiplexing
3:3,True,0.8145739529872971,model TTL,93,301.5,298.0,3.5,0.8865001290710854,0.8873738277774295,7,603,allocation 3:3 | multiplexing
3:3,True,0.8145739529872971,model TTL,94,303.5,301.0,2.5,0.886623458393819,0.8872524236291431,5,607,allocation 3:3 | multiplexing
3:3,True,0.8145739529872971,model TTL,95,281.0,277.5,3.5,0.884107343093987,0.8850158238866955,7,562,allocation 3:3 | multiplexing
3:3,True,0.8145739529872971,model TTL,96,296.0,292.5,3.5,0.886037243077611,0.8869409945282568,7,592,allocation 3:3 | multiplexing
3:3,True,0.8145739529872971,model TTL,98,296.5,295.0,1.5,0.8848445809970379,0.885221268933203,3,593,allocation 3:3 | multiplexing
3:3,True,0.8145739529872971,model TTL,99,300.5,299.0,1.5,0.8858919318328288,0.8862674164440174,3,601,allocation 3:3 | multiplexing
3:3,True,0.8145739529872971,model TTL,97,301.5,298.0,3.5,0.8862392460381029,0.8871160347460403,7,603,allocation 3:3 | multiplexing
3:3,True,0.8468609294809456,no TTL,13,308.5,280.0,28.5,0.8850233262485651,0.8914782424054601,57,617,allocation 3:3 | multiplexing
3:3,True,0.8468609294809456,no TTL,27,309.5,279.5,30.0,0.8843745126984333,0.8908186854319698,60,619,allocation 3:3 | multiplexing
3:3,True,0.8468609294809456,no TTL,18,315.5,288.5,27.0,0.8853601174121409,0.8913649144732265,54,631,allocation 3:3 | multiplexing
3:3,True,0.8468609294809456,no TTL,11,289.5,255.0,34.5,0.8816498930976161,0.8899595868413238,69,579,allocation 3:3 | multiplexing
3:3,True,0.8468609294809456,no TTL,12,294.0,266.0,28.0,0.8838373890734657,0.8908058905420537,56,588,allocation 3:3 | multiplexing
3:3,True,0.8468609294809456,no TTL,20,276.0,241.0,35.0,0.8808092865475269,0.8905674999291006,70,552,allocation 3:3 | multiplexing
3:3,True,0.8468609294809456,no TTL,0,284.5,254.0,30.5,0.8831186273287205,0.8908683898746635,61,569,allocation 3:3 | multiplexing
3:3,True,0.8468609294809456,no TTL,26,282.0,250.5,31.5,0.8826275219728615,0.8900205203615682,63,564,allocation 3:3 | multiplexing
3:3,True,0.8468609294809456,no TTL,3,293.0,261.0,32.0,0.8814102025492787,0.889433581597918,64,586,allocation 3:3 | multiplexing
3:3,True,0.8468609294809456,no TTL,29,302.5,267.0,35.5,0.8811751826279971,0.889752495865579,71,605,allocation 3:3 | multiplexing
3:3,True,0.8468609294809456,no TTL,1,310.0,274.5,35.5,0.8827021521645381,0.8906005916314007,71,620,allocation 3:3 | multiplexing
3:3,True,0.8468609294809456,no TTL,16,290.5,254.0,36.5,0.8812609104668598,0.8899783588736192,73,581,allocation 3:3 | multiplexing
3:3,True,0.8468609294809456,no TTL,24,286.0,254.0,32.0,0.8825750118560921,0.8901206072418556,64,572,allocation 3:3 | multiplexing
3:3,True,0.8468609294809456,no TTL,22,292.5,262.0,30.5,0.8830709361157874,0.8902098272253786,61,585,allocation 3:3 | multiplexing
3:3,True,0.8468609294809456,no TTL,19,303.0,269.0,34.0,0.8824309504005315,0.890232453882699,68,606,allocation 3:3 | multiplexing
3:3,True,0.8468609294809456,no TTL,30,301.5,271.0,30.5,0.8817452019718945,0.8887202079740467,61,603,allocation 3:3 | multiplexing
3:3,True,0.8468609294809456,no TTL,8,292.0,260.5,31.5,0.8827901618755322,0.8903031301050321,63,584,allocation 3:3 | multiplexing
3:3,True,0.8468609294809456,no TTL,17,312.0,282.5,29.5,0.884070235224035,0.8908602634335457,59,624,allocation 3:3 | multiplexing
3:3,True,0.8468609294809456,no TTL,10,303.0,275.0,28.0,0.8837438543780756,0.8899306420813552,56,606,allocation 3:3 | multiplexing
3:3,True,0.8468609294809456,no TTL,28,298.0,268.5,29.5,0.8836489142669629,0.8902774374328132,59,596,allocation 3:3 | multiplexing
3:3,True,0.8468609294809456,no TTL,6,304.0,272.0,32.0,0.8827712772801902,0.8904138811583191,64,608,allocation 3:3 | multiplexing
3:3,True,0.8468609294809456,no TTL,7,294.5,265.0,29.5,0.8836657103761247,0.8908187478847448,59,589,allocation 3:3 | multiplexing
3:3,True,0.8468609294809456,no TTL,4,304.0,272.5,31.5,0.8843810195144967,0.8917923549537198,63,608,allocation 3:3 | multiplexing
3:3,True,0.8468609294809456,no TTL,9,317.5,280.5,37.0,0.8836177614017102,0.8917097357977856,74,635,allocation 3:3 | multiplexing
3:3,True,0.8468609294809456,no TTL,21,298.0,266.0,32.0,0.8823282646804802,0.8899217774691878,64,596,allocation 3:3 | multiplexing
3:3,True,0.8468609294809456,no TTL,25,309.0,282.0,27.0,0.8842820170958002,0.8908327181982201,54,618,allocation 3:3 | multiplexing
3:3,True,0.8468609294809456,no TTL,15,300.0,268.0,32.0,0.8823846908549854,0.890735040757805,64,600,allocation 3:3 | multiplexing
3:3,True,0.8468609294809456,no TTL,14,317.0,283.0,34.0,0.883791863058192,0.890837021510268,68,634,allocation 3:3 | multiplexing
3:3,True,0.8468609294809456,no TTL,5,327.0,302.5,24.5,0.8858193605159187,0.8907057538465998,49,654,allocation 3:3 | multiplexing
3:3,True,0.8468609294809456,no TTL,2,301.5,270.5,31.0,0.8827772433966664,0.8899708386280576,62,603,allocation 3:3 | multiplexing
3:3,True,0.8468609294809456,no TTL,23,301.0,274.5,26.5,0.8842009730667753,0.8905689102942379,53,602,allocation 3:3 | multiplexing
3:3,True,0.8468609294809456,no TTL,31,295.5,267.0,28.5,0.8835832052843926,0.8910255426443278,57,591,allocation 3:3 | multiplexing
3:3,True,0.8468609294809456,no TTL,33,292.5,260.0,32.5,0.8817439419636344,0.889628884928003,65,585,allocation 3:3 | multiplexing
3:3,True,0.8468609294809456,no TTL,35,284.0,243.0,41.0,0.8791290922911086,0.889000055598509,82,568,allocation 3:3 | multiplexing
3:3,True,0.8468609294809456,no TTL,32,276.5,244.5,32.0,0.8817422588986511,0.8901628108419011,64,553,allocation 3:3 | multiplexing
3:3,True,0.8468609294809456,no TTL,36,301.5,271.0,30.5,0.8835661473644179,0.891719339341388,61,603,allocation 3:3 | multiplexing
3:3,True,0.8468609294809456,no TTL,42,285.0,251.0,34.0,0.8822872598001431,0.8911242980284056,68,570,allocation 3:3 | multiplexing
3:3,True,0.8468609294809456,no TTL,39,313.0,281.5,31.5,0.8839656785916957,0.8918711558980905,63,626,allocation 3:3 | multiplexing
3:3,True,0.8468609294809456,no TTL,47,285.5,254.0,31.5,0.8827241242795398,0.8904883709355805,63,571,allocation 3:3 | multiplexing
3:3,True,0.8468609294809456,no TTL,49,303.5,276.5,27.0,0.8845613252979564,0.890665414502796,54,607,allocation 3:3 | multiplexing
3:3,True,0.8468609294809456,no TTL,38,303.5,268.5,35.0,0.8822886778628144,0.8896873522742234,70,607,allocation 3:3 | multiplexing
3:3,True,0.8468609294809456,no TTL,46,298.0,267.5,30.5,0.8827539678843327,0.8902395161983344,61,596,allocation 3:3 | multiplexing
3:3,True,0.8468609294809456,no TTL,43,299.0,267.0,32.0,0.8828392894468231,0.890682802607988,64,598,allocation 3:3 | multiplexing
3:3,True,0.8468609294809456,no TTL,45,303.5,267.5,36.0,0.8827339858904951,0.8912471296536328,72,607,allocation 3:3 | multiplexing
3:3,True,0.8468609294809456,no TTL,50,301.5,263.5,38.0,0.8810283164535372,0.890933848505225,76,603,allocation 3:3 | multiplexing
3:3,True,0.8468609294809456,no TTL,55,275.5,241.5,34.0,0.8807014332611748,0.8894023165052579,68,551,allocation 3:3 | multiplexing
3:3,True,0.8468609294809456,no TTL,37,315.0,286.5,28.5,0.8844750577045217,0.8909652528524737,57,630,allocation 3:3 | multiplexing
3:3,True,0.8468609294809456,no TTL,48,297.0,259.5,37.5,0.8820694585067249,0.8911383049428779,75,594,allocation 3:3 | multiplexing
3:3,True,0.8468609294809456,no TTL,41,304.5,273.5,31.0,0.8827410426448079,0.8900172419611314,62,609,allocation 3:3 | multiplexing
3:3,True,0.8468609294809456,no TTL,56,277.0,251.0,26.0,0.8833136165816567,0.8895166997145355,52,554,allocation 3:3 | multiplexing
3:3,True,0.8468609294809456,no TTL,44,301.5,272.0,29.5,0.8840593312625132,0.8906470987829983,59,603,allocation 3:3 | multiplexing
3:3,True,0.8468609294809456,no TTL,34,316.5,290.5,26.0,0.8865052718599012,0.8927190653271625,52,633,allocation 3:3 | multiplexing
3:3,True,0.8468609294809456,no TTL,52,302.0,272.0,30.0,0.8833478621284786,0.8903938460798493,60,604,allocation 3:3 | multiplexing
3:3,True,0.8468609294809456,no TTL,51,310.0,282.0,28.0,0.8840332144604139,0.890529307923887,56,620,allocation 3:3 | multiplexing
3:3,True,0.8468609294809456,no TTL,57,301.5,270.5,31.0,0.8820847586534616,0.8896545608924735,62,603,allocation 3:3 | multiplexing
3:3,True,0.8468609294809456,no TTL,58,282.0,255.5,26.5,0.8834333077181402,0.890475438204962,53,564,allocation 3:3 | multiplexing
3:3,True,0.8468609294809456,no TTL,40,306.5,282.0,24.5,0.8862147854011598,0.8918299155139254,49,613,allocation 3:3 | multiplexing
3:3,True,0.8468609294809456,no TTL,54,307.0,284.0,23.0,0.8855786704527495,0.8909212520471524,46,614,allocation 3:3 | multiplexing
3:3,True,0.8468609294809456,no TTL,53,303.5,275.0,28.5,0.8846494685352648,0.8912975840836255,57,607,allocation 3:3 | multiplexing
3:3,True,0.8468609294809456,no TTL,59,298.5,261.5,37.0,0.8816380502995427,0.8906804892454758,74,597,allocation 3:3 | multiplexing
3:3,True,0.8468609294809456,no TTL,60,294.0,257.0,37.0,0.8818598838516204,0.890973097461029,74,588,allocation 3:3 | multiplexing
3:3,True,0.8468609294809456,no TTL,61,302.0,261.5,40.5,0.8812428280754284,0.8916891673694004,81,604,allocation 3:3 | multiplexing
3:3,True,0.8468609294809456,no TTL,62,282.5,251.5,31.0,0.8821104711560556,0.8903951991197664,62,565,allocation 3:3 | multiplexing
3:3,True,0.8468609294809456,no TTL,63,315.0,289.5,25.5,0.8843582566830864,0.8899172059359972,51,630,allocation 3:3 | multiplexing
3:3,True,0.8468609294809456,no TTL,64,297.5,260.5,37.0,0.8813375183847715,0.890683324608641,74,595,allocation 3:3 | multiplexing
3:3,True,0.8468609294809456,no TTL,65,309.0,283.5,25.5,0.8843710515587533,0.889801163901735,51,618,allocation 3:3 | multiplexing
3:3,True,0.8468609294809456,no TTL,88,288.0,259.5,28.5,0.8838067873827187,0.8904470478739634,57,576,allocation 3:3 | multiplexing
3:3,True,0.8468609294809456,no TTL,71,291.5,257.0,34.5,0.8817224317127427,0.890322229975524,69,583,allocation 3:3 | multiplexing
3:3,True,0.8468609294809456,no TTL,68,285.5,254.0,31.5,0.8821987647815972,0.8903818941055915,63,571,allocation 3:3 | multiplexing
3:3,True,0.8468609294809456,no TTL,66,293.0,258.5,34.5,0.8826632018558347,0.8905500587069813,69,586,allocation 3:3 | multiplexing
3:3,True,0.8468609294809456,no TTL,67,307.0,275.5,31.5,0.8830081662926154,0.8895363927618655,63,614,allocation 3:3 | multiplexing
3:3,True,0.8468609294809456,no TTL,72,283.0,253.0,30.0,0.8825976178692152,0.8899574985209009,60,566,allocation 3:3 | multiplexing
3:3,True,0.8468609294809456,no TTL,76,277.0,240.5,36.5,0.8801777532164909,0.8898667803186218,73,554,allocation 3:3 | multiplexing
3:3,True,0.8468609294809456,no TTL,73,303.0,272.0,31.0,0.8836284354957737,0.8911102661174894,62,606,allocation 3:3 | multiplexing
3:3,True,0.8468609294809456,no TTL,69,300.5,270.0,30.5,0.883826230188791,0.8912457577416429,61,601,allocation 3:3 | multiplexing
3:3,True,0.8468609294809456,no TTL,70,297.0,266.0,31.0,0.8839762144151292,0.8912322262208756,62,594,allocation 3:3 | multiplexing
3:3,True,0.8468609294809456,no TTL,87,279.5,244.5,35.0,0.8799208985172351,0.8888318667701548,70,559,allocation 3:3 | multiplexing
3:3,True,0.8468609294809456,no TTL,77,313.5,285.0,28.5,0.8843103981636414,0.8906301769184496,57,627,allocation 3:3 | multiplexing
3:3,True,0.8468609294809456,no TTL,80,284.5,260.0,24.5,0.883637075234015,0.8902507980461573,49,569,allocation 3:3 | multiplexing
3:3,True,0.8468609294809456,no TTL,81,297.5,262.0,35.5,0.8818001237169601,0.8904736872368464,71,595,allocation 3:3 | multiplexing
3:3,True,0.8468609294809456,no TTL,84,283.5,253.5,30.0,0.882793227213256,0.8901779316137459,60,567,allocation 3:3 | multiplexing
3:3,True,0.8468609294809456,no TTL,79,298.0,262.5,35.5,0.8825090825933183,0.8909478849638278,71,596,allocation 3:3 | multiplexing
3:3,True,0.8468609294809456,no TTL,74,318.5,289.5,29.0,0.8841232110633848,0.8901601646638165,58,637,allocation 3:3 | multiplexing
3:3,True,0.8468609294809456,no TTL,83,284.5,248.0,36.5,0.8815297876435146,0.8899462173780315,73,569,allocation 3:3 | multiplexing
3:3,True,0.8468609294809456,no TTL,75,306.5,278.5,28.0,0.8845516395463838,0.8912049259086485,56,613,allocation 3:3 | multiplexing
3:3,True,0.8468609294809456,no TTL,78,306.0,274.5,31.5,0.8832176843585282,0.8905786054880005,63,612,allocation 3:3 | multiplexing
3:3,True,0.8468609294809456,no TTL,85,305.5,272.0,33.5,0.8821435262332853,0.8900468451705381,67,611,allocation 3:3 | multiplexing
3:3,True,0.8468609294809456,no TTL,82,320.0,289.5,30.5,0.884121343228558,0.8906816842983755,61,640,allocation 3:3 | multiplexing
3:3,True,0.8468609294809456,no TTL,86,286.0,257.5,28.5,0.8836454708126931,0.8909313597878699,57,572,allocation 3:3 | multiplexing
3:3,True,0.8468609294809456,no TTL,89,307.5,278.0,29.5,0.8843246791468342,0.8908932834907505,59,615,allocation 3:3 | multiplexing
3:3,True,0.8468609294809456,no TTL,90,311.5,283.0,28.5,0.8838521548273196,0.8896825055731898,57,623,allocation 3:3 | multiplexing
3:3,True,0.8468609294809456,no TTL,91,292.0,265.0,27.0,0.8839049134459511,0.8901098176630414,54,584,allocation 3:3 | multiplexing
3:3,True,0.8468609294809456,no TTL,92,314.0,283.0,31.0,0.8849840634106003,0.8918989226541051,62,628,allocation 3:3 | multiplexing
3:3,True,0.8468609294809456,no TTL,93,300.5,271.0,29.5,0.8845439703921305,0.891347087196769,59,601,allocation 3:3 | multiplexing
3:3,True,0.8468609294809456,no TTL,95,281.5,253.0,28.5,0.8833081192469113,0.8907659703405193,57,563,allocation 3:3 | multiplexing
3:3,True,0.8468609294809456,no TTL,94,302.0,273.5,28.5,0.8836717505919469,0.8903885834051309,57,604,allocation 3:3 | multiplexing
3:3,True,0.8468609294809456,no TTL,96,303.0,269.5,33.5,0.8834059311232454,0.8905855050067512,67,606,allocation 3:3 | multiplexing
3:3,True,0.8468609294809456,no TTL,97,309.0,276.0,33.0,0.8836199195842629,0.8906125951518963,66,618,allocation 3:3 | multiplexing
3:3,True,0.8468609294809456,no TTL,98,287.0,255.0,32.0,0.8823259147088026,0.8904403697588978,64,574,allocation 3:3 | multiplexing
3:3,True,0.8468609294809456,no TTL,99,310.0,279.5,30.5,0.8833021368535046,0.8901169238684717,61,620,allocation 3:3 | multiplexing
3:3,True,0.8468609294809456,model TTL,6,303.5,300.0,3.5,0.8900449799913196,0.8905633147393794,7,607,allocation 3:3 | multiplexing
3:3,True,0.8468609294809456,model TTL,0,288.5,288.0,0.5,0.8917306051740553,0.89180882284016,1,577,allocation 3:3 | multiplexing
3:3,True,0.8468609294809456,model TTL,14,295.0,293.0,2.0,0.8902765768699419,0.8905810715503868,4,590,allocation 3:3 | multiplexing
3:3,True,0.8468609294809456,model TTL,4,294.0,290.5,3.5,0.8909467730338271,0.8914945962103504,7,588,allocation 3:3 | multiplexing
3:3,True,0.8468609294809456,model TTL,3,305.5,302.5,3.0,0.8905220522670193,0.8909671824051917,6,611,allocation 3:3 | multiplexing
3:3,True,0.8468609294809456,model TTL,8,290.5,288.0,2.5,0.8908480844844111,0.8912373902360131,5,581,allocation 3:3 | multiplexing
3:3,True,0.8468609294809456,model TTL,16,299.0,297.5,1.5,0.8906886929766212,0.8909127822149912,3,598,allocation 3:3 | multiplexing
3:3,True,0.8468609294809456,model TTL,15,314.5,313.0,1.5,0.8913623257028489,0.891581403103595,3,629,allocation 3:3 | multiplexing
3:3,True,0.8468609294809456,model TTL,5,289.5,287.0,2.5,0.8916573467857799,0.8920521322740332,5,579,allocation 3:3 | multiplexing
3:3,True,0.8468609294809456,model TTL,25,311.0,307.5,3.5,0.8901088293916515,0.8906142729502404,7,622,allocation 3:3 | multiplexing
3:3,True,0.8468609294809456,model TTL,10,308.0,306.0,2.0,0.8913355562956242,0.8916338610237236,4,616,allocation 3:3 | multiplexing
3:3,True,0.8468609294809456,model TTL,1,314.0,312.5,1.5,0.8927449024234376,0.8929703142113391,3,628,allocation 3:3 | multiplexing
3:3,True,0.8468609294809456,model TTL,7,322.5,321.0,1.5,0.8913162444654948,0.8915294365200043,3,645,allocation 3:3 | multiplexing
3:3,True,0.8468609294809456,model TTL,11,309.5,309.0,0.5,0.8905552192179292,0.8906282337312303,1,619,allocation 3:3 | multiplexing
3:3,True,0.8468609294809456,model TTL,9,294.0,291.5,2.5,0.8916800146804499,0.8920755385389579,5,588,allocation 3:3 | multiplexing
3:3,True,0.8468609294809456,model TTL,2,294.5,292.5,2.0,0.8923934956168493,0.8927143266708649,4,589,allocation 3:3 | multiplexing
3:3,True,0.8468609294809456,model TTL,13,297.0,294.0,3.0,0.8905692224805909,0.8910290268071641,6,594,allocation 3:3 | multiplexing
3:3,True,0.8468609294809456,model TTL,12,313.0,312.0,1.0,0.8906831823151854,0.8908253988808805,2,626,allocation 3:3 | multiplexing
3:3,True,0.8468609294809456,model TTL,19,303.0,301.0,2.0,0.8914751607707392,0.8917800652404688,4,606,allocation 3:3 | multiplexing
3:3,True,0.8468609294809456,model TTL,17,318.0,316.0,2.0,0.890537459812675,0.8908211858237761,4,636,allocation 3:3 | multiplexing
3:3,True,0.8468609294809456,model TTL,18,307.0,304.5,2.5,0.8904325884989793,0.8908005487705123,5,614,allocation 3:3 | multiplexing
3:3,True,0.8468609294809456,model TTL,20,307.0,305.5,1.5,0.8893248948627372,0.8895361539127258,3,614,allocation 3:3 | multiplexing
3:3,True,0.8468609294809456,model TTL,21,305.5,304.0,1.5,0.8908410578885132,0.8910631135605079,3,611,allocation 3:3 | multiplexing
3:3,True,0.8468609294809456,model TTL,22,283.5,280.0,3.5,0.8885695899987714,0.8890980783018612,7,567,allocation 3:3 | multiplexing
3:3,True,0.8468609294809456,model TTL,24,300.0,298.5,1.5,0.8920325821977357,0.892268121615898,3,600,allocation 3:3 | multiplexing
3:3,True,0.8468609294809456,model TTL,23,299.0,296.0,3.0,0.8910276283198851,0.8914897539484992,6,598,allocation 3:3 | multiplexing
3:3,True,0.8468609294809456,model TTL,26,297.5,296.0,1.5,0.8905497768402855,0.8907796069897982,3,595,allocation 3:3 | multiplexing
3:3,True,0.8468609294809456,model TTL,27,316.5,316.5,0.0,0.8907737785026246,0.8907737785026246,0,633,allocation 3:3 | multiplexing
3:3,True,0.8468609294809456,model TTL,28,313.5,311.5,2.0,0.8912004467334924,0.8914975808068286,4,627,allocation 3:3 | multiplexing
3:3,True,0.8468609294809456,model TTL,29,296.5,293.5,3.0,0.8905761995528362,0.8910343755297894,6,593,allocation 3:3 | multiplexing
3:3,True,0.8468609294809456,model TTL,30,318.5,317.5,1.0,0.8906197654307091,0.8907611101825675,2,637,allocation 3:3 | multiplexing
3:3,True,0.8468609294809456,model TTL,38,292.0,289.5,2.5,0.8906546213207132,0.891043951372867,5,584,allocation 3:3 | multiplexing
3:3,True,0.8468609294809456,model TTL,31,289.0,286.0,3.0,0.890212470232924,0.8906762844604912,6,578,allocation 3:3 | multiplexing
3:3,True,0.8468609294809456,model TTL,32,295.0,293.5,1.5,0.8915865820838822,0.8918209886820136,3,590,allocation 3:3 | multiplexing
3:3,True,0.8468609294809456,model TTL,43,277.0,275.5,1.5,0.8910540619281303,0.8913002472305696,3,554,allocation 3:3 | multiplexing
3:3,True,0.8468609294809456,model TTL,35,299.0,296.5,2.5,0.8903690029490975,0.8907492302555395,5,598,allocation 3:3 | multiplexing
3:3,True,0.8468609294809456,model TTL,34,300.0,299.5,0.5,0.8914259884528501,0.8915022319881881,1,600,allocation 3:3 | multiplexing
3:3,True,0.8468609294809456,model TTL,33,298.5,296.0,2.5,0.8911434646638273,0.8915342427924122,5,597,allocation 3:3 | multiplexing
3:3,True,0.8468609294809456,model TTL,41,304.5,302.0,2.5,0.8899577006883876,0.8903225281025332,5,609,allocation 3:3 | multiplexing
3:3,True,0.8468609294809456,model TTL,48,284.0,280.0,4.0,0.8898424004476272,0.8904747616476408,8,568,allocation 3:3 | multiplexing
3:3,True,0.8468609294809456,model TTL,45,294.0,292.5,1.5,0.8893885131417703,0.8896107879537453,3,588,allocation 3:3 | multiplexing
3:3,True,0.8468609294809456,model TTL,40,313.0,311.5,1.5,0.8918523327608066,0.8920804725644375,3,626,allocation 3:3 | multiplexing
3:3,True,0.8468609294809456,model TTL,36,291.5,290.5,1.0,0.8904974649052336,0.8906492865921662,2,583,allocation 3:3 | multiplexing
3:3,True,0.8468609294809456,model TTL,44,298.0,295.5,2.5,0.8895826700401545,0.8899552438268108,5,596,allocation 3:3 | multiplexing
3:3,True,0.8468609294809456,model TTL,37,292.0,291.0,1.0,0.89121939880492,0.8913752560644004,2,584,allocation 3:3 | multiplexing
3:3,True,0.8468609294809456,model TTL,51,283.0,279.0,4.0,0.8898277805598032,0.8904573959565035,8,566,allocation 3:3 | multiplexing
3:3,True,0.8468609294809456,model TTL,47,311.0,305.0,6.0,0.8907926847069351,0.8916796238299413,12,622,allocation 3:3 | multiplexing
3:3,True,0.8468609294809456,model TTL,42,296.0,293.5,2.5,0.8911882185365148,0.8915746022361535,5,592,allocation 3:3 | multiplexing
3:3,True,0.8468609294809456,model TTL,49,311.0,307.0,4.0,0.8907498241645955,0.8913336774692203,8,622,allocation 3:3 | multiplexing
3:3,True,0.8468609294809456,model TTL,46,297.5,294.0,3.5,0.89046688803843,0.8909968064928365,7,595,allocation 3:3 | multiplexing
3:3,True,0.8468609294809456,model TTL,52,289.5,289.0,0.5,0.8906345478108203,0.8907133634211079,1,579,allocation 3:3 | multiplexing
3:3,True,0.8468609294809456,model TTL,39,298.5,297.0,1.5,0.8916107257248637,0.8918407181246192,3,597,allocation 3:3 | multiplexing
3:3,True,0.8468609294809456,model TTL,50,302.0,298.0,4.0,0.8904390953511857,0.891040638368896,8,604,allocation 3:3 | multiplexing
3:3,True,0.8468609294809456,model TTL,53,285.5,282.5,3.0,0.8895577062339817,0.8900261135387448,6,571,allocation 3:3 | multiplexing
3:3,True,0.8468609294809456,model TTL,55,281.5,279.5,2.0,0.8895553739818283,0.8898646595429224,4,563,allocation 3:3 | multiplexing
3:3,True,0.8468609294809456,model TTL,56,290.5,289.0,1.5,0.8911127844197776,0.8913471665513328,3,581,allocation 3:3 | multiplexing
3:3,True,0.8468609294809456,model TTL,54,310.5,306.0,4.5,0.8898122509591486,0.8904578275505186,9,621,allocation 3:3 | multiplexing
3:3,True,0.8468609294809456,model TTL,57,289.5,285.5,4.0,0.890613033132671,0.8912465309323556,8,579,allocation 3:3 | multiplexing
3:3,True,0.8468609294809456,model TTL,59,282.0,280.5,1.5,0.8896735644062845,0.8899086072073598,3,564,allocation 3:3 | multiplexing
3:3,True,0.8468609294809456,model TTL,58,298.5,296.0,2.5,0.8909202061542191,0.8913021748132146,5,597,allocation 3:3 | multiplexing
3:3,True,0.8468609294809456,model TTL,60,303.0,302.0,1.0,0.8922076679099243,0.892359327437887,2,606,allocation 3:3 | multiplexing
3:3,True,0.8468609294809456,model TTL,61,298.0,295.0,3.0,0.890317613261887,0.8907762817251338,6,596,allocation 3:3 | multiplexing
3:3,True,0.8468609294809456,model TTL,70,280.5,277.0,3.5,0.891557907158306,0.8921283680811389,7,561,allocation 3:3 | multiplexing
3:3,True,0.8468609294809456,model TTL,80,298.5,296.5,2.0,0.8906677606294899,0.8909709812837293,4,597,allocation 3:3 | multiplexing
3:3,True,0.8468609294809456,model TTL,62,313.0,310.5,2.5,0.8916541070891337,0.8920228744065017,5,626,allocation 3:3 | multiplexing
3:3,True,0.8468609294809456,model TTL,63,299.5,296.5,3.0,0.8900080727700636,0.890457596888816,6,599,allocation 3:3 | multiplexing
3:3,True,0.8468609294809456,model TTL,68,318.5,316.5,2.0,0.8922627815216302,0.8925542169936207,4,637,allocation 3:3 | multiplexing
3:3,True,0.8468609294809456,model TTL,64,291.5,288.0,3.5,0.8892452727671466,0.8897793242904075,7,583,allocation 3:3 | multiplexing
3:3,True,0.8468609294809456,model TTL,76,291.0,290.0,1.0,0.8904884994975234,0.8906419073982155,2,582,allocation 3:3 | multiplexing
3:3,True,0.8468609294809456,model TTL,66,289.0,287.0,2.0,0.890280297886499,0.8905902803522847,4,578,allocation 3:3 | multiplexing
3:3,True,0.8468609294809456,model TTL,73,313.0,310.5,2.5,0.890861315104737,0.891227113807026,5,626,allocation 3:3 | multiplexing
3:3,True,0.8468609294809456,model TTL,65,287.0,285.0,2.0,0.8918638602786323,0.8921854234726103,4,574,allocation 3:3 | multiplexing
3:3,True,0.8468609294809456,model TTL,69,291.5,287.5,4.0,0.8904973460659403,0.8911243405823317,8,583,allocation 3:3 | multiplexing
3:3,True,0.8468609294809456,model TTL,67,309.5,307.0,2.5,0.8908762447406233,0.8912438047364816,5,619,allocation 3:3 | multiplexing
3:3,True,0.8468609294809456,model TTL,71,293.0,291.5,1.5,0.8895650576292843,0.8897906310333759,3,586,allocation 3:3 | multiplexing
3:3,True,0.8468609294809456,model TTL,82,295.0,291.5,3.5,0.8903009164936333,0.8908369176867529,7,590,allocation 3:3 | multiplexing
3:3,True,0.8468609294809456,model TTL,72,310.5,308.0,2.5,0.8909294271727046,0.8912957879828329,5,621,allocation 3:3 | multiplexing
3:3,True,0.8468609294809456,model TTL,74,310.0,309.5,0.5,0.8923632242442016,0.8924368100446078,1,620,allocation 3:3 | multiplexing
3:3,True,0.8468609294809456,model TTL,75,292.0,291.0,1.0,0.8906403874214495,0.8907945847746882,2,584,allocation 3:3 | multiplexing
3:3,True,0.8468609294809456,model TTL,79,295.0,290.5,4.5,0.8889607085134675,0.8896331005487305,9,590,allocation 3:3 | multiplexing
3:3,True,0.8468609294809456,model TTL,84,297.0,294.0,3.0,0.8901922599061857,0.890639651570168,6,594,allocation 3:3 | multiplexing
3:3,True,0.8468609294809456,model TTL,78,299.0,296.0,3.0,0.8895670427717643,0.8900046604605164,6,598,allocation 3:3 | multiplexing
3:3,True,0.8468609294809456,model TTL,81,302.0,300.0,2.0,0.8902871190724179,0.8905893227833022,4,604,allocation 3:3 | multiplexing
3:3,True,0.8468609294809456,model TTL,77,304.0,301.0,3.0,0.8905118542703969,0.8909526106612667,6,608,allocation 3:3 | multiplexing
3:3,True,0.8468609294809456,model TTL,83,291.5,288.5,3.0,0.8916814848078423,0.8921565536364566,6,583,allocation 3:3 | multiplexing
3:3,True,0.8468609294809456,model TTL,85,294.0,292.0,2.0,0.8909051661329264,0.8912091164832001,4,588,allocation 3:3 | multiplexing
3:3,True,0.8468609294809456,model TTL,86,323.5,319.5,4.0,0.8920970097041628,0.8926795469890676,8,647,allocation 3:3 | multiplexing
3:3,True,0.8468609294809456,model TTL,87,307.0,304.5,2.5,0.8904382036006021,0.8908072272606932,5,614,allocation 3:3 | multiplexing
3:3,True,0.8468609294809456,model TTL,88,299.0,295.5,3.5,0.891040441052725,0.8915758857026016,7,598,allocation 3:3 | multiplexing
3:3,True,0.8468609294809456,model TTL,93,295.5,293.0,2.5,0.8902877878463007,0.8906738645475566,5,591,allocation 3:3 | multiplexing
3:3,True,0.8468609294809456,model TTL,89,291.5,288.0,3.5,0.8897320117491553,0.8902645610881829,7,583,allocation 3:3 | multiplexing
3:3,True,0.8468609294809456,model TTL,92,312.0,311.0,1.0,0.8914433191632039,0.8915907452230382,2,624,allocation 3:3 | multiplexing
3:3,True,0.8468609294809456,model TTL,90,297.5,293.5,4.0,0.8910021480934199,0.8916226112796237,8,595,allocation 3:3 | multiplexing
3:3,True,0.8468609294809456,model TTL,91,304.0,302.5,1.5,0.8909506687849572,0.8911716813813231,3,608,allocation 3:3 | multiplexing
3:3,True,0.8468609294809456,model TTL,95,282.0,280.0,2.0,0.890244888765313,0.8905626660436695,4,564,allocation 3:3 | multiplexing
3:3,True,0.8468609294809456,model TTL,94,293.5,291.0,2.5,0.8910915483134954,0.8914793054051204,5,587,allocation 3:3 | multiplexing
3:3,True,0.8468609294809456,model TTL,98,285.0,282.0,3.0,0.8904658796095613,0.890939784699462,6,570,allocation 3:3 | multiplexing
3:3,True,0.8468609294809456,model TTL,96,311.0,306.5,4.5,0.8902648444555488,0.8909152681596478,9,622,allocation 3:3 | multiplexing
3:3,True,0.8468609294809456,model TTL,99,307.5,304.0,3.5,0.8906688113725465,0.8911904669056203,7,615,allocation 3:3 | multiplexing
3:3,True,0.8468609294809456,model TTL,97,303.0,299.5,3.5,0.8908839685875892,0.8914140913322799,7,606,allocation 3:3 | multiplexing
3:3,True,0.8791479059745941,no TTL,11,289.5,190.0,99.5,0.8816498930976161,0.8987811309560989,199,579,allocation 3:3 | multiplexing
3:3,True,0.8791479059745941,no TTL,20,276.0,180.0,96.0,0.8808092865475269,0.8987499297147763,192,552,allocation 3:3 | multiplexing
3:3,True,0.8791479059745941,no TTL,0,284.5,196.0,88.5,0.8831186273287205,0.8981641775490435,177,569,allocation 3:3 | multiplexing
3:3,True,0.8791479059745941,no TTL,3,293.0,196.0,97.0,0.8814102025492787,0.8976405632244209,194,586,allocation 3:3 | multiplexing
3:3,True,0.8791479059745941,no TTL,26,282.0,185.5,96.5,0.8826275219728615,0.8986115877864415,193,564,allocation 3:3 | multiplexing
3:3,True,0.8791479059745941,no TTL,29,302.5,194.5,108.0,0.8811751826279971,0.8987902168422124,216,605,allocation 3:3 | multiplexing
3:3,True,0.8791479059745941,no TTL,24,286.0,191.0,95.0,0.8825750118560921,0.8983547159197234,190,572,allocation 3:3 | multiplexing
3:3,True,0.8791479059745941,no TTL,1,310.0,210.5,99.5,0.8827021521645381,0.8984136555673546,199,620,allocation 3:3 | multiplexing
3:3,True,0.8791479059745941,no TTL,22,292.5,196.0,96.5,0.8830709361157874,0.8987449575799069,193,585,allocation 3:3 | multiplexing
3:3,True,0.8791479059745941,no TTL,19,303.0,198.0,105.0,0.8824309504005315,0.898754033522874,210,606,allocation 3:3 | multiplexing
3:3,True,0.8791479059745941,no TTL,30,301.5,194.5,107.0,0.8817452019718945,0.8981482168064817,214,603,allocation 3:3 | multiplexing
3:3,True,0.8791479059745941,no TTL,15,300.0,208.0,92.0,0.8823846908549854,0.897750313792827,184,600,allocation 3:3 | multiplexing
3:3,True,0.8791479059745941,no TTL,8,292.0,194.5,97.5,0.8827901618755322,0.8988449458307862,195,584,allocation 3:3 | multiplexing
3:3,True,0.8791479059745941,no TTL,9,317.5,218.5,99.0,0.8836177614017102,0.8987807908861755,198,635,allocation 3:3 | multiplexing
3:3,True,0.8791479059745941,no TTL,6,304.0,204.0,100.0,0.8827712772801902,0.898878472563282,200,608,allocation 3:3 | multiplexing
3:3,True,0.8791479059745941,no TTL,28,298.0,200.0,98.0,0.8836489142669629,0.8988001119614916,196,596,allocation 3:3 | multiplexing
3:3,True,0.8791479059745941,no TTL,17,312.0,211.5,100.5,0.884070235224035,0.8991464651494369,201,624,allocation 3:3 | multiplexing
3:3,True,0.8791479059745941,no TTL,12,294.0,202.5,91.5,0.8838373890734657,0.8984099561069196,183,588,allocation 3:3 | multiplexing
3:3,True,0.8791479059745941,no TTL,10,303.0,202.5,100.5,0.8837438543780756,0.8982805831253372,201,606,allocation 3:3 | multiplexing
3:3,True,0.8791479059745941,no TTL,7,294.5,200.5,94.0,0.8836657103761247,0.8988120134376708,188,589,allocation 3:3 | multiplexing
3:3,True,0.8791479059745941,no TTL,18,315.5,225.5,90.0,0.8853601174121409,0.8986716745188104,180,631,allocation 3:3 | multiplexing
3:3,True,0.8791479059745941,no TTL,27,309.5,213.0,96.5,0.8843745126984333,0.8986384177994808,193,619,allocation 3:3 | multiplexing
3:3,True,0.8791479059745941,no TTL,21,298.0,197.0,101.0,0.8823282646804802,0.8985882926044432,202,596,allocation 3:3 | multiplexing
3:3,True,0.8791479059745941,no TTL,2,301.5,201.5,100.0,0.8827772433966664,0.8986408343229394,200,603,allocation 3:3 | multiplexing
3:3,True,0.8791479059745941,no TTL,25,309.0,214.5,94.5,0.8842820170958002,0.8987027752922968,189,618,allocation 3:3 | multiplexing
3:3,True,0.8791479059745941,no TTL,14,317.0,215.5,101.5,0.883791863058192,0.8986826516805781,203,634,allocation 3:3 | multiplexing
3:3,True,0.8791479059745941,no TTL,23,301.0,214.0,87.0,0.8842009730667753,0.8976957181531087,174,602,allocation 3:3 | multiplexing
3:3,True,0.8791479059745941,no TTL,5,327.0,230.0,97.0,0.8858193605159187,0.898550782994245,194,654,allocation 3:3 | multiplexing
3:3,True,0.8791479059745941,no TTL,4,304.0,215.0,89.0,0.8843810195144967,0.898383836415291,178,608,allocation 3:3 | multiplexing
3:3,True,0.8791479059745941,no TTL,16,290.5,187.5,103.0,0.8812609104668598,0.8981496280090321,206,581,allocation 3:3 | multiplexing
3:3,True,0.8791479059745941,no TTL,13,308.5,219.0,89.5,0.8850233262485651,0.8989110447823516,179,617,allocation 3:3 | multiplexing
3:3,True,0.8791479059745941,no TTL,31,295.5,208.0,87.5,0.8835832052843926,0.8980382838594658,175,591,allocation 3:3 | multiplexing
3:3,True,0.8791479059745941,no TTL,42,285.0,194.0,91.0,0.8822872598001431,0.8986787442198458,182,570,allocation 3:3 | multiplexing
3:3,True,0.8791479059745941,no TTL,35,284.0,175.0,109.0,0.8791290922911086,0.8984103498513463,218,568,allocation 3:3 | multiplexing
3:3,True,0.8791479059745941,no TTL,32,276.5,182.5,94.0,0.8817422588986511,0.8987289462318914,188,553,allocation 3:3 | multiplexing
3:3,True,0.8791479059745941,no TTL,33,292.5,193.0,99.5,0.8817439419636344,0.8981072517249208,199,585,allocation 3:3 | multiplexing
3:3,True,0.8791479059745941,no TTL,48,297.0,196.5,100.5,0.8820694585067249,0.8990989958726093,201,594,allocation 3:3 | multiplexing
3:3,True,0.8791479059745941,no TTL,36,301.5,212.0,89.5,0.8835661473644179,0.8987192274302659,179,603,allocation 3:3 | multiplexing
3:3,True,0.8791479059745941,no TTL,39,313.0,218.5,94.5,0.8839656785916957,0.8996330875007528,189,626,allocation 3:3 | multiplexing
3:3,True,0.8791479059745941,no TTL,38,303.5,195.5,108.0,0.8822886778628144,0.8985088922038509,216,607,allocation 3:3 | multiplexing
3:3,True,0.8791479059745941,no TTL,43,299.0,201.0,98.0,0.8828392894468231,0.898835779601473,196,598,allocation 3:3 | multiplexing
3:3,True,0.8791479059745941,no TTL,46,298.0,201.0,97.0,0.8827539678843327,0.8982367482617427,194,596,allocation 3:3 | multiplexing
3:3,True,0.8791479059745941,no TTL,50,301.5,204.5,97.0,0.8810283164535372,0.8981614680453984,194,603,allocation 3:3 | multiplexing
3:3,True,0.8791479059745941,no TTL,45,303.5,210.0,93.5,0.8827339858904951,0.8982497321480013,187,607,allocation 3:3 | multiplexing
3:3,True,0.8791479059745941,no TTL,55,275.5,175.5,100.0,0.8807014332611748,0.8984454551209476,200,551,allocation 3:3 | multiplexing
3:3,True,0.8791479059745941,no TTL,41,304.5,209.0,95.5,0.8827410426448079,0.8978526653452291,191,609,allocation 3:3 | multiplexing
3:3,True,0.8791479059745941,no TTL,37,315.0,216.0,99.0,0.8844750577045217,0.8991387771073963,198,630,allocation 3:3 | multiplexing
3:3,True,0.8791479059745941,no TTL,56,277.0,188.5,88.5,0.8833136165816567,0.8978265271557533,177,554,allocation 3:3 | multiplexing
3:3,True,0.8791479059745941,no TTL,34,316.5,232.5,84.0,0.8865052718599012,0.8993151129655239,168,633,allocation 3:3 | multiplexing
3:3,True,0.8791479059745941,no TTL,44,301.5,205.0,96.5,0.8840593312625132,0.8985688877002465,193,603,allocation 3:3 | multiplexing
3:3,True,0.8791479059745941,no TTL,57,301.5,201.0,100.5,0.8820847586534616,0.8978634055633626,201,603,allocation 3:3 | multiplexing
3:3,True,0.8791479059745941,no TTL,49,303.5,210.0,93.5,0.8845613252979564,0.8986827328091344,187,607,allocation 3:3 | multiplexing
3:3,True,0.8791479059745941,no TTL,52,302.0,208.5,93.5,0.8833478621284786,0.8982545991773789,187,604,allocation 3:3 | multiplexing
3:3,True,0.8791479059745941,no TTL,47,285.5,190.5,95.0,0.8827241242795398,0.89893425581395,190,571,allocation 3:3 | multiplexing
3:3,True,0.8791479059745941,no TTL,51,310.0,213.0,97.0,0.8840332144604139,0.8986672981087735,194,620,allocation 3:3 | multiplexing
3:3,True,0.8791479059745941,no TTL,40,306.5,220.5,86.0,0.8862147854011598,0.8992922272421331,172,613,allocation 3:3 | multiplexing
3:3,True,0.8791479059745941,no TTL,58,282.0,194.5,87.5,0.8834333077181402,0.8984669882710162,175,564,allocation 3:3 | multiplexing
3:3,True,0.8791479059745941,no TTL,59,298.5,201.5,97.0,0.8816380502995427,0.898298722018638,194,597,allocation 3:3 | multiplexing
3:3,True,0.8791479059745941,no TTL,54,307.0,217.5,89.5,0.8855786704527495,0.8985629574393482,179,614,allocation 3:3 | multiplexing
3:3,True,0.8791479059745941,no TTL,53,303.5,212.0,91.5,0.8846494685352648,0.8987847912053168,183,607,allocation 3:3 | multiplexing
3:3,True,0.8791479059745941,no TTL,62,282.5,188.0,94.5,0.8821104711560556,0.898548251236498,189,565,allocation 3:3 | multiplexing
3:3,True,0.8791479059745941,no TTL,61,302.0,207.5,94.5,0.8812428280754284,0.8984367195391543,189,604,allocation 3:3 | multiplexing
3:3,True,0.8791479059745941,no TTL,60,294.0,198.5,95.5,0.8818598838516204,0.8982382919434171,191,588,allocation 3:3 | multiplexing
3:3,True,0.8791479059745941,no TTL,63,315.0,213.0,102.0,0.8843582566830864,0.8987688336528322,204,630,allocation 3:3 | multiplexing
3:3,True,0.8791479059745941,no TTL,64,297.5,200.5,97.0,0.8813375183847715,0.8983608384784122,194,595,allocation 3:3 | multiplexing
3:3,True,0.8791479059745941,no TTL,66,293.0,198.0,95.0,0.8826632018558347,0.8981851606416653,190,586,allocation 3:3 | multiplexing
3:3,True,0.8791479059745941,no TTL,65,309.0,207.5,101.5,0.8843710515587533,0.8982485262688732,203,618,allocation 3:3 | multiplexing
3:3,True,0.8791479059745941,no TTL,68,285.5,191.5,94.0,0.8821987647815972,0.8982552167536418,188,571,allocation 3:3 | multiplexing
3:3,True,0.8791479059745941,no TTL,67,307.0,201.0,106.0,0.8830081662926154,0.8982752252236635,212,614,allocation 3:3 | multiplexing
3:3,True,0.8791479059745941,no TTL,71,291.5,194.5,97.0,0.8817224317127427,0.8980417040049715,194,583,allocation 3:3 | multiplexing
3:3,True,0.8791479059745941,no TTL,72,283.0,188.0,95.0,0.8825976178692152,0.8982688617693417,190,566,allocation 3:3 | multiplexing
3:3,True,0.8791479059745941,no TTL,69,300.5,207.0,93.5,0.883826230188791,0.8984297106505654,187,601,allocation 3:3 | multiplexing
3:3,True,0.8791479059745941,no TTL,87,279.5,178.5,101.0,0.8799208985172351,0.8973270579281668,202,559,allocation 3:3 | multiplexing
3:3,True,0.8791479059745941,no TTL,76,277.0,174.0,103.0,0.8801777532164909,0.8989407670583245,206,554,allocation 3:3 | multiplexing
3:3,True,0.8791479059745941,no TTL,73,303.0,209.0,94.0,0.8836284354957737,0.8986214713692441,188,606,allocation 3:3 | multiplexing
3:3,True,0.8791479059745941,no TTL,70,297.0,203.0,94.0,0.8839762144151292,0.8992060390172846,188,594,allocation 3:3 | multiplexing
3:3,True,0.8791479059745941,no TTL,74,318.5,218.0,100.5,0.8841232110633848,0.8987228756795922,201,637,allocation 3:3 | multiplexing
3:3,True,0.8791479059745941,no TTL,81,297.5,198.5,99.0,0.8818001237169601,0.8985968503502908,198,595,allocation 3:3 | multiplexing
3:3,True,0.8791479059745941,no TTL,77,313.5,219.0,94.5,0.8843103981636414,0.8981453594530434,189,627,allocation 3:3 | multiplexing
3:3,True,0.8791479059745941,no TTL,78,306.0,209.0,97.0,0.8832176843585282,0.8980313505167912,194,612,allocation 3:3 | multiplexing
3:3,True,0.8791479059745941,no TTL,80,284.5,196.0,88.5,0.883637075234015,0.8982181399468967,177,569,allocation 3:3 | multiplexing
3:3,True,0.8791479059745941,no TTL,79,298.0,198.5,99.5,0.8825090825933183,0.8988338874355617,199,596,allocation 3:3 | multiplexing
3:3,True,0.8791479059745941,no TTL,83,284.5,188.5,96.0,0.8815297876435146,0.8980257938773457,192,569,allocation 3:3 | multiplexing
3:3,True,0.8791479059745941,no TTL,75,306.5,216.5,90.0,0.8845516395463838,0.8985122123953556,180,613,allocation 3:3 | multiplexing
3:3,True,0.8791479059745941,no TTL,85,305.5,201.5,104.0,0.8821435262332853,0.8988008958589848,208,611,allocation 3:3 | multiplexing
3:3,True,0.8791479059745941,no TTL,82,320.0,220.0,100.0,0.884121343228558,0.8987893412204772,200,640,allocation 3:3 | multiplexing
3:3,True,0.8791479059745941,no TTL,86,286.0,199.5,86.5,0.8836454708126931,0.8986732978571345,173,572,allocation 3:3 | multiplexing
3:3,True,0.8791479059745941,no TTL,88,288.0,198.0,90.0,0.8838067873827187,0.8978067033155437,180,576,allocation 3:3 | multiplexing
3:3,True,0.8791479059745941,no TTL,90,311.5,212.5,99.0,0.8838521548273196,0.8981341267265175,198,623,allocation 3:3 | multiplexing
3:3,True,0.8791479059745941,no TTL,89,307.5,215.0,92.5,0.8843246791468342,0.8985062985387181,185,615,allocation 3:3 | multiplexing
3:3,True,0.8791479059745941,no TTL,94,302.0,205.5,96.5,0.8836717505919469,0.8987727504085516,193,604,allocation 3:3 | multiplexing
3:3,True,0.8791479059745941,no TTL,84,283.5,186.0,97.5,0.882793227213256,0.8989151160654955,195,567,allocation 3:3 | multiplexing
3:3,True,0.8791479059745941,no TTL,91,292.0,200.0,92.0,0.8839049134459511,0.8980566432134628,184,584,allocation 3:3 | multiplexing
3:3,True,0.8791479059745941,no TTL,92,314.0,223.0,91.0,0.8849840634106003,0.89870246774058,182,628,allocation 3:3 | multiplexing
3:3,True,0.8791479059745941,no TTL,93,300.5,205.5,95.0,0.8845439703921305,0.8989489672021028,190,601,allocation 3:3 | multiplexing
3:3,True,0.8791479059745941,no TTL,96,303.0,203.0,100.0,0.8834059311232454,0.8984408985294071,200,606,allocation 3:3 | multiplexing
3:3,True,0.8791479059745941,no TTL,95,281.5,191.5,90.0,0.8833081192469113,0.8985041816530913,180,563,allocation 3:3 | multiplexing
3:3,True,0.8791479059745941,no TTL,97,309.0,206.5,102.5,0.8836199195842629,0.8986388704392614,205,618,allocation 3:3 | multiplexing
3:3,True,0.8791479059745941,no TTL,98,287.0,196.5,90.5,0.8823259147088026,0.8980409283423513,181,574,allocation 3:3 | multiplexing
3:3,True,0.8791479059745941,no TTL,99,310.0,210.0,100.0,0.8833021368535046,0.8979894706460236,200,620,allocation 3:3 | multiplexing
3:3,True,0.8791479059745941,model TTL,21,286.5,286.5,0.0,0.9001077019246858,0.9001077019246858,0,573,allocation 3:3 | multiplexing
3:3,True,0.8791479059745941,model TTL,12,310.5,310.5,0.0,0.8994729316695561,0.8994729316695561,0,621,allocation 3:3 | multiplexing
3:3,True,0.8791479059745941,model TTL,10,297.5,297.5,0.0,0.8985171848455236,0.8985171848455236,0,595,allocation 3:3 | multiplexing
3:3,True,0.8791479059745941,model TTL,8,294.0,294.0,0.0,0.8994895768707274,0.8994895768707274,0,588,allocation 3:3 | multiplexing
3:3,True,0.8791479059745941,model TTL,0,297.5,296.5,1.0,0.8988560276859964,0.8989252448184468,2,595,allocation 3:3 | multiplexing
3:3,True,0.8791479059745941,model TTL,3,289.5,289.0,0.5,0.8988670580917322,0.8989024198816357,1,579,allocation 3:3 | multiplexing
3:3,True,0.8791479059745941,model TTL,6,282.5,282.0,0.5,0.8998600619968521,0.8998996252584631,1,565,allocation 3:3 | multiplexing
3:3,True,0.8791479059745941,model TTL,4,288.0,287.5,0.5,0.8999446644435936,0.8999827759075212,1,576,allocation 3:3 | multiplexing
3:3,True,0.8791479059745941,model TTL,5,291.0,290.5,0.5,0.9001290648270143,0.9001686275037409,1,582,allocation 3:3 | multiplexing
3:3,True,0.8791479059745941,model TTL,14,302.0,302.0,0.0,0.8992064044329456,0.8992064044329456,0,604,allocation 3:3 | multiplexing
3:3,True,0.8791479059745941,model TTL,7,298.5,298.5,0.0,0.8993547598979913,0.8993547598979913,0,597,allocation 3:3 | multiplexing
3:3,True,0.8791479059745941,model TTL,2,297.0,296.5,0.5,0.9001608017714956,0.9001988370103672,1,594,allocation 3:3 | multiplexing
3:3,True,0.8791479059745941,model TTL,9,298.5,298.0,0.5,0.8995338811197299,0.8995691885762198,1,597,allocation 3:3 | multiplexing
3:3,True,0.8791479059745941,model TTL,11,290.5,289.5,1.0,0.8996173384080852,0.899693886448337,2,581,allocation 3:3 | multiplexing
3:3,True,0.8791479059745941,model TTL,16,307.0,307.0,0.0,0.8992185098153602,0.8992185098153602,0,614,allocation 3:3 | multiplexing
3:3,True,0.8791479059745941,model TTL,19,291.0,290.0,1.0,0.8989470822954229,0.8990315567393367,2,582,allocation 3:3 | multiplexing
3:3,True,0.8791479059745941,model TTL,17,307.5,307.0,0.5,0.8991920091070161,0.8992277343435021,1,615,allocation 3:3 | multiplexing
3:3,True,0.8791479059745941,model TTL,1,333.5,332.5,1.0,0.8997231591977337,0.8997863811736494,2,667,allocation 3:3 | multiplexing
3:3,True,0.8791479059745941,model TTL,23,283.5,283.5,0.0,0.8997809990042202,0.8997809990042202,0,567,allocation 3:3 | multiplexing
3:3,True,0.8791479059745941,model TTL,18,300.5,300.5,0.0,0.9000558577960046,0.9000558577960046,0,601,allocation 3:3 | multiplexing
3:3,True,0.8791479059745941,model TTL,15,287.0,287.0,0.0,0.8995446893618746,0.8995446893618746,0,574,allocation 3:3 | multiplexing
3:3,True,0.8791479059745941,model TTL,20,283.5,282.5,1.0,0.8989320169921776,0.8990074855619594,2,567,allocation 3:3 | multiplexing
3:3,True,0.8791479059745941,model TTL,13,317.0,316.5,0.5,0.8994197148256478,0.8994548896591478,1,634,allocation 3:3 | multiplexing
3:3,True,0.8791479059745941,model TTL,24,305.0,304.0,1.0,0.8992440981742288,0.8993189141913996,2,610,allocation 3:3 | multiplexing
3:3,True,0.8791479059745941,model TTL,22,293.5,293.0,0.5,0.8989753116084309,0.8990113482512295,1,587,allocation 3:3 | multiplexing
3:3,True,0.8791479059745941,model TTL,25,277.5,277.5,0.0,0.8989690488899432,0.8989690488899432,0,555,allocation 3:3 | multiplexing
3:3,True,0.8791479059745941,model TTL,30,317.5,317.5,0.0,0.8999423566130073,0.8999423566130073,0,635,allocation 3:3 | multiplexing
3:3,True,0.8791479059745941,model TTL,26,291.5,291.5,0.0,0.8993459099538906,0.8993459099538906,0,583,allocation 3:3 | multiplexing
3:3,True,0.8791479059745941,model TTL,27,311.0,310.0,1.0,0.8993559924520385,0.8994234000890827,2,622,allocation 3:3 | multiplexing
3:3,True,0.8791479059745941,model TTL,28,286.5,286.5,0.0,0.8995034839604902,0.8995034839604902,0,573,allocation 3:3 | multiplexing
3:3,True,0.8791479059745941,model TTL,43,278.5,278.0,0.5,0.8993412339477743,0.8993803264566058,1,557,allocation 3:3 | multiplexing
3:3,True,0.8791479059745941,model TTL,29,287.5,287.5,0.0,0.8994671595386128,0.8994671595386128,0,575,allocation 3:3 | multiplexing
3:3,True,0.8791479059745941,model TTL,31,298.5,298.5,0.0,0.8994531997201577,0.8994531997201577,0,597,allocation 3:3 | multiplexing
3:3,True,0.8791479059745941,model TTL,32,311.5,311.0,0.5,0.8995380201996186,0.899570945588796,1,623,allocation 3:3 | multiplexing
3:3,True,0.8791479059745941,model TTL,33,311.5,310.5,1.0,0.8992265886331399,0.8992915420519825,2,623,allocation 3:3 | multiplexing
3:3,True,0.8791479059745941,model TTL,35,308.0,308.0,0.0,0.8992041270505643,0.8992041270505643,0,616,allocation 3:3 | multiplexing
3:3,True,0.8791479059745941,model TTL,41,284.0,283.5,0.5,0.8992402262177346,0.899276376030945,1,568,allocation 3:3 | multiplexing
3:3,True,0.8791479059745941,model TTL,34,299.0,299.0,0.0,0.8992653697146105,0.8992653697146105,0,598,allocation 3:3 | multiplexing
3:3,True,0.8791479059745941,model TTL,36,290.0,289.5,0.5,0.8988981610519009,0.8989327105479897,1,580,allocation 3:3 | multiplexing
3:3,True,0.8791479059745941,model TTL,40,296.0,295.5,0.5,0.8998503515513232,0.8998860647798863,1,592,allocation 3:3 | multiplexing
3:3,True,0.8791479059745941,model TTL,38,292.5,290.5,2.0,0.8993684047858097,0.8995161828074465,4,585,allocation 3:3 | multiplexing
3:3,True,0.8791479059745941,model TTL,37,297.0,297.0,0.0,0.8994700180028729,0.8994700180028729,0,594,allocation 3:3 | multiplexing
3:3,True,0.8791479059745941,model TTL,45,286.5,286.5,0.0,0.899095309068733,0.899095309068733,0,573,allocation 3:3 | multiplexing
3:3,True,0.8791479059745941,model TTL,39,292.0,291.5,0.5,0.8990805360287187,0.8991155640189769,1,584,allocation 3:3 | multiplexing
3:3,True,0.8791479059745941,model TTL,44,287.0,287.0,0.0,0.8992594731490796,0.8992594731490796,0,574,allocation 3:3 | multiplexing
3:3,True,0.8791479059745941,model TTL,46,298.5,298.0,0.5,0.8992208584816215,0.8992568992551286,1,597,allocation 3:3 | multiplexing
3:3,True,0.8791479059745941,model TTL,48,276.0,275.5,0.5,0.8993565812724796,0.8993944533362324,1,552,allocation 3:3 | multiplexing
3:3,True,0.8791479059745941,model TTL,47,308.0,307.5,0.5,0.8999049844473282,0.8999422724597346,1,616,allocation 3:3 | multiplexing
3:3,True,0.8791479059745941,model TTL,49,306.0,306.0,0.0,0.8995940899791927,0.8995940899791927,0,612,allocation 3:3 | multiplexing
3:3,True,0.8791479059745941,model TTL,53,285.5,284.5,1.0,0.8990867049910551,0.8991680504934877,2,571,allocation 3:3 | multiplexing
3:3,True,0.8791479059745941,model TTL,42,306.0,305.0,1.0,0.899477031021651,0.8995454691520134,2,612,allocation 3:3 | multiplexing
3:3,True,0.8791479059745941,model TTL,50,309.0,309.0,0.0,0.8992406206834268,0.8992406206834268,0,618,allocation 3:3 | multiplexing
3:3,True,0.8791479059745941,model TTL,51,301.0,300.0,1.0,0.8994443385480618,0.8995166261036684,2,602,allocation 3:3 | multiplexing
3:3,True,0.8791479059745941,model TTL,52,305.0,303.5,1.5,0.8990825662629269,0.8991964130934312,3,610,allocation 3:3 | multiplexing
3:3,True,0.8791479059745941,model TTL,54,313.0,313.0,0.0,0.8991518152336532,0.8991518152336532,0,626,allocation 3:3 | multiplexing
3:3,True,0.8791479059745941,model TTL,55,297.5,297.5,0.0,0.8985105496640808,0.8985105496640808,0,595,allocation 3:3 | multiplexing
3:3,True,0.8791479059745941,model TTL,56,295.5,295.5,0.0,0.8994853148716577,0.8994853148716577,0,591,allocation 3:3 | multiplexing
3:3,True,0.8791479059745941,model TTL,64,291.0,290.5,0.5,0.8995503766525617,0.8995869291904238,1,582,allocation 3:3 | multiplexing
3:3,True,0.8791479059745941,model TTL,57,279.0,278.5,0.5,0.8988932617576536,0.8989288148131915,1,558,allocation 3:3 | multiplexing
3:3,True,0.8791479059745941,model TTL,61,287.5,286.5,1.0,0.8995451423157336,0.8996206456112025,2,575,allocation 3:3 | multiplexing
3:3,True,0.8791479059745941,model TTL,62,310.5,310.0,0.5,0.8994284905829721,0.8994626305305864,1,621,allocation 3:3 | multiplexing
3:3,True,0.8791479059745941,model TTL,58,313.0,311.5,1.5,0.8998541276586453,0.8999624192443363,3,626,allocation 3:3 | multiplexing
3:3,True,0.8791479059745941,model TTL,59,274.0,274.0,0.0,0.898893631445271,0.898893631445271,0,548,allocation 3:3 | multiplexing
3:3,True,0.8791479059745941,model TTL,60,286.5,286.0,0.5,0.8988328651550499,0.8988699374766893,1,573,allocation 3:3 | multiplexing
3:3,True,0.8791479059745941,model TTL,63,298.5,298.0,0.5,0.8991030687408835,0.8991378548034323,1,597,allocation 3:3 | multiplexing
3:3,True,0.8791479059745941,model TTL,66,298.0,297.0,1.0,0.8994116556412488,0.899485368398245,2,596,allocation 3:3 | multiplexing
3:3,True,0.8791479059745941,model TTL,65,295.0,295.0,0.0,0.8992595341392928,0.8992595341392928,0,590,allocation 3:3 | multiplexing
3:3,True,0.8791479059745941,model TTL,67,302.5,302.5,0.0,0.8996415648337764,0.8996415648337764,0,605,allocation 3:3 | multiplexing
3:3,True,0.8791479059745941,model TTL,69,289.0,289.0,0.0,0.8998241341420606,0.8998241341420606,0,578,allocation 3:3 | multiplexing
3:3,True,0.8791479059745941,model TTL,70,288.0,288.0,0.0,0.899402767350382,0.899402767350382,0,576,allocation 3:3 | multiplexing
3:3,True,0.8791479059745941,model TTL,68,318.5,318.0,0.5,0.8994816917963574,0.8995143967693169,1,637,allocation 3:3 | multiplexing
3:3,True,0.8791479059745941,model TTL,71,298.5,297.5,1.0,0.8992263283537506,0.8992960516317073,2,597,allocation 3:3 | multiplexing
3:3,True,0.8791479059745941,model TTL,72,282.0,282.0,0.0,0.899063772050673,0.899063772050673,0,564,allocation 3:3 | multiplexing
3:3,True,0.8791479059745941,model TTL,73,302.0,301.0,1.0,0.8997379268005218,0.8998072421409825,2,604,allocation 3:3 | multiplexing
3:3,True,0.8791479059745941,model TTL,76,310.0,310.0,0.0,0.8996010921134053,0.8996010921134053,0,620,allocation 3:3 | multiplexing
3:3,True,0.8791479059745941,model TTL,75,305.5,305.0,0.5,0.8986769116053088,0.898709176606625,1,611,allocation 3:3 | multiplexing
3:3,True,0.8791479059745941,model TTL,77,298.5,297.5,1.0,0.899339860873869,0.8994109045517142,2,597,allocation 3:3 | multiplexing
3:3,True,0.8791479059745941,model TTL,79,302.0,301.0,1.0,0.8988785595511949,0.8989553452245279,2,604,allocation 3:3 | multiplexing
3:3,True,0.8791479059745941,model TTL,74,296.0,294.5,1.5,0.9002881632187419,0.9004012289804558,3,592,allocation 3:3 | multiplexing
3:3,True,0.8791479059745941,model TTL,82,301.5,301.5,0.0,0.8987855686648899,0.8987855686648899,0,603,allocation 3:3 | multiplexing
3:3,True,0.8791479059745941,model TTL,78,296.5,296.0,0.5,0.8993918280884187,0.8994268870520865,1,593,allocation 3:3 | multiplexing
3:3,True,0.8791479059745941,model TTL,80,279.5,278.0,1.5,0.8990459387118156,0.8991561661161722,3,559,allocation 3:3 | multiplexing
3:3,True,0.8791479059745941,model TTL,84,287.5,287.5,0.0,0.8997603989094519,0.8997603989094519,0,575,allocation 3:3 | multiplexing
3:3,True,0.8791479059745941,model TTL,83,306.5,306.5,0.0,0.899567552844647,0.899567552844647,0,613,allocation 3:3 | multiplexing
3:3,True,0.8791479059745941,model TTL,85,303.5,303.0,0.5,0.8994143507199188,0.8994483239506772,1,607,allocation 3:3 | multiplexing
3:3,True,0.8791479059745941,model TTL,81,301.5,300.5,1.0,0.8991372167385717,0.8992071649884448,2,603,allocation 3:3 | multiplexing
3:3,True,0.8791479059745941,model TTL,87,311.5,311.0,0.5,0.8993206918500218,0.899354549399013,1,623,allocation 3:3 | multiplexing
3:3,True,0.8791479059745941,model TTL,86,311.0,311.0,0.0,0.8999254863486847,0.8999254863486847,0,622,allocation 3:3 | multiplexing
3:3,True,0.8791479059745941,model TTL,88,318.5,318.0,0.5,0.8988920989445702,0.8989286325069599,1,637,allocation 3:3 | multiplexing
3:3,True,0.8791479059745941,model TTL,92,299.0,299.0,0.0,0.8997359395809447,0.8997359395809447,0,598,allocation 3:3 | multiplexing
3:3,True,0.8791479059745941,model TTL,91,295.0,295.0,0.0,0.8988182909389704,0.8988182909389704,0,590,allocation 3:3 | multiplexing
3:3,True,0.8791479059745941,model TTL,89,289.5,289.5,0.0,0.899159844669192,0.899159844669192,0,579,allocation 3:3 | multiplexing
3:3,True,0.8791479059745941,model TTL,90,300.0,299.0,1.0,0.8991566037912139,0.8992281284573296,2,600,allocation 3:3 | multiplexing
3:3,True,0.8791479059745941,model TTL,94,296.5,295.5,1.0,0.8992991299369248,0.8993762624375623,2,593,allocation 3:3 | multiplexing
3:3,True,0.8791479059745941,model TTL,93,297.0,297.0,0.0,0.8998042804618879,0.8998042804618879,0,594,allocation 3:3 | multiplexing
3:3,True,0.8791479059745941,model TTL,95,271.5,271.5,0.0,0.8994101864258085,0.8994101864258085,0,543,allocation 3:3 | multiplexing
3:3,True,0.8791479059745941,model TTL,98,288.0,287.5,0.5,0.8993328246469131,0.8993718382634456,1,576,allocation 3:3 | multiplexing
3:3,True,0.8791479059745941,model TTL,97,290.5,290.5,0.0,0.8990229080770472,0.8990229080770472,0,581,allocation 3:3 | multiplexing
3:3,True,0.8791479059745941,model TTL,99,305.0,305.0,0.0,0.8988899940901394,0.8988899940901394,0,610,allocation 3:3 | multiplexing
3:3,True,0.8791479059745941,model TTL,96,293.5,293.0,0.5,0.899373779221434,0.8994086379099585,1,587,allocation 3:3 | multiplexing
1:1,True,0.75,no TTL,7,14.0,6.0,8.0,0.7266667914479781,0.840353174584363,16,28,allocation 1:1 | doubled distance
1:1,True,0.75,no TTL,17,17.5,8.0,9.5,0.6972466030336703,0.814055424199981,19,35,allocation 1:1 | doubled distance
1:1,True,0.75,no TTL,3,9.5,4.0,5.5,0.6807455589302446,0.8218402341071142,11,19,allocation 1:1 | doubled distance
1:1,True,0.75,no TTL,15,12.0,6.5,5.5,0.7329902598808169,0.8155086681183772,11,24,allocation 1:1 | doubled distance
1:1,True,0.75,no TTL,24,10.5,4.5,6.0,0.686646716363493,0.820088955878034,12,21,allocation 1:1 | doubled distance
1:1,True,0.75,no TTL,14,13.0,3.5,9.5,0.6408119424217286,0.8147379858588057,19,26,allocation 1:1 | doubled distance
1:1,True,0.75,no TTL,19,15.5,8.0,7.5,0.7016184978950295,0.8241986680410806,15,31,allocation 1:1 | doubled distance
1:1,True,0.75,no TTL,13,9.0,4.5,4.5,0.7127851980945352,0.8114688469680785,9,18,allocation 1:1 | doubled distance
1:1,True,0.75,no TTL,4,17.5,6.0,11.5,0.6866640757132736,0.8131033463799918,23,35,allocation 1:1 | doubled distance
1:1,True,0.75,no TTL,21,9.0,5.5,3.5,0.7150691622259143,0.8017405037262523,7,18,allocation 1:1 | doubled distance
1:1,True,0.75,no TTL,0,13.0,6.5,6.5,0.7190474390679815,0.8165170097231254,13,26,allocation 1:1 | doubled distance
1:1,True,0.75,no TTL,20,14.0,5.5,8.5,0.6879634310394994,0.8178631482924297,17,28,allocation 1:1 | doubled distance
1:1,True,0.75,no TTL,16,9.5,5.0,4.5,0.7269525769571539,0.8025722047414738,9,19,allocation 1:1 | doubled distance
1:1,True,0.75,no TTL,26,13.0,5.0,8.0,0.688208776278616,0.8265903172968142,16,26,allocation 1:1 | doubled distance
1:1,True,0.75,no TTL,9,13.0,7.0,6.0,0.7148513529162224,0.8084040349038546,12,26,allocation 1:1 | doubled distance
1:1,True,0.75,no TTL,8,14.0,6.5,7.5,0.7146558986851065,0.8135045946451972,15,28,allocation 1:1 | doubled distance
1:1,True,0.75,no TTL,1,12.0,6.0,6.0,0.6857117806620273,0.801994066308999,12,24,allocation 1:1 | doubled distance
1:1,True,0.75,no TTL,5,15.0,7.5,7.5,0.6964881349343868,0.8153125607042804,15,30,allocation 1:1 | doubled distance
1:1,True,0.75,no TTL,6,14.0,6.5,7.5,0.7155056074157607,0.810660592269982,15,28,allocation 1:1 | doubled distance
1:1,True,0.75,no TTL,22,12.0,5.5,6.5,0.6986514613021325,0.813794579770384,13,24,allocation 1:1 | doubled distance
1:1,True,0.75,no TTL,2,17.5,7.0,10.5,0.7297418780296343,0.817506686098701,21,35,allocation 1:1 | doubled distance
1:1,True,0.75,no TTL,25,15.5,7.5,8.0,0.7116515527782933,0.8121775040065554,16,31,allocation 1:1 | doubled distance
1:1,True,0.75,no TTL,30,13.0,6.0,7.0,0.7153845331039999,0.8271729668194172,14,26,allocation 1:1 | doubled distance
1:1,True,0.75,no TTL,10,16.0,8.5,7.5,0.7121913469146381,0.8235503067420068,15,32,allocation 1:1 | doubled distance
1:1,True,0.75,no TTL,23,13.0,8.5,4.5,0.7282909533018429,0.8147310270782647,9,26,allocation 1:1 | doubled distance
1:1,True,0.75,no TTL,11,15.5,7.5,8.0,0.7238734211595872,0.8174264510238316,16,31,allocation 1:1 | doubled distance
1:1,True,0.75,no TTL,18,15.0,6.0,9.0,0.6922858783786168,0.8273912883579415,18,30,allocation 1:1 | doubled distance
1:1,True,0.75,no TTL,12,10.5,5.5,5.0,0.6994166445049536,0.8021059883586448,10,21,allocation 1:1 | doubled distance
1:1,True,0.75,no TTL,28,13.0,5.0,8.0,0.6731187023043264,0.8101903121597712,16,26,allocation 1:1 | doubled distance
1:1,True,0.75,no TTL,29,17.0,7.5,9.5,0.7180476290379091,0.8193223351393719,19,34,allocation 1:1 | doubled distance
1:1,True,0.75,no TTL,27,21.5,10.0,11.5,0.711933372365518,0.7963973059004931,23,43,allocation 1:1 | doubled distance
1:1,True,0.75,no TTL,32,13.0,4.5,8.5,0.6888421016308328,0.8176183352397031,17,26,allocation 1:1 | doubled distance
1:1,True,0.75,no TTL,31,13.5,5.0,8.5,0.6998914427726274,0.8102157131723515,17,27,allocation 1:1 | doubled distance
1:1,True,0.75,no TTL,38,15.0,8.0,7.0,0.7087841241657246,0.8051875890380303,14,30,allocation 1:1 | doubled distance
1:1,True,0.75,no TTL,33,12.0,4.5,7.5,0.7030858572091379,0.8400762716305562,15,24,allocation 1:1 | doubled distance
1:1,True,0.75,no TTL,45,8.5,2.0,6.5,0.680304790584531,0.8287704857205634,13,17,allocation 1:1 | doubled distance
1:1,True,0.75,no TTL,40,8.0,3.5,4.5,0.6874280211801204,0.82520878916779,9,16,allocation 1:1 | doubled distance
1:1,True,0.75,no TTL,37,13.0,8.0,5.0,0.7139977114742366,0.8170286162140595,10,26,allocation 1:1 | doubled distance
1:1,True,0.75,no TTL,41,15.0,5.0,10.0,0.6872443926052524,0.8084902450973158,20,30,allocation 1:1 | doubled distance
1:1,True,0.75,no TTL,51,8.0,2.5,5.5,0.6724231101269135,0.8104717708184912,11,16,allocation 1:1 | doubled distance
1:1,True,0.75,no TTL,34,18.0,7.5,10.5,0.6969931627327975,0.8088893514733698,21,36,allocation 1:1 | doubled distance
1:1,True,0.75,no TTL,39,12.5,6.0,6.5,0.7144391453336499,0.8072431081916096,13,25,allocation 1:1 | doubled distance
1:1,True,0.75,no TTL,36,12.0,4.5,7.5,0.6959136975916658,0.8144059091629032,15,24,allocation 1:1 | doubled distance
1:1,True,0.75,no TTL,35,13.5,6.5,7.0,0.7289163567924322,0.8214206004127644,14,27,allocation 1:1 | doubled distance
1:1,True,0.75,no TTL,44,9.0,2.5,6.5,0.6728190086935809,0.8285417027546487,13,18,allocation 1:1 | doubled distance
1:1,True,0.75,no TTL,48,15.0,7.0,8.0,0.6684569999840984,0.804051446925802,16,30,allocation 1:1 | doubled distance
1:1,True,0.75,no TTL,53,11.5,4.0,7.5,0.6743335724158881,0.8074308285871457,15,23,allocation 1:1 | doubled distance
1:1,True,0.75,no TTL,46,11.0,4.5,6.5,0.7213210362382265,0.8099219036129098,13,22,allocation 1:1 | doubled distance
1:1,True,0.75,no TTL,60,18.5,8.5,10.0,0.7189684616625028,0.8043242296021554,20,37,allocation 1:1 | doubled distance
1:1,True,0.75,no TTL,52,11.5,5.5,6.0,0.6821777338466327,0.8255536623253243,12,23,allocation 1:1 | doubled distance
1:1,True,0.75,no TTL,55,11.0,4.5,6.5,0.6745697724263819,0.7970609487278453,13,22,allocation 1:1 | doubled distance
1:1,True,0.75,no TTL,56,9.0,2.5,6.5,0.6892025219242198,0.839334995484101,13,18,allocation 1:1 | doubled distance
1:1,True,0.75,no TTL,47,9.5,4.5,5.0,0.7174257412273883,0.8243048268635779,10,19,allocation 1:1 | doubled distance
1:1,True,0.75,no TTL,43,13.5,5.0,8.5,0.70463661188114,0.8272373975181655,17,27,allocation 1:1 | doubled distance
1:1,True,0.75,no TTL,42,16.0,9.0,7.0,0.7362094802615676,0.8236799243657925,14,32,allocation 1:1 | doubled distance
1:1,True,0.75,no TTL,58,9.0,3.5,5.5,0.6743880072288893,0.8048350910958774,11,18,allocation 1:1 | doubled distance
1:1,True,0.75,no TTL,50,8.5,5.5,3.0,0.7481894202951412,0.8118387789370932,6,17,allocation 1:1 | doubled distance
1:1,True,0.75,no TTL,49,14.5,6.5,8.0,0.6870043122320663,0.8001047527595296,16,29,allocation 1:1 | doubled distance
1:1,True,0.75,no TTL,54,17.0,6.5,10.5,0.6876188592093316,0.8200818085330749,21,34,allocation 1:1 | doubled distance
1:1,True,0.75,no TTL,59,12.5,5.5,7.0,0.6965441734286993,0.8057325762188209,14,25,allocation 1:1 | doubled distance
1:1,True,0.75,no TTL,61,16.5,9.0,7.5,0.7343291157046697,0.8185356009287797,15,33,allocation 1:1 | doubled distance
1:1,True,0.75,no TTL,57,15.5,8.5,7.0,0.7335765150253345,0.8247324417657361,14,31,allocation 1:1 | doubled distance
1:1,True,0.75,no TTL,64,14.5,9.5,5.0,0.7471740124420961,0.8185234987167757,10,29,allocation 1:1 | doubled distance
1:1,True,0.75,no TTL,62,10.0,5.5,4.5,0.7147409126164729,0.816279025793114,9,20,allocation 1:1 | doubled distance
1:1,True,0.75,no TTL,63,9.5,3.5,6.0,0.6938147738274502,0.814782370158434,12,19,allocation 1:1 | doubled distance
1:1,True,0.75,no TTL,88,13.5,7.0,6.5,0.7173675198384951,0.8196442790471736,13,27,allocation 1:1 | doubled distance
1:1,True,0.75,no TTL,67,11.0,5.0,6.0,0.7104460516582108,0.8287246395343244,12,22,allocation 1:1 | doubled distance
1:1,True,0.75,no TTL,65,16.5,6.0,10.5,0.6895221030342594,0.820943614520943,21,33,allocation 1:1 | doubled distance
1:1,True,0.75,no TTL,66,13.5,5.5,8.0,0.7045923941664656,0.8150461512034329,16,27,allocation 1:1 | doubled distance
1:1,True,0.75,no TTL,69,9.5,4.5,5.0,0.7046391556817772,0.8155252137256699,10,19,allocation 1:1 | doubled distance
1:1,True,0.75,no TTL,79,7.5,3.5,4.0,0.7074466651109029,0.8007282795709932,8,15,allocation 1:1 | doubled distance
1:1,True,0.75,no TTL,75,12.5,6.5,6.0,0.6804859718585012,0.8282197355042389,12,25,allocation 1:1 | doubled distance
1:1,True,0.75,no TTL,70,15.5,8.0,7.5,0.7145674551571906,0.8073980087291359,15,31,allocation 1:1 | doubled distance
1:1,True,0.75,no TTL,68,13.0,5.0,8.0,0.6882535665946781,0.8119805975515431,16,26,allocation 1:1 | doubled distance
1:1,True,0.75,no TTL,80,16.0,7.5,8.5,0.7159269108783964,0.8054909672656416,17,32,allocation 1:1 | doubled distance
1:1,True,0.75,no TTL,72,15.0,7.0,8.0,0.7036846433569808,0.817263041346709,16,30,allocation 1:1 | doubled distance
1:1,True,0.75,no TTL,71,11.0,3.0,8.0,0.6846200645479963,0.8335976564771088,16,22,allocation 1:1 | doubled distance
1:1,True,0.75,no TTL,82,18.0,8.5,9.5,0.6945509851112589,0.8263490007278432,19,36,allocation 1:1 | doubled distance
1:1,True,0.75,no TTL,76,15.0,6.5,8.5,0.7008182218774341,0.8091189867523599,17,30,allocation 1:1 | doubled distance
1:1,True,0.75,no TTL,73,11.5,6.0,5.5,0.7068930302293207,0.8141617919672771,11,23,allocation 1:1 | doubled distance
1:1,True,0.75,no TTL,85,14.0,5.0,9.0,0.6773031162661788,0.8303003159290503,18,28,allocation 1:1 | doubled distance
1:1,True,0.75,no TTL,83,10.5,3.5,7.0,0.6577833031727914,0.8263350691209239,14,21,allocation 1:1 | doubled distance
1:1,True,0.75,no TTL,77,12.5,6.5,6.0,0.7259476854098812,0.8141709122469774,12,25,allocation 1:1 | doubled distance
1:1,True,0.75,no TTL,74,17.0,6.5,10.5,0.7032968446358661,0.8160311193708932,21,34,allocation 1:1 | doubled distance
1:1,True,0.75,no TTL,81,13.0,8.0,5.0,0.7368497446141952,0.8139345317257125,10,26,allocation 1:1 | doubled distance
1:1,True,0.75,no TTL,84,12.0,6.0,6.0,0.7074285120314953,0.8069911215610867,12,24,allocation 1:1 | doubled distance
1:1,True,0.75,no TTL,78,11.5,5.5,6.0,0.7005316587633581,0.7958864126277624,12,23,allocation 1:1 | doubled distance
1:1,True,0.75,no TTL,87,13.0,7.5,5.5,0.7233684599659578,0.8082715140882534,11,26,allocation 1:1 | doubled distance
1:1,True,0.75,no TTL,86,14.5,7.0,7.5,0.7143127515323625,0.8243370646022908,15,29,allocation 1:1 | doubled distance
1:1,True,0.75,no TTL,89,11.0,4.0,7.0,0.6814081344205118,0.8219824207550827,14,22,allocation 1:1 | doubled distance
1:1,True,0.75,no TTL,91,13.5,7.5,6.0,0.71389092522328,0.8092885076498627,12,27,allocation 1:1 | doubled distance
1:1,True,0.75,no TTL,90,16.5,7.0,9.5,0.6875565538597269,0.828113243072189,19,33,allocation 1:1 | doubled distance
1:1,True,0.75,no TTL,92,14.5,7.5,7.0,0.7086621358905645,0.8291549564147901,14,29,allocation 1:1 | doubled distance
1:1,True,0.75,no TTL,94,13.0,5.5,7.5,0.6971916087460451,0.8083438662367258,15,26,allocation 1:1 | doubled distance
1:1,True,0.75,no TTL,93,8.5,4.0,4.5,0.7040387245870486,0.8200838572022742,9,17,allocation 1:1 | doubled distance
1:1,True,0.75,no TTL,95,10.0,5.5,4.5,0.7191371736253547,0.7996777537221689,9,20,allocation 1:1 | doubled distance
1:1,True,0.75,no TTL,96,20.5,8.0,12.5,0.7062526799478291,0.8289160321383697,25,41,allocation 1:1 | doubled distance
1:1,True,0.75,no TTL,97,13.5,6.0,7.5,0.7069567836373627,0.7887142612121085,15,27,allocation 1:1 | doubled distance
1:1,True,0.75,no TTL,99,12.0,6.5,5.5,0.7197241179310396,0.8189663125624282,11,24,allocation 1:1 | doubled distance
1:1,True,0.75,no TTL,98,11.5,6.0,5.5,0.671331011276412,0.7917350463305568,11,23,allocation 1:1 | doubled distance
1:1,True,0.75,model TTL,23,10.5,8.0,2.5,0.7948571962912218,0.8125089272045621,5,21,allocation 1:1 | doubled distance
1:1,True,0.75,model TTL,2,17.5,16.0,1.5,0.8133618956378966,0.821261553810928,3,35,allocation 1:1 | doubled distance
1:1,True,0.75,model TTL,0,16.0,13.5,2.5,0.8102773558753158,0.8237969907906842,5,32,allocation 1:1 | doubled distance
1:1,True,0.75,model TTL,3,10.0,9.0,1.0,0.8021411478651304,0.8092063313773368,2,20,allocation 1:1 | doubled distance
1:1,True,0.75,model TTL,4,12.5,12.0,0.5,0.8093418286025017,0.8124245917184114,1,25,allocation 1:1 | doubled distance
1:1,True,0.75,model TTL,11,12.0,10.0,2.0,0.7955587841081995,0.8058463771678884,4,24,allocation 1:1 | doubled distance
1:1,True,0.75,model TTL,8,8.5,7.0,1.5,0.8041492251858652,0.8212885472454634,3,17,allocation 1:1 | doubled distance
1:1,True,0.75,model TTL,6,9.5,8.5,1.0,0.7894462118047493,0.798234838303055,2,19,allocation 1:1 | doubled distance
1:1,True,0.75,model TTL,5,13.5,11.5,2.0,0.8040043763517883,0.8141878374011449,4,27,allocation 1:1 | doubled distance
1:1,True,0.75,model TTL,1,11.5,9.5,2.0,0.8153614210673262,0.8320828761514836,4,23,allocation 1:1 | doubled distance
1:1,True,0.75,model TTL,9,13.5,13.5,0.0,0.8236948338072216,0.8236948338072216,0,27,allocation 1:1 | doubled distance
1:1,True,0.75,model TTL,20,15.0,11.0,4.0,0.7966868965972765,0.8156240475381078,8,30,allocation 1:1 | doubled distance
1:1,True,0.75,model TTL,15,9.0,8.0,1.0,0.800218205971606,0.8065858074849811,2,18,allocation 1:1 | doubled distance
1:1,True,0.75,model TTL,17,15.5,14.0,1.5,0.8071693975700615,0.8135326291122768,3,31,allocation 1:1 | doubled distance
1:1,True,0.75,model TTL,7,10.5,9.5,1.0,0.8003372535453399,0.8084217667640121,2,21,allocation 1:1 | doubled distance
1:1,True,0.75,model TTL,12,10.5,9.5,1.0,0.8139655808457762,0.8212372276840145,2,21,allocation 1:1 | doubled distance
1:1,True,0.75,model TTL,13,10.0,9.0,1.0,0.8050735037049469,0.814117187237374,2,20,allocation 1:1 | doubled distance
1:1,True,0.75,model TTL,16,12.0,11.5,0.5,0.8201633192202709,0.8232880717333914,1,24,allocation 1:1 | doubled distance
1:1,True,0.75,model TTL,14,11.0,10.0,1.0,0.8095754925966961,0.817071571468134,2,22,allocation 1:1 | doubled distance
1:1,True,0.75,model TTL,19,12.0,10.5,1.5,0.8095204074504172,0.8201578523155343,3,24,allocation 1:1 | doubled distance
1:1,True,0.75,model TTL,18,13.0,11.5,1.5,0.8154930979076304,0.8252974092748949,3,26,allocation 1:1 | doubled distance
1:1,True,0.75,model TTL,10,11.5,10.5,1.0,0.8144668832356895,0.8214229240040688,2,23,allocation 1:1 | doubled distance
1:1,True,0.75,model TTL,21,12.5,10.5,2.0,0.7964800906280495,0.8074608760122886,4,25,allocation 1:1 | doubled distance
1:1,True,0.75,model TTL,22,15.5,14.5,1.0,0.7999428788689115,0.8040790188610647,2,31,allocation 1:1 | doubled distance
1:1,True,0.75,model TTL,25,10.5,8.5,2.0,0.7961680357306953,0.809636720983141,4,21,allocation 1:1 | doubled distance
1:1,True,0.75,model TTL,24,12.0,11.0,1.0,0.8034824039138834,0.8087862811964126,2,24,allocation 1:1 | doubled distance
1:1,True,0.75,model TTL,26,12.0,9.0,3.0,0.7953616734669295,0.8153068105284955,6,24,allocation 1:1 | doubled distance
1:1,True,0.75,model TTL,27,6.0,4.5,1.5,0.7926218937009675,0.8090870250704858,3,12,allocation 1:1 | doubled distance
1:1,True,0.75,model TTL,28,15.0,12.5,2.5,0.799862334681909,0.8123851646005719,5,30,allocation 1:1 | doubled distance
1:1,True,0.75,model TTL,29,17.5,16.5,1.0,0.8152911536049895,0.8198372318343634,2,35,allocation 1:1 | doubled distance
1:1,True,0.75,model TTL,30,18.0,18.0,0.0,0.8073065441337712,0.8073065441337712,0,36,allocation 1:1 | doubled distance
1:1,True,0.75,model TTL,31,14.0,12.5,1.5,0.8117855298548491,0.8199329187479867,3,28,allocation 1:1 | doubled distance
1:1,True,0.75,model TTL,33,8.5,8.5,0.0,0.8158854310373773,0.8158854310373773,0,17,allocation 1:1 | doubled distance
1:1,True,0.75,model TTL,36,9.0,6.0,3.0,0.790525547922221,0.8142282428809436,6,18,allocation 1:1 | doubled distance
1:1,True,0.75,model TTL,32,14.0,12.5,1.5,0.7881771432480139,0.7943947218846424,3,28,allocation 1:1 | doubled distance
1:1,True,0.75,model TTL,35,10.5,9.5,1.0,0.8112871327747135,0.8179337690066733,2,21,allocation 1:1 | doubled distance
1:1,True,0.75,model TTL,34,11.5,11.0,0.5,0.8067434748267096,0.809951675079748,1,23,allocation 1:1 | doubled distance
1:1,True,0.75,model TTL,37,15.5,14.0,1.5,0.812593350732825,0.8226520357571803,3,31,allocation 1:1 | doubled distance
1:1,True,0.75,model TTL,45,11.0,10.5,0.5,0.8150004346906053,0.8184210465086635,1,22,allocation 1:1 | doubled distance
1:1,True,0.75,model TTL,41,10.0,8.5,1.5,0.8037993129742393,0.815164288925095,3,20,allocation 1:1 | doubled distance
1:1,True,0.75,model TTL,38,13.0,11.0,2.0,0.8176823035446766,0.8323092675581685,4,26,allocation 1:1 | doubled distance
1:1,True,0.75,model TTL,39,14.0,13.0,1.0,0.8048660156530408,0.8099247440998208,2,28,allocation 1:1 | doubled distance
1:1,True,0.75,model TTL,48,10.5,10.5,0.0,0.803527740819464,0.803527740819464,0,21,allocation 1:1 | doubled distance
1:1,True,0.75,model TTL,47,13.5,11.0,2.5,0.7961208098790826,0.8093789474985829,5,27,allocation 1:1 | doubled distance
1:1,True,0.75,model TTL,49,14.5,14.0,0.5,0.8096732647027183,0.8125766719009085,1,29,allocation 1:1 | doubled distance
1:1,True,0.75,model TTL,52,8.5,8.5,0.0,0.8197437944754359,0.8197437944754359,0,17,allocation 1:1 | doubled distance
1:1,True,0.75,model TTL,50,14.0,12.5,1.5,0.8043219211365173,0.8127149539856638,3,28,allocation 1:1 | doubled distance
1:1,True,0.75,model TTL,43,15.5,15.0,0.5,0.8173886019533481,0.8202085166003739,1,31,allocation 1:1 | doubled distance
1:1,True,0.75,model TTL,44,11.5,10.0,1.5,0.8050234313976332,0.8144670595362775,3,23,allocation 1:1 | doubled distance
1:1,True,0.75,model TTL,42,13.5,13.5,0.0,0.8050286224580323,0.8050286224580323,0,27,allocation 1:1 | doubled distance
1:1,True,0.75,model TTL,46,12.0,10.5,1.5,0.8061098359776512,0.8148715258486243,3,24,allocation 1:1 | doubled distance
1:1,True,0.75,model TTL,51,11.5,10.5,1.0,0.8069091222302524,0.8133100989780341,2,23,allocation 1:1 | doubled distance
1:1,True,0.75,model TTL,54,10.5,8.5,2.0,0.7896348413952333,0.8027708107803249,4,21,allocation 1:1 | doubled distance
1:1,True,0.75,model TTL,56,10.0,9.5,0.5,0.8125541458413934,0.8167662498424342,1,20,allocation 1:1 | doubled distance
1:1,True,0.75,model TTL,40,12.0,11.5,0.5,0.8233998264652509,0.8272594139582384,1,24,allocation 1:1 | doubled distance
1:1,True,0.75,model TTL,53,11.0,9.5,1.5,0.799171915147699,0.8080587949360549,3,22,allocation 1:1 | doubled distance
1:1,True,0.75,model TTL,55,11.0,9.0,2.0,0.7965935037810704,0.8087073466433897,4,22,allocation 1:1 | doubled distance
1:1,True,0.75,model TTL,58,10.5,8.5,2.0,0.8038127876647654,0.8207856562538213,4,21,allocation 1:1 | doubled distance
1:1,True,0.75,model TTL,57,13.0,12.5,0.5,0.8073001852481456,0.8098242584483084,1,26,allocation 1:1 | doubled distance
1:1,True,0.75,model TTL,59,14.5,13.5,1.0,0.8103029678941787,0.8152055545395195,2,29,allocation 1:1 | doubled distance
1:1,True,0.75,model TTL,60,13.5,12.5,1.0,0.807004193008901,0.8132279120454545,2,27,allocation 1:1 | doubled distance
1:1,True,0.75,model TTL,61,15.5,14.5,1.0,0.8080594603263471,0.8129644610457052,2,31,allocation 1:1 | doubled distance
1:1,True,0.75,model TTL,63,12.0,9.0,3.0,0.7919675263580587,0.809079345622502,6,24,allocation 1:1 | doubled distance
1:1,True,0.75,model TTL,80,12.0,12.0,0.0,0.8150565666300503,0.8150565666300503,0,24,allocation 1:1 | doubled distance
1:1,True,0.75,model TTL,62,13.0,11.5,1.5,0.7973631783367481,0.8049437866435951,3,26,allocation 1:1 | doubled distance
1:1,True,0.75,model TTL,66,11.0,10.0,1.0,0.8006876046603102,0.8062805192341193,2,22,allocation 1:1 | doubled distance
1:1,True,0.75,model TTL,64,15.0,14.0,1.0,0.8084365786096069,0.8135586989802389,2,30,allocation 1:1 | doubled distance
1:1,True,0.75,model TTL,70,13.5,10.5,3.0,0.8078212483312402,0.8267204675045419,6,27,allocation 1:1 | doubled distance
1:1,True,0.75,model TTL,68,8.0,6.5,1.5,0.8039631279197921,0.818467429874457,3,16,allocation 1:1 | doubled distance
1:1,True,0.75,model TTL,65,10.0,9.5,0.5,0.8218758014948372,0.8257546474497797,1,20,allocation 1:1 | doubled distance
1:1,True,0.75,model TTL,79,16.0,14.5,1.5,0.8017546790004431,0.8085382485182989,3,32,allocation 1:1 | doubled distance
1:1,True,0.75,model TTL,67,12.0,11.0,1.0,0.8039426135753609,0.8092782901102408,2,24,allocation 1:1 | doubled distance
1:1,True,0.75,model TTL,77,12.0,8.5,3.5,0.7930278830355071,0.8147489484531408,7,24,allocation 1:1 | doubled distance
1:1,True,0.75,model TTL,72,13.5,12.5,1.0,0.79207361315817,0.7976291750781747,2,27,allocation 1:1 | doubled distance
1:1,True,0.75,model TTL,75,13.5,11.5,2.0,0.80914050330296,0.8214532760445109,4,27,allocation 1:1 | doubled distance
1:1,True,0.75,model TTL,73,12.0,11.0,1.0,0.8138371466364731,0.8211365634764636,2,24,allocation 1:1 | doubled distance
1:1,True,0.75,model TTL,84,10.5,8.5,2.0,0.8024645359659089,0.8177767962143188,4,21,allocation 1:1 | doubled distance
1:1,True,0.75,model TTL,71,13.0,11.5,1.5,0.8180797351134371,0.828635001793939,3,26,allocation 1:1 | doubled distance
1:1,True,0.75,model TTL,69,14.5,13.5,1.0,0.8088365223641406,0.8139650063642321,2,29,allocation 1:1 | doubled distance
1:1,True,0.75,model TTL,76,9.0,6.5,2.5,0.7853226244080125,0.8047724132575185,5,18,allocation 1:1 | doubled distance
1:1,True,0.75,model TTL,74,14.5,12.5,2.0,0.7949850820324565,0.8064280725923921,4,29,allocation 1:1 | doubled distance
1:1,True,0.75,model TTL,83,8.5,8.0,0.5,0.8091269171713547,0.8130629583308407,1,17,allocation 1:1 | doubled distance
1:1,True,0.75,model TTL,78,9.5,8.0,1.5,0.8009160256533404,0.8120074838216577,3,19,allocation 1:1 | doubled distance
1:1,True,0.75,model TTL,81,13.5,12.5,1.0,0.8259551835682877,0.8326907396090001,2,27,allocation 1:1 | doubled distance
1:1,True,0.75,model TTL,82,10.0,8.5,1.5,0.8116238984362317,0.824934018514477,3,20,allocation 1:1 | doubled distance
1:1,True,0.75,model TTL,85,14.5,13.0,1.5,0.8172684244120587,0.8267895148260533,3,29,allocation 1:1 | doubled distance
1:1,True,0.75,model TTL,86,11.0,10.5,0.5,0.8063915616667781,0.8093498060044334,1,22,allocation 1:1 | doubled distance
1:1,True,0.75,model TTL,87,12.5,11.0,1.5,0.8041122697051374,0.8126723805068811,3,25,allocation 1:1 | doubled distance
1:1,True,0.75,model TTL,88,14.5,14.0,0.5,0.8114770757866289,0.8137535438995473,1,29,allocation 1:1 | doubled distance
1:1,True,0.75,model TTL,94,12.0,12.0,0.0,0.8193667722291595,0.8193667722291595,0,24,allocation 1:1 | doubled distance
1:1,True,0.75,model TTL,92,12.5,11.5,1.0,0.8052154988783092,0.8112667695726496,2,25,allocation 1:1 | doubled distance
1:1,True,0.75,model TTL,91,15.5,14.0,1.5,0.8046178187214623,0.8110151907889764,3,31,allocation 1:1 | doubled distance
1:1,True,0.75,model TTL,90,10.5,10.0,0.5,0.8103601956711881,0.8137564856575906,1,21,allocation 1:1 | doubled distance
1:1,True,0.75,model TTL,93,15.5,14.5,1.0,0.8156502662287936,0.8206034171844772,2,31,allocation 1:1 | doubled distance
1:1,True,0.75,model TTL,89,15.5,14.0,1.5,0.804444161927508,0.8123925598257998,3,31,allocation 1:1 | doubled distance
1:1,True,0.75,model TTL,97,12.5,12.0,0.5,0.8169884148524144,0.8198977439570653,1,25,allocation 1:1 | doubled distance
1:1,True,0.75,model TTL,96,12.5,11.5,1.0,0.8019485537105066,0.8087909747790926,2,25,allocation 1:1 | doubled distance
1:1,True,0.75,model TTL,95,13.0,11.0,2.0,0.81132928914755,0.8241411030366353,4,26,allocation 1:1 | doubled distance
1:1,True,0.75,model TTL,99,11.5,11.0,0.5,0.8189925781346228,0.8224870219070446,1,23,allocation 1:1 | doubled distance
1:1,True,0.75,model TTL,98,11.0,8.0,3.0,0.8097891741866539,0.8367327319186637,6,22,allocation 1:1 | doubled distance
1:1,True,0.7822869764936485,no TTL,28,13.0,3.0,10.0,0.6731187023043264,0.841801894155475,20,26,allocation 1:1 | doubled distance
1:1,True,0.7822869764936485,no TTL,24,10.5,3.5,7.0,0.686646716363493,0.8330300919216409,14,21,allocation 1:1 | doubled distance
1:1,True,0.7822869764936485,no TTL,14,13.0,3.0,10.0,0.6408119424217286,0.8220020404970415,20,26,allocation 1:1 | doubled distance
1:1,True,0.7822869764936485,no TTL,19,15.5,7.0,8.5,0.7016184978950295,0.8321263689063932,17,31,allocation 1:1 | doubled distance
1:1,True,0.7822869764936485,no TTL,18,15.0,5.5,9.5,0.6922858783786168,0.8316342667997066,19,30,allocation 1:1 | doubled distance
1:1,True,0.7822869764936485,no TTL,20,14.0,5.0,9.0,0.6879634310394994,0.8245371950250169,18,28,allocation 1:1 | doubled distance
1:1,True,0.7822869764936485,no TTL,13,9.0,4.5,4.5,0.7127851980945352,0.8114688469680785,9,18,allocation 1:1 | doubled distance
1:1,True,0.7822869764936485,no TTL,9,13.0,5.0,8.0,0.7148513529162224,0.8251070793342576,16,26,allocation 1:1 | doubled distance
1:1,True,0.7822869764936485,no TTL,0,13.0,6.0,7.0,0.7190474390679815,0.82052827193576,14,26,allocation 1:1 | doubled distance
1:1,True,0.7822869764936485,no TTL,4,17.5,5.5,12.0,0.6866640757132736,0.8165471210225119,24,35,allocation 1:1 | doubled distance
1:1,True,0.7822869764936485,no TTL,21,9.0,3.5,5.5,0.7150691622259143,0.8212091888196988,11,18,allocation 1:1 | doubled distance
1:1,True,0.7822869764936485,no TTL,7,14.0,6.0,8.0,0.7266667914479781,0.840353174584363,16,28,allocation 1:1 | doubled distance
1:1,True,0.7822869764936485,no TTL,15,12.0,5.5,6.5,0.7329902598808169,0.8230012850547455,13,24,allocation 1:1 | doubled distance
1:1,True,0.7822869764936485,no TTL,17,17.5,5.5,12.0,0.6972466030336703,0.8327042220539403,24,35,allocation 1:1 | doubled distance
1:1,True,0.7822869764936485,no TTL,22,12.0,4.5,7.5,0.6986514613021325,0.8246778476305918,15,24,allocation 1:1 | doubled distance
1:1,True,0.7822869764936485,no TTL,6,14.0,4.5,9.5,0.7155056074157607,0.8321051003272905,19,28,allocation 1:1 | doubled distance
1:1,True,0.7822869764936485,no TTL,1,12.0,4.0,8.0,0.6857117806620273,0.8196463789282191,16,24,allocation 1:1 | doubled distance
1:1,True,0.7822869764936485,no TTL,3,9.5,3.5,6.0,0.6807455589302446,0.8312223069148391,12,19,allocation 1:1 | doubled distance
1:1,True,0.7822869764936485,no TTL,26,13.0,4.5,8.5,0.688208776278616,0.834211628743691,17,26,allocation 1:1 | doubled distance
1:1,True,0.7822869764936485,no TTL,8,14.0,4.5,9.5,0.7146558986851065,0.8337012506899872,19,28,allocation 1:1 | doubled distance
1:1,True,0.7822869764936485,no TTL,2,17.5,6.0,11.5,0.7297418780296343,0.8245949251198036,23,35,allocation 1:1 | doubled distance
1:1,True,0.7822869764936485,no TTL,25,15.5,5.0,10.5,0.7116515527782933,0.833953374491179,21,31,allocation 1:1 | doubled distance
1:1,True,0.7822869764936485,no TTL,10,16.0,7.5,8.5,0.7121913469146381,0.8312866271692229,17,32,allocation 1:1 | doubled distance
1:1,True,0.7822869764936485,no TTL,30,13.0,5.0,8.0,0.7153845331039999,0.8400899750020582,16,26,allocation 1:1 | doubled distance
1:1,True,0.7822869764936485,no TTL,11,15.5,6.5,9.0,0.7238734211595872,0.8258066475027972,18,31,allocation 1:1 | doubled distance
1:1,True,0.7822869764936485,no TTL,5,15.0,5.5,9.5,0.6964881349343868,0.8349562094569289,19,30,allocation 1:1 | doubled distance
1:1,True,0.7822869764936485,no TTL,23,13.0,7.0,6.0,0.7282909533018429,0.822021733805317,12,26,allocation 1:1 | doubled distance
1:1,True,0.7822869764936485,no TTL,12,10.5,4.0,6.5,0.6994166445049536,0.8196880413585642,13,21,allocation 1:1 | doubled distance
1:1,True,0.7822869764936485,no TTL,16,9.5,3.5,6.0,0.7269525769571539,0.8233313660895915,12,19,allocation 1:1 | doubled distance
1:1,True,0.7822869764936485,no TTL,29,17.0,5.5,11.5,0.7180476290379091,0.836759301837837,23,34,allocation 1:1 | doubled distance
1:1,True,0.7822869764936485,no TTL,27,21.5,6.0,15.5,0.711933372365518,0.8151638499610626,31,43,allocation 1:1 | doubled distance
1:1,True,0.7822869764936485,no TTL,31,13.5,3.5,10.0,0.6998914427726274,0.8277989661295188,20,27,allocation 1:1 | doubled distance
1:1,True,0.7822869764936485,no TTL,50,8.5,5.0,3.5,0.7481894202951412,0.8160157540225789,7,17,allocation 1:1 | doubled distance
1:1,True,0.7822869764936485,no TTL,33,12.0,4.5,7.5,0.7030858572091379,0.8400762716305562,15,24,allocation 1:1 | doubled distance
1:1,True,0.7822869764936485,no TTL,40,8.0,3.5,4.5,0.6874280211801204,0.82520878916779,9,16,allocation 1:1 | doubled distance
1:1,True,0.7822869764936485,no TTL,45,8.5,1.5,7.0,0.680304790584531,0.846331179222256,14,17,allocation 1:1 | doubled distance
1:1,True,0.7822869764936485,no TTL,41,15.0,3.5,11.5,0.6872443926052524,0.8270688730346151,23,30,allocation 1:1 | doubled distance
1:1,True,0.7822869764936485,no TTL,32,13.0,4.0,9.0,0.6888421016308328,0.8238143335529022,18,26,allocation 1:1 | doubled distance
1:1,True,0.7822869764936485,no TTL,51,8.0,2.0,6.0,0.6724231101269135,0.8233603899386013,12,16,allocation 1:1 | doubled distance
1:1,True,0.7822869764936485,no TTL,61,16.5,7.5,9.0,0.7343291157046697,0.829388374273686,18,33,allocation 1:1 | doubled distance
1:1,True,0.7822869764936485,no TTL,44,9.0,2.5,6.5,0.6728190086935809,0.8285417027546487,13,18,allocation 1:1 | doubled distance
1:1,True,0.7822869764936485,no TTL,37,13.0,6.5,6.5,0.7139977114742366,0.826327016188629,13,26,allocation 1:1 | doubled distance
1:1,True,0.7822869764936485,no TTL,39,12.5,5.5,7.0,0.7144391453336499,0.8098749410333205,14,25,allocation 1:1 | doubled distance
1:1,True,0.7822869764936485,no TTL,53,11.5,2.5,9.0,0.6743335724158881,0.8301140618566845,18,23,allocation 1:1 | doubled distance
1:1,True,0.7822869764936485,no TTL,46,11.0,3.5,7.5,0.7213210362382265,0.8227163005273584,15,22,allocation 1:1 | doubled distance
1:1,True,0.7822869764936485,no TTL,48,15.0,5.0,10.0,0.6684569999840984,0.817778470487752,20,30,allocation 1:1 | doubled distance
1:1,True,0.7822869764936485,no TTL,36,12.0,3.5,8.5,0.6959136975916658,0.8255549630134681,17,24,allocation 1:1 | doubled distance
1:1,True,0.7822869764936485,no TTL,47,9.5,4.0,5.5,0.7174257412273883,0.8301845141949711,11,19,allocation 1:1 | doubled distance
1:1,True,0.7822869764936485,no TTL,52,11.5,5.0,6.5,0.6821777338466327,0.8309574179398537,13,23,allocation 1:1 | doubled distance
1:1,True,0.7822869764936485,no TTL,55,11.0,3.0,8.0,0.6745697724263819,0.814127505301177,16,22,allocation 1:1 | doubled distance
1:1,True,0.7822869764936485,no TTL,34,18.0,5.0,13.0,0.6969931627327975,0.8320741272820239,26,36,allocation 1:1 | doubled distance
1:1,True,0.7822869764936485,no TTL,38,15.0,5.5,9.5,0.7087841241657246,0.8235693992870992,19,30,allocation 1:1 | doubled distance
1:1,True,0.7822869764936485,no TTL,43,13.5,4.0,9.5,0.70463661188114,0.842552317832493,19,27,allocation 1:1 | doubled distance
1:1,True,0.7822869764936485,no TTL,42,16.0,7.5,8.5,0.7362094802615676,0.8343203281971187,17,32,allocation 1:1 | doubled distance
1:1,True,0.7822869764936485,no TTL,49,14.5,4.0,10.5,0.6870043122320663,0.8198362788316639,21,29,allocation 1:1 | doubled distance
1:1,True,0.7822869764936485,no TTL,58,9.0,2.0,7.0,0.6743880072288893,0.8304650102859685,14,18,allocation 1:1 | doubled distance
1:1,True,0.7822869764936485,no TTL,35,13.5,5.0,8.5,0.7289163567924322,0.8377075071967789,17,27,allocation 1:1 | doubled distance
1:1,True,0.7822869764936485,no TTL,56,9.0,2.5,6.5,0.6892025219242198,0.839334995484101,13,18,allocation 1:1 | doubled distance
1:1,True,0.7822869764936485,no TTL,54,17.0,6.0,11.0,0.6876188592093316,0.8239839020727341,22,34,allocation 1:1 | doubled distance
1:1,True,0.7822869764936485,no TTL,60,18.5,5.5,13.0,0.7189684616625028,0.8269690252048165,26,37,allocation 1:1 | doubled distance
1:1,True,0.7822869764936485,no TTL,59,12.5,5.0,7.5,0.6965441734286993,0.8111107264739362,15,25,allocation 1:1 | doubled distance
1:1,True,0.7822869764936485,no TTL,57,15.5,8.0,7.5,0.7335765150253345,0.8276778499227182,15,31,allocation 1:1 | doubled distance
1:1,True,0.7822869764936485,no TTL,62,10.0,4.5,5.5,0.7147409126164729,0.8254663375464466,11,20,allocation 1:1 | doubled distance
1:1,True,0.7822869764936485,no TTL,63,9.5,3.0,6.5,0.6938147738274502,0.8245870363301482,13,19,allocation 1:1 | doubled distance
1:1,True,0.7822869764936485,no TTL,70,15.5,5.5,10.0,0.7145674551571906,0.8218370528823848,20,31,allocation 1:1 | doubled distance
1:1,True,0.7822869764936485,no TTL,77,12.5,5.0,7.5,0.7259476854098812,0.827547172730504,15,25,allocation 1:1 | doubled distance
1:1,True,0.7822869764936485,no TTL,67,11.0,4.5,6.5,0.7104460516582108,0.8349845217012667,13,22,allocation 1:1 | doubled distance
1:1,True,0.7822869764936485,no TTL,66,13.5,4.0,9.5,0.7045923941664656,0.8316372753874713,19,27,allocation 1:1 | doubled distance
1:1,True,0.7822869764936485,no TTL,65,16.5,4.5,12.0,0.6895221030342594,0.8370177488716535,24,33,allocation 1:1 | doubled distance
1:1,True,0.7822869764936485,no TTL,75,12.5,6.5,6.0,0.6804859718585012,0.8282197355042389,12,25,allocation 1:1 | doubled distance
1:1,True,0.7822869764936485,no TTL,71,11.0,2.5,8.5,0.6846200645479963,0.8454039042607073,17,22,allocation 1:1 | doubled distance
1:1,True,0.7822869764936485,no TTL,68,13.0,4.0,9.0,0.6882535665946781,0.8238210435830362,18,26,allocation 1:1 | doubled distance
1:1,True,0.7822869764936485,no TTL,90,16.5,6.0,10.5,0.6875565538597269,0.8380023055341995,21,33,allocation 1:1 | doubled distance
1:1,True,0.7822869764936485,no TTL,79,7.5,2.0,5.5,0.7074466651109029,0.8277075676226993,11,15,allocation 1:1 | doubled distance
1:1,True,0.7822869764936485,no TTL,64,14.5,8.0,6.5,0.7471740124420961,0.8294756886771933,13,29,allocation 1:1 | doubled distance
1:1,True,0.7822869764936485,no TTL,69,9.5,4.0,5.5,0.7046391556817772,0.8211882347924959,11,19,allocation 1:1 | doubled distance
1:1,True,0.7822869764936485,no TTL,86,14.5,5.5,9.0,0.7143127515323625,0.8408305478374853,18,29,allocation 1:1 | doubled distance
1:1,True,0.7822869764936485,no TTL,73,11.5,5.5,6.0,0.7068930302293207,0.8173958912828806,12,23,allocation 1:1 | doubled distance
1:1,True,0.7822869764936485,no TTL,80,16.0,5.5,10.5,0.7159269108783964,0.8243711693781873,21,32,allocation 1:1 | doubled distance
1:1,True,0.7822869764936485,no TTL,72,15.0,5.0,10.0,0.7036846433569808,0.8386646278223375,20,30,allocation 1:1 | doubled distance
1:1,True,0.7822869764936485,no TTL,82,18.0,7.5,10.5,0.6945509851112589,0.8328442065090695,21,36,allocation 1:1 | doubled distance
1:1,True,0.7822869764936485,no TTL,85,14.0,4.5,9.5,0.6773031162661788,0.8370969135939008,19,28,allocation 1:1 | doubled distance
1:1,True,0.7822869764936485,no TTL,76,15.0,5.5,9.5,0.7008182218774341,0.8166284991214848,19,30,allocation 1:1 | doubled distance
1:1,True,0.7822869764936485,no TTL,83,10.5,3.5,7.0,0.6577833031727914,0.8263350691209239,14,21,allocation 1:1 | doubled distance
1:1,True,0.7822869764936485,no TTL,84,12.0,3.5,8.5,0.7074285120314953,0.8338874594634231,17,24,allocation 1:1 | doubled distance
1:1,True,0.7822869764936485,no TTL,74,17.0,5.5,11.5,0.7032968446358661,0.8270324092848758,23,34,allocation 1:1 | doubled distance
1:1,True,0.7822869764936485,no TTL,78,11.5,3.5,8.0,0.7005316587633581,0.8150859634845492,16,23,allocation 1:1 | doubled distance
1:1,True,0.7822869764936485,no TTL,81,13.0,6.0,7.0,0.7368497446141952,0.832330470765192,14,26,allocation 1:1 | doubled distance
1:1,True,0.7822869764936485,no TTL,87,13.0,6.0,7.0,0.7233684599659578,0.8200765572411226,14,26,allocation 1:1 | doubled distance
1:1,True,0.7822869764936485,no TTL,89,11.0,3.0,8.0,0.6814081344205118,0.8402879153902728,16,22,allocation 1:1 | doubled distance
1:1,True,0.7822869764936485,no TTL,88,13.5,6.0,7.5,0.7173675198384951,0.8270892654556627,15,27,allocation 1:1 | doubled distance
1:1,True,0.7822869764936485,no TTL,92,14.5,6.5,8.0,0.7086621358905645,0.8396224963885083,16,29,allocation 1:1 | doubled distance
1:1,True,0.7822869764936485,no TTL,91,13.5,6.0,7.5,0.71389092522328,0.819645946618675,15,27,allocation 1:1 | doubled distance
1:1,True,0.7822869764936485,no TTL,93,8.5,3.5,5.0,0.7040387245870486,0.8264822884132353,10,17,allocation 1:1 | doubled distance
1:1,True,0.7822869764936485,no TTL,94,13.0,3.5,9.5,0.6971916087460451,0.8284069309031162,19,26,allocation 1:1 | doubled distance
1:1,True,0.7822869764936485,no TTL,95,10.0,4.0,6.0,0.7191371736253547,0.8097657721199508,12,20,allocation 1:1 | doubled distance
1:1,True,0.7822869764936485,no TTL,97,13.5,3.5,10.0,0.7069567836373627,0.8081681177703521,20,27,allocation 1:1 | doubled distance
1:1,True,0.7822869764936485,no TTL,99,12.0,5.0,7.0,0.7197241179310396,0.833218510699893,14,24,allocation 1:1 | doubled distance
1:1,True,0.7822869764936485,no TTL,98,11.5,3.0,8.5,0.671331011276412,0.8133020618369582,17,23,allocation 1:1 | doubled distance
1:1,True,0.7822869764936485,no TTL,96,20.5,7.5,13.0,0.7062526799478291,0.8329593312497637,26,41,allocation 1:1 | doubled distance
1:1,True,0.7822869764936485,model TTL,2,17.0,17.0,0.0,0.8256668443670029,0.8256668443670029,0,34,allocation 1:1 | doubled distance
1:1,True,0.7822869764936485,model TTL,3,13.0,12.0,1.0,0.8273648197278844,0.8312579270494512,2,26,allocation 1:1 | doubled distance
1:1,True,0.7822869764936485,model TTL,1,13.5,13.0,0.5,0.8284710270067518,0.8302736562180199,1,27,allocation 1:1 | doubled distance
1:1,True,0.7822869764936485,model TTL,0,11.0,9.0,2.0,0.8183212340602312,0.8294674915030783,4,22,allocation 1:1 | doubled distance
1:1,True,0.7822869764936485,model TTL,9,13.5,12.0,1.5,0.8225154243969625,0.8293572278639953,3,27,allocation 1:1 | doubled distance
1:1,True,0.7822869764936485,model TTL,4,13.5,12.5,1.0,0.8258085703376795,0.8296504593255088,2,27,allocation 1:1 | doubled distance
1:1,True,0.7822869764936485,model TTL,11,6.0,5.0,1.0,0.8134628754700167,0.8203354630626312,2,12,allocation 1:1 | doubled distance
1:1,True,0.7822869764936485,model TTL,8,9.0,8.0,1.0,0.8203162772154695,0.8273766179026653,2,18,allocation 1:1 | doubled distance
1:1,True,0.7822869764936485,model TTL,7,10.5,9.0,1.5,0.8138056661401363,0.8197773963484991,3,21,allocation 1:1 | doubled distance
1:1,True,0.7822869764936485,model TTL,5,13.5,13.0,0.5,0.8214614052294141,0.8230510886098835,1,27,allocation 1:1 | doubled distance
1:1,True,0.7822869764936485,model TTL,15,11.0,10.0,1.0,0.8199816964168133,0.8249916784971667,2,22,allocation 1:1 | doubled distance
1:1,True,0.7822869764936485,model TTL,13,10.0,9.0,1.0,0.8168305700762312,0.8219871587564868,2,20,allocation 1:1 | doubled distance
1:1,True,0.7822869764936485,model TTL,10,9.5,9.5,0.0,0.8256391828405231,0.8256391828405231,0,19,allocation 1:1 | doubled distance
1:1,True,0.7822869764936485,model TTL,16,13.0,11.5,1.5,0.8209992369815683,0.8269318723258929,3,26,allocation 1:1 | doubled distance
1:1,True,0.7822869764936485,model TTL,17,12.5,11.0,1.5,0.8229279283543037,0.8292414048506972,3,25,allocation 1:1 | doubled distance
1:1,True,0.7822869764936485,model TTL,19,12.0,11.0,1.0,0.8238950466689432,0.8291207501680486,2,24,allocation 1:1 | doubled distance
1:1,True,0.7822869764936485,model TTL,12,12.0,11.5,0.5,0.8230448946517562,0.8252001325404021,1,24,allocation 1:1 | doubled distance
1:1,True,0.7822869764936485,model TTL,18,12.0,11.0,1.0,0.8240130444985034,0.8284996050766873,2,24,allocation 1:1 | doubled distance
1:1,True,0.7822869764936485,model TTL,6,8.5,8.0,0.5,0.8215391521388823,0.8240304966789518,1,17,allocation 1:1 | doubled distance
1:1,True,0.7822869764936485,model TTL,14,14.0,13.0,1.0,0.8214480159950276,0.8248874986489367,2,28,allocation 1:1 | doubled distance
1:1,True,0.7822869764936485,model TTL,20,10.5,9.5,1.0,0.8243232906425801,0.8307889537651293,2,21,allocation 1:1 | doubled distance
1:1,True,0.7822869764936485,model TTL,21,13.0,11.5,1.5,0.8128914273020008,0.8178402393601183,3,26,allocation 1:1 | doubled distance
1:1,True,0.7822869764936485,model TTL,22,14.5,12.5,2.0,0.8309971943936799,0.8392082279320487,4,29,allocation 1:1 | doubled distance
1:1,True,0.7822869764936485,model TTL,23,11.0,9.0,2.0,0.8196098821844823,0.8298453842815043,4,22,allocation 1:1 | doubled distance
1:1,True,0.7822869764936485,model TTL,24,13.0,12.0,1.0,0.8315472645411635,0.836377948173859,2,26,allocation 1:1 | doubled distance
1:1,True,0.7822869764936485,model TTL,25,11.0,10.0,1.0,0.8230047614344528,0.8276453902402575,2,22,allocation 1:1 | doubled distance
1:1,True,0.7822869764936485,model TTL,26,11.5,11.5,0.0,0.8230088824181426,0.8230088824181426,0,23,allocation 1:1 | doubled distance
1:1,True,0.7822869764936485,model TTL,27,10.5,9.0,1.5,0.8206288851177477,0.8287580428083563,3,21,allocation 1:1 | doubled distance
1:1,True,0.7822869764936485,model TTL,28,16.0,15.5,0.5,0.8231681740446728,0.8249082946990024,1,32,allocation 1:1 | doubled distance
1:1,True,0.7822869764936485,model TTL,46,11.5,10.5,1.0,0.8188043791166473,0.8231468556919458,2,23,allocation 1:1 | doubled distance
1:1,True,0.7822869764936485,model TTL,30,20.5,19.0,1.5,0.824541803049783,0.8286955224940337,3,41,allocation 1:1 | doubled distance
1:1,True,0.7822869764936485,model TTL,29,17.0,16.0,1.0,0.8289961032919912,0.8321580302583906,2,34,allocation 1:1 | doubled distance
1:1,True,0.7822869764936485,model TTL,31,12.5,10.5,2.0,0.8307984564614725,0.8419389800796195,4,25,allocation 1:1 | doubled distance
1:1,True,0.7822869764936485,model TTL,32,14.0,13.0,1.0,0.8189591499428027,0.8228661151510854,2,28,allocation 1:1 | doubled distance
1:1,True,0.7822869764936485,model TTL,33,4.5,4.0,0.5,0.8283452258014496,0.8346154825241023,1,9,allocation 1:1 | doubled distance
1:1,True,0.7822869764936485,model TTL,39,13.5,12.5,1.0,0.8180098806868847,0.8222703760069339,2,27,allocation 1:1 | doubled distance
1:1,True,0.7822869764936485,model TTL,36,9.5,8.5,1.0,0.8257609781866547,0.8317367424921351,2,19,allocation 1:1 | doubled distance
1:1,True,0.7822869764936485,model TTL,37,14.0,14.0,0.0,0.8317671092887238,0.8317671092887238,0,28,allocation 1:1 | doubled distance
1:1,True,0.7822869764936485,model TTL,34,10.0,8.5,1.5,0.8169769475451889,0.8259460071867618,3,20,allocation 1:1 | doubled distance
1:1,True,0.7822869764936485,model TTL,35,9.0,8.5,0.5,0.8278476058560064,0.8310820459407571,1,18,allocation 1:1 | doubled distance
1:1,True,0.7822869764936485,model TTL,38,12.5,12.0,0.5,0.824526195924578,0.8270162079055327,1,25,allocation 1:1 | doubled distance
1:1,True,0.7822869764936485,model TTL,45,8.0,6.0,2.0,0.8167318866707306,0.8311180328697688,4,16,allocation 1:1 | doubled distance
1:1,True,0.7822869764936485,model TTL,41,11.5,10.0,1.5,0.8176410266866521,0.8234459866628241,3,23,allocation 1:1 | doubled distance
1:1,True,0.7822869764936485,model TTL,40,8.5,8.0,0.5,0.8254469624582204,0.8289119467079582,1,17,allocation 1:1 | doubled distance
1:1,True,0.7822869764936485,model TTL,43,10.5,9.0,1.5,0.8211154450188379,0.830154785007165,3,21,allocation 1:1 | doubled distance
1:1,True,0.7822869764936485,model TTL,42,14.5,14.5,0.0,0.8291726198244018,0.8291726198244018,0,29,allocation 1:1 | doubled distance
1:1,True,0.7822869764936485,model TTL,47,10.0,9.0,1.0,0.8220496814629699,0.8270237369626882,2,20,allocation 1:1 | doubled distance
1:1,True,0.7822869764936485,model TTL,44,10.0,10.0,0.0,0.8226156725968831,0.8226156725968831,0,20,allocation 1:1 | doubled distance
1:1,True,0.7822869764936485,model TTL,50,11.5,9.0,2.5,0.8178255136264377,0.8293312687233513,5,23,allocation 1:1 | doubled distance
1:1,True,0.7822869764936485,model TTL,48,7.0,6.0,1.0,0.8243977617326701,0.8330763274322877,2,14,allocation 1:1 | doubled distance
1:1,True,0.7822869764936485,model TTL,51,9.5,9.0,0.5,0.8151222497498951,0.8170540449147431,1,19,allocation 1:1 | doubled distance
1:1,True,0.7822869764936485,model TTL,49,10.5,8.5,2.0,0.8175801952417445,0.8278111952631846,4,21,allocation 1:1 | doubled distance
1:1,True,0.7822869764936485,model TTL,53,10.0,9.0,1.0,0.824250287712365,0.829303382757029,2,20,allocation 1:1 | doubled distance
1:1,True,0.7822869764936485,model TTL,54,7.5,7.5,0.0,0.8297873122330675,0.8297873122330675,0,15,allocation 1:1 | doubled distance
1:1,True,0.7822869764936485,model TTL,52,11.0,9.5,1.5,0.8257276289081644,0.8335824436979112,3,22,allocation 1:1 | doubled distance
1:1,True,0.7822869764936485,model TTL,55,11.0,10.0,1.0,0.8261552957005323,0.8308469998421375,2,22,allocation 1:1 | doubled distance
1:1,True,0.7822869764936485,model TTL,56,12.5,10.0,2.5,0.8033692682345611,0.8113441323327651,5,25,allocation 1:1 | doubled distance
1:1,True,0.7822869764936485,model TTL,60,12.5,10.0,2.5,0.8129698772426956,0.821415893625906,5,25,allocation 1:1 | doubled distance
1:1,True,0.7822869764936485,model TTL,62,11.5,11.5,0.0,0.8129762581483175,0.8129762581483175,0,23,allocation 1:1 | doubled distance
1:1,True,0.7822869764936485,model TTL,59,15.5,13.5,2.0,0.8219377737256239,0.8281685490045071,4,31,allocation 1:1 | doubled distance
1:1,True,0.7822869764936485,model TTL,57,12.0,11.5,0.5,0.8282157451127656,0.830903800719954,1,24,allocation 1:1 | doubled distance
1:1,True,0.7822869764936485,model TTL,58,12.0,10.5,1.5,0.8227205100494149,0.8292893438327328,3,24,allocation 1:1 | doubled distance
1:1,True,0.7822869764936485,model TTL,61,16.0,15.0,1.0,0.8256725252407651,0.8287918712248787,2,32,allocation 1:1 | doubled distance
1:1,True,0.7822869764936485,model TTL,63,12.0,11.5,0.5,0.8319738690482141,0.8342854829239817,1,24,allocation 1:1 | doubled distance
1:1,True,0.7822869764936485,model TTL,64,14.5,13.5,1.0,0.8136094263181016,0.8165707460158727,2,29,allocation 1:1 | doubled distance
1:1,True,0.7822869764936485,model TTL,65,11.0,10.0,1.0,0.8338272770702263,0.8394453674450421,2,22,allocation 1:1 | doubled distance
1:1,True,0.7822869764936485,model TTL,69,11.0,8.5,2.5,0.8013351051778755,0.8103203022716039,5,22,allocation 1:1 | doubled distance
1:1,True,0.7822869764936485,model TTL,79,17.5,16.5,1.0,0.8364210386025566,0.839763441083008,2,35,allocation 1:1 | doubled distance
1:1,True,0.7822869764936485,model TTL,66,9.5,8.5,1.0,0.816539733432683,0.8209356476333404,2,19,allocation 1:1 | doubled distance
1:1,True,0.7822869764936485,model TTL,71,11.0,8.5,2.5,0.8154065400276668,0.8269899092734574,5,22,allocation 1:1 | doubled distance
1:1,True,0.7822869764936485,model TTL,70,8.0,7.5,0.5,0.8200592726192674,0.8226328930293246,1,16,allocation 1:1 | doubled distance
1:1,True,0.7822869764936485,model TTL,68,15.0,12.0,3.0,0.8136314846904025,0.8241125695279308,6,30,allocation 1:1 | doubled distance
1:1,True,0.7822869764936485,model TTL,67,9.5,8.5,1.0,0.8186050047680536,0.8245275308712359,2,19,allocation 1:1 | doubled distance
1:1,True,0.7822869764936485,model TTL,72,17.0,15.5,1.5,0.8197820731395893,0.8241810742765253,3,34,allocation 1:1 | doubled distance
1:1,True,0.7822869764936485,model TTL,73,11.5,11.0,0.5,0.824685078380822,0.8267937782980395,1,23,allocation 1:1 | doubled distance
1:1,True,0.7822869764936485,model TTL,78,11.0,9.0,2.0,0.8130894855676398,0.8225062727182673,4,22,allocation 1:1 | doubled distance
1:1,True,0.7822869764936485,model TTL,77,7.5,7.5,0.0,0.8303954855909119,0.8303954855909119,0,15,allocation 1:1 | doubled distance
1:1,True,0.7822869764936485,model TTL,75,13.0,10.5,2.5,0.8217993108165592,0.8348050714680069,5,26,allocation 1:1 | doubled distance
1:1,True,0.7822869764936485,model TTL,76,10.0,8.5,1.5,0.8170113158638228,0.8243512318850297,3,20,allocation 1:1 | doubled distance
1:1,True,0.7822869764936485,model TTL,74,14.0,13.5,0.5,0.8240211962122468,0.8266264834759164,1,28,allocation 1:1 | doubled distance
1:1,True,0.7822869764936485,model TTL,80,11.5,9.5,2.0,0.8083595319905218,0.8166386027930421,4,23,allocation 1:1 | doubled distance
1:1,True,0.7822869764936485,model TTL,81,10.0,8.0,2.0,0.8146604941607967,0.8241180170886558,4,20,allocation 1:1 | doubled distance
1:1,True,0.7822869764936485,model TTL,83,12.0,10.5,1.5,0.8205796278396467,0.8264421346767117,3,24,allocation 1:1 | doubled distance
1:1,True,0.7822869764936485,model TTL,84,11.0,9.5,1.5,0.8218024408553801,0.8295873480500067,3,22,allocation 1:1 | doubled distance
1:1,True,0.7822869764936485,model TTL,86,13.5,12.5,1.0,0.8301210315345453,0.8342067549635972,2,27,allocation 1:1 | doubled distance
1:1,True,0.7822869764936485,model TTL,82,12.0,12.0,0.0,0.8293320022609871,0.8293320022609871,0,24,allocation 1:1 | doubled distance
1:1,True,0.7822869764936485,model TTL,85,12.0,11.0,1.0,0.8266082764808868,0.830930523833581,2,24,allocation 1:1 | doubled distance
1:1,True,0.7822869764936485,model TTL,87,15.5,12.5,3.0,0.8216300573214799,0.834102090383657,6,31,allocation 1:1 | doubled distance
1:1,True,0.7822869764936485,model TTL,88,11.5,10.5,1.0,0.8309807801844493,0.8375830853782141,2,23,allocation 1:1 | doubled distance
1:1,True,0.7822869764936485,model TTL,90,8.0,7.5,0.5,0.8212693420565558,0.8243391765061747,1,16,allocation 1:1 | doubled distance
1:1,True,0.7822869764936485,model TTL,92,16.5,16.0,0.5,0.832109687997779,0.8339533562904553,1,33,allocation 1:1 | doubled distance
1:1,True,0.7822869764936485,model TTL,91,14.0,13.5,0.5,0.824330856777067,0.8262036170565981,1,28,allocation 1:1 | doubled distance
1:1,True,0.7822869764936485,model TTL,94,14.0,13.0,1.0,0.8253568156529838,0.829176695374144,2,28,allocation 1:1 | doubled distance
1:1,True,0.7822869764936485,model TTL,89,13.5,13.0,0.5,0.8277030879102176,0.8296372799824059,1,27,allocation 1:1 | doubled distance
1:1,True,0.7822869764936485,model TTL,93,14.0,13.0,1.0,0.825888467064828,0.8296912335506009,2,28,allocation 1:1 | doubled distance
1:1,True,0.7822869764936485,model TTL,95,15.5,13.5,2.0,0.8174919741241815,0.8249449100853092,4,31,allocation 1:1 | doubled distance
1:1,True,0.7822869764936485,model TTL,98,13.5,13.0,0.5,0.8288939724342191,0.8310394911150707,1,27,allocation 1:1 | doubled distance
1:1,True,0.7822869764936485,model TTL,99,12.5,11.0,1.5,0.8212915424406633,0.827260401125759,3,25,allocation 1:1 | doubled distance
1:1,True,0.7822869764936485,model TTL,96,12.0,12.0,0.0,0.8303052351005163,0.8303052351005163,0,24,allocation 1:1 | doubled distance
1:1,True,0.7822869764936485,model TTL,97,12.0,10.5,1.5,0.8283671301502386,0.8369391016897374,3,24,allocation 1:1 | doubled distance
1:1,True,0.8145739529872971,no TTL,11,15.5,4.0,11.5,0.7238734211595872,0.8413962384335614,23,31,allocation 1:1 | doubled distance
1:1,True,0.8145739529872971,no TTL,24,10.5,3.0,7.5,0.686646716363493,0.8391360448435294,15,21,allocation 1:1 | doubled distance
1:1,True,0.8145739529872971,no TTL,19,15.5,6.5,9.0,0.7016184978950295,0.8338068930138176,18,31,allocation 1:1 | doubled distance
1:1,True,0.8145739529872971,no TTL,14,13.0,1.0,12.0,0.6408119424217286,0.8577009460501689,24,26,allocation 1:1 | doubled distance
1:1,True,0.8145739529872971,no TTL,13,9.0,1.5,7.5,0.7127851980945352,0.8371353364650019,15,18,allocation 1:1 | doubled distance
1:1,True,0.8145739529872971,no TTL,0,13.0,3.5,9.5,0.7190474390679815,0.8369003205254619,19,26,allocation 1:1 | doubled distance
1:1,True,0.8145739529872971,no TTL,1,12.0,2.5,9.5,0.6857117806620273,0.8342184641723958,19,24,allocation 1:1 | doubled distance
1:1,True,0.8145739529872971,no TTL,9,13.0,3.0,10.0,0.7148513529162224,0.8410622292120087,20,26,allocation 1:1 | doubled distance
1:1,True,0.8145739529872971,no TTL,15,12.0,3.0,9.0,0.7329902598808169,0.8460317061047236,18,24,allocation 1:1 | doubled distance
1:1,True,0.8145739529872971,no TTL,17,17.5,4.5,13.0,0.6972466030336703,0.8389800201642592,26,35,allocation 1:1 | doubled distance
1:1,True,0.8145739529872971,no TTL,7,14.0,5.5,8.5,0.7266667914479781,0.8441307833045376,17,28,allocation 1:1 | doubled distance
1:1,True,0.8145739529872971,no TTL,21,9.0,2.5,6.5,0.7150691622259143,0.8304106947295495,13,18,allocation 1:1 | doubled distance
1:1,True,0.8145739529872971,no TTL,18,15.0,4.5,10.5,0.6922858783786168,0.8391133524976425,21,30,allocation 1:1 | doubled distance
1:1,True,0.8145739529872971,no TTL,20,14.0,3.0,11.0,0.6879634310394994,0.8384065993778804,22,28,allocation 1:1 | doubled distance
1:1,True,0.8145739529872971,no TTL,8,14.0,4.0,10.0,0.7146558986851065,0.8374677658912434,20,28,allocation 1:1 | doubled distance
1:1,True,0.8145739529872971,no TTL,16,9.5,2.0,7.5,0.7269525769571539,0.8458478001283268,15,19,allocation 1:1 | doubled distance
1:1,True,0.8145739529872971,no TTL,2,17.5,4.0,13.5,0.7297418780296343,0.840467917510667,27,35,allocation 1:1 | doubled distance
1:1,True,0.8145739529872971,no TTL,5,15.0,5.0,10.0,0.6964881349343868,0.8399957027021867,20,30,allocation 1:1 | doubled distance
1:1,True,0.8145739529872971,no TTL,4,17.5,3.0,14.5,0.6866640757132736,0.8328108876268367,29,35,allocation 1:1 | doubled distance
1:1,True,0.8145739529872971,no TTL,26,13.0,4.0,9.0,0.688208776278616,0.8393624321634724,18,26,allocation 1:1 | doubled distance
1:1,True,0.8145739529872971,no TTL,30,13.0,4.0,9.0,0.7153845331039999,0.8486746261395989,18,26,allocation 1:1 | doubled distance
1:1,True,0.8145739529872971,no TTL,6,14.0,4.5,9.5,0.7155056074157607,0.8321051003272905,19,28,allocation 1:1 | doubled distance
1:1,True,0.8145739529872971,no TTL,10,16.0,6.0,10.0,0.7121913469146381,0.8387497355277872,20,32,allocation 1:1 | doubled distance
1:1,True,0.8145739529872971,no TTL,3,9.5,2.5,7.0,0.6807455589302446,0.8391825298637865,14,19,allocation 1:1 | doubled distance
1:1,True,0.8145739529872971,no TTL,28,13.0,2.5,10.5,0.6731187023043264,0.8480831687237481,21,26,allocation 1:1 | doubled distance
1:1,True,0.8145739529872971,no TTL,25,15.5,4.0,11.5,0.7116515527782933,0.8452317434436938,23,31,allocation 1:1 | doubled distance
1:1,True,0.8145739529872971,no TTL,22,12.0,2.5,9.5,0.6986514613021325,0.8412318221384821,19,24,allocation 1:1 | doubled distance
1:1,True,0.8145739529872971,no TTL,12,10.5,2.0,8.5,0.6994166445049536,0.8445250328212478,17,21,allocation 1:1 | doubled distance
1:1,True,0.8145739529872971,no TTL,23,13.0,4.0,9.0,0.7282909533018429,0.8396437591306584,18,26,allocation 1:1 | doubled distance
1:1,True,0.8145739529872971,no TTL,29,17.0,4.5,12.5,0.7180476290379091,0.8470200452715558,25,34,allocation 1:1 | doubled distance
1:1,True,0.8145739529872971,no TTL,27,21.5,2.0,19.5,0.711933372365518,0.8427700523948594,39,43,allocation 1:1 | doubled distance
1:1,True,0.8145739529872971,no TTL,55,11.0,1.5,9.5,0.6745697724263819,0.837462439742905,19,22,allocation 1:1 | doubled distance
1:1,True,0.8145739529872971,no TTL,31,13.5,2.5,11.0,0.6998914427726274,0.8403878007026425,22,27,allocation 1:1 | doubled distance
1:1,True,0.8145739529872971,no TTL,33,12.0,4.0,8.0,0.7030858572091379,0.8448407962163814,16,24,allocation 1:1 | doubled distance
1:1,True,0.8145739529872971,no TTL,45,8.5,1.5,7.0,0.680304790584531,0.846331179222256,14,17,allocation 1:1 | doubled distance
1:1,True,0.8145739529872971,no TTL,40,8.0,2.5,5.5,0.6874280211801204,0.8328315722300096,11,16,allocation 1:1 | doubled distance
1:1,True,0.8145739529872971,no TTL,53,11.5,2.0,9.5,0.6743335724158881,0.8404600950244339,19,23,allocation 1:1 | doubled distance
1:1,True,0.8145739529872971,no TTL,51,8.0,1.5,6.5,0.6724231101269135,0.8277206680815097,13,16,allocation 1:1 | doubled distance
1:1,True,0.8145739529872971,no TTL,37,13.0,4.0,9.0,0.7139977114742366,0.8429599147791016,18,26,allocation 1:1 | doubled distance
1:1,True,0.8145739529872971,no TTL,41,15.0,2.0,13.0,0.6872443926052524,0.8482986523173515,26,30,allocation 1:1 | doubled distance
1:1,True,0.8145739529872971,no TTL,32,13.0,2.5,10.5,0.6888421016308328,0.8439403627231279,21,26,allocation 1:1 | doubled distance
1:1,True,0.8145739529872971,no TTL,39,12.5,2.0,10.5,0.7144391453336499,0.8313885302345326,21,25,allocation 1:1 | doubled distance
1:1,True,0.8145739529872971,no TTL,44,9.0,1.5,7.5,0.6728190086935809,0.8513489549667373,15,18,allocation 1:1 | doubled distance
1:1,True,0.8145739529872971,no TTL,36,12.0,2.0,10.0,0.6959136975916658,0.8398921845834213,20,24,allocation 1:1 | doubled distance
1:1,True,0.8145739529872971,no TTL,48,15.0,2.5,12.5,0.6684569999840984,0.8420575119471657,25,30,allocation 1:1 | doubled distance
1:1,True,0.8145739529872971,no TTL,34,18.0,4.0,14.0,0.6969931627327975,0.8403630335936411,28,36,allocation 1:1 | doubled distance
1:1,True,0.8145739529872971,no TTL,46,11.0,1.5,9.5,0.7213210362382265,0.8538784532392621,19,22,allocation 1:1 | doubled distance
1:1,True,0.8145739529872971,no TTL,47,9.5,2.5,7.0,0.7174257412273883,0.8456932045581453,14,19,allocation 1:1 | doubled distance
1:1,True,0.8145739529872971,no TTL,35,13.5,4.5,9.0,0.7289163567924322,0.84072915594889,18,27,allocation 1:1 | doubled distance
1:1,True,0.8145739529872971,no TTL,56,9.0,2.0,7.0,0.6892025219242198,0.8501246970359906,14,18,allocation 1:1 | doubled distance
1:1,True,0.8145739529872971,no TTL,52,11.5,4.0,7.5,0.6821777338466327,0.8396904461295154,15,23,allocation 1:1 | doubled distance
1:1,True,0.8145739529872971,no TTL,43,13.5,3.5,10.0,0.70463661188114,0.8497809138933948,20,27,allocation 1:1 | doubled distance
1:1,True,0.8145739529872971,no TTL,42,16.0,6.0,10.0,0.7362094802615676,0.8415900222960768,20,32,allocation 1:1 | doubled distance
1:1,True,0.8145739529872971,no TTL,49,14.5,2.5,12.0,0.6870043122320663,0.8327895970715246,24,29,allocation 1:1 | doubled distance
1:1,True,0.8145739529872971,no TTL,50,8.5,2.5,6.0,0.7481894202951412,0.8353596834723149,12,17,allocation 1:1 | doubled distance
1:1,True,0.8145739529872971,no TTL,58,9.0,1.5,7.5,0.6743880072288893,0.8451006581732925,15,18,allocation 1:1 | doubled distance
1:1,True,0.8145739529872971,no TTL,38,15.0,3.5,11.5,0.7087841241657246,0.8340748650545834,23,30,allocation 1:1 | doubled distance
1:1,True,0.8145739529872971,no TTL,59,12.5,2.5,10.0,0.6965441734286993,0.8273393596449028,20,25,allocation 1:1 | doubled distance
1:1,True,0.8145739529872971,no TTL,54,17.0,4.5,12.5,0.6876188592093316,0.8309912990766051,25,34,allocation 1:1 | doubled distance
1:1,True,0.8145739529872971,no TTL,60,18.5,3.5,15.0,0.7189684616625028,0.8399319172170356,30,37,allocation 1:1 | doubled distance
1:1,True,0.8145739529872971,no TTL,57,15.5,6.0,9.5,0.7335765150253345,0.8343657856641191,19,31,allocation 1:1 | doubled distance
1:1,True,0.8145739529872971,no TTL,61,16.5,5.5,11.0,0.7343291157046697,0.8389411798571192,22,33,allocation 1:1 | doubled distance
1:1,True,0.8145739529872971,no TTL,62,10.0,3.0,7.0,0.7147409126164729,0.8397452042077687,14,20,allocation 1:1 | doubled distance
1:1,True,0.8145739529872971,no TTL,67,11.0,4.0,7.0,0.7104460516582108,0.8412688609707535,14,22,allocation 1:1 | doubled distance
1:1,True,0.8145739529872971,no TTL,63,9.5,1.5,8.0,0.6938147738274502,0.8525528293350932,16,19,allocation 1:1 | doubled distance
1:1,True,0.8145739529872971,no TTL,66,13.5,3.0,10.5,0.7045923941664656,0.8414003741595026,21,27,allocation 1:1 | doubled distance
1:1,True,0.8145739529872971,no TTL,69,9.5,2.5,7.0,0.7046391556817772,0.8359418471473461,14,19,allocation 1:1 | doubled distance
1:1,True,0.8145739529872971,no TTL,70,15.5,2.5,13.0,0.7145674551571906,0.8428161972382066,26,31,allocation 1:1 | doubled distance
1:1,True,0.8145739529872971,no TTL,65,16.5,4.0,12.5,0.6895221030342594,0.8412947534310296,25,33,allocation 1:1 | doubled distance
1:1,True,0.8145739529872971,no TTL,75,12.5,3.5,9.0,0.6804859718585012,0.8502085024960203,18,25,allocation 1:1 | doubled distance
1:1,True,0.8145739529872971,no TTL,68,13.0,2.5,10.5,0.6882535665946781,0.8385727167338325,21,26,allocation 1:1 | doubled distance
1:1,True,0.8145739529872971,no TTL,79,7.5,1.0,6.5,0.7074466651109029,0.8580524743031563,13,15,allocation 1:1 | doubled distance
1:1,True,0.8145739529872971,no TTL,64,14.5,6.0,8.5,0.7471740124420961,0.8386638056123912,17,29,allocation 1:1 | doubled distance
1:1,True,0.8145739529872971,no TTL,80,16.0,4.5,11.5,0.7159269108783964,0.8308161489965383,23,32,allocation 1:1 | doubled distance
1:1,True,0.8145739529872971,no TTL,73,11.5,4.0,7.5,0.7068930302293207,0.82651136724429,15,23,allocation 1:1 | doubled distance
1:1,True,0.8145739529872971,no TTL,77,12.5,3.5,9.0,0.7259476854098812,0.8398212674045618,18,25,allocation 1:1 | doubled distance
1:1,True,0.8145739529872971,no TTL,72,15.0,4.5,10.5,0.7036846433569808,0.842547209487029,21,30,allocation 1:1 | doubled distance
1:1,True,0.8145739529872971,no TTL,71,11.0,2.5,8.5,0.6846200645479963,0.8454039042607073,17,22,allocation 1:1 | doubled distance
1:1,True,0.8145739529872971,no TTL,82,18.0,6.5,11.5,0.6945509851112589,0.8386641584585521,23,36,allocation 1:1 | doubled distance
1:1,True,0.8145739529872971,no TTL,93,8.5,3.0,5.5,0.7040387245870486,0.8297388182862386,11,17,allocation 1:1 | doubled distance
1:1,True,0.8145739529872971,no TTL,85,14.0,4.0,10.0,0.6773031162661788,0.8436453018499668,20,28,allocation 1:1 | doubled distance
1:1,True,0.8145739529872971,no TTL,76,15.0,3.0,12.0,0.7008182218774341,0.8347638345750855,24,30,allocation 1:1 | doubled distance
1:1,True,0.8145739529872971,no TTL,74,17.0,4.0,13.0,0.7032968446358661,0.840879201505631,26,34,allocation 1:1 | doubled distance
1:1,True,0.8145739529872971,no TTL,84,12.0,2.5,9.5,0.7074285120314953,0.8459761056529735,19,24,allocation 1:1 | doubled distance
1:1,True,0.8145739529872971,no TTL,83,10.5,2.0,8.5,0.6577833031727914,0.8475083403207333,17,21,allocation 1:1 | doubled distance
1:1,True,0.8145739529872971,no TTL,78,11.5,2.0,9.5,0.7005316587633581,0.8349315787283285,19,23,allocation 1:1 | doubled distance
1:1,True,0.8145739529872971,no TTL,81,13.0,5.0,8.0,0.7368497446141952,0.8411448191359512,16,26,allocation 1:1 | doubled distance
1:1,True,0.8145739529872971,no TTL,88,13.5,4.0,9.5,0.7173675198384951,0.8409328404292051,19,27,allocation 1:1 | doubled distance
1:1,True,0.8145739529872971,no TTL,86,14.5,5.5,9.0,0.7143127515323625,0.8408305478374853,18,29,allocation 1:1 | doubled distance
1:1,True,0.8145739529872971,no TTL,89,11.0,2.5,8.5,0.6814081344205118,0.8460098437981356,17,22,allocation 1:1 | doubled distance
1:1,True,0.8145739529872971,no TTL,87,13.0,3.0,10.0,0.7233684599659578,0.8423545172826193,20,26,allocation 1:1 | doubled distance
1:1,True,0.8145739529872971,no TTL,91,13.5,4.0,9.5,0.71389092522328,0.8323759354241265,19,27,allocation 1:1 | doubled distance
1:1,True,0.8145739529872971,no TTL,90,16.5,5.0,11.5,0.6875565538597269,0.8463018961088142,23,33,allocation 1:1 | doubled distance
1:1,True,0.8145739529872971,no TTL,92,14.5,5.5,9.0,0.7086621358905645,0.8480379931329094,18,29,allocation 1:1 | doubled distance
1:1,True,0.8145739529872971,no TTL,94,13.0,2.5,10.5,0.6971916087460451,0.8384335514037469,21,26,allocation 1:1 | doubled distance
1:1,True,0.8145739529872971,no TTL,99,12.0,4.5,7.5,0.7197241179310396,0.8363679673902852,15,24,allocation 1:1 | doubled distance
1:1,True,0.8145739529872971,no TTL,97,13.5,1.0,12.5,0.7069567836373627,0.8473104526836879,25,27,allocation 1:1 | doubled distance
1:1,True,0.8145739529872971,no TTL,95,10.0,1.5,8.5,0.7191371736253547,0.8285651527693738,17,20,allocation 1:1 | doubled distance
1:1,True,0.8145739529872971,no TTL,98,11.5,1.5,10.0,0.671331011276412,0.8386249745025193,20,23,allocation 1:1 | doubled distance
1:1,True,0.8145739529872971,no TTL,96,20.5,6.0,14.5,0.7062526799478291,0.8414100765624539,29,41,allocation 1:1 | doubled distance
1:1,True,0.8145739529872971,model TTL,17,9.5,8.0,1.5,0.8361312285744832,0.8411921617283626,3,19,allocation 1:1 | doubled distance
1:1,True,0.8145739529872971,model TTL,0,11.5,11.0,0.5,0.8383007753028388,0.83939749757959,1,23,allocation 1:1 | doubled distance
1:1,True,0.8145739529872971,model TTL,4,10.5,9.5,1.0,0.837651179610478,0.8405613370878665,2,21,allocation 1:1 | doubled distance
1:1,True,0.8145739529872971,model TTL,1,9.5,9.5,0.0,0.8428684345521322,0.8428684345521322,0,19,allocation 1:1 | doubled distance
1:1,True,0.8145739529872971,model TTL,2,13.0,12.0,1.0,0.8360233430985038,0.8379341852475106,2,26,allocation 1:1 | doubled distance
1:1,True,0.8145739529872971,model TTL,8,9.0,8.0,1.0,0.8351789959998915,0.8389532139746021,2,18,allocation 1:1 | doubled distance
1:1,True,0.8145739529872971,model TTL,3,11.5,11.5,0.0,0.8385560499905543,0.8385560499905543,0,23,allocation 1:1 | doubled distance
1:1,True,0.8145739529872971,model TTL,11,8.0,8.0,0.0,0.8340385388873189,0.8340385388873189,0,16,allocation 1:1 | doubled distance
1:1,True,0.8145739529872971,model TTL,5,14.5,13.0,1.5,0.8358728325652001,0.838847292537351,3,29,allocation 1:1 | doubled distance
1:1,True,0.8145739529872971,model TTL,9,12.5,11.5,1.0,0.840823684425691,0.843237788941197,2,25,allocation 1:1 | doubled distance
1:1,True,0.8145739529872971,model TTL,6,8.0,6.0,2.0,0.8373477115950048,0.8469888890036703,4,16,allocation 1:1 | doubled distance
1:1,True,0.8145739529872971,model TTL,13,9.5,8.5,1.0,0.8338999390181963,0.8372255768295206,2,19,allocation 1:1 | doubled distance
1:1,True,0.8145739529872971,model TTL,7,9.5,8.5,1.0,0.8364510334344427,0.840485031373218,2,19,allocation 1:1 | doubled distance
1:1,True,0.8145739529872971,model TTL,12,12.5,10.5,2.0,0.8333201572779152,0.8387396677295478,4,25,allocation 1:1 | doubled distance
1:1,True,0.8145739529872971,model TTL,15,7.5,7.5,0.0,0.8397676322784832,0.8397676322784832,0,15,allocation 1:1 | doubled distance
1:1,True,0.8145739529872971,model TTL,14,9.5,8.5,1.0,0.8363385948351739,0.839068211846324,2,19,allocation 1:1 | doubled distance
1:1,True,0.8145739529872971,model TTL,16,11.0,10.5,0.5,0.8378020695913183,0.8390085377863118,1,22,allocation 1:1 | doubled distance
1:1,True,0.8145739529872971,model TTL,18,11.0,10.0,1.0,0.8401784165293579,0.8431542000004075,2,22,allocation 1:1 | doubled distance
1:1,True,0.8145739529872971,model TTL,20,8.5,8.5,0.0,0.833957570261908,0.833957570261908,0,17,allocation 1:1 | doubled distance
1:1,True,0.8145739529872971,model TTL,10,7.5,7.0,0.5,0.8428119951093083,0.8453698331396421,1,15,allocation 1:1 | doubled distance
1:1,True,0.8145739529872971,model TTL,19,14.0,11.5,2.5,0.8351624442716802,0.8408008606517895,5,28,allocation 1:1 | doubled distance
1:1,True,0.8145739529872971,model TTL,23,9.0,8.5,0.5,0.8392856625709021,0.8410055671622694,1,18,allocation 1:1 | doubled distance
1:1,True,0.8145739529872971,model TTL,22,13.0,11.5,1.5,0.8339077839267552,0.8376796308844163,3,26,allocation 1:1 | doubled distance
1:1,True,0.8145739529872971,model TTL,25,10.0,8.5,1.5,0.8340739018615606,0.8384738276924062,3,20,allocation 1:1 | doubled distance
1:1,True,0.8145739529872971,model TTL,21,8.5,6.5,2.0,0.8365113250347727,0.8444419635278864,4,17,allocation 1:1 | doubled distance
1:1,True,0.8145739529872971,model TTL,24,13.0,12.0,1.0,0.838088898816754,0.8407423559093956,2,26,allocation 1:1 | doubled distance
1:1,True,0.8145739529872971,model TTL,31,12.5,12.5,0.0,0.8403053136905373,0.8403053136905373,0,25,allocation 1:1 | doubled distance
1:1,True,0.8145739529872971,model TTL,26,8.0,7.0,1.0,0.8347046020754576,0.8378419545023637,2,16,allocation 1:1 | doubled distance
1:1,True,0.8145739529872971,model TTL,27,10.0,8.5,1.5,0.8291615336165553,0.8341770560470295,3,20,allocation 1:1 | doubled distance
1:1,True,0.8145739529872971,model TTL,29,16.0,14.5,1.5,0.8403780505350723,0.8444650973573424,3,32,allocation 1:1 | doubled distance
1:1,True,0.8145739529872971,model TTL,30,11.0,9.5,1.5,0.8329880601508036,0.8377857884710114,3,22,allocation 1:1 | doubled distance
1:1,True,0.8145739529872971,model TTL,28,16.0,14.0,2.0,0.8343420356419773,0.8384958393426438,4,32,allocation 1:1 | doubled distance
1:1,True,0.8145739529872971,model TTL,32,13.0,12.5,0.5,0.843179369568493,0.8446162190527146,1,26,allocation 1:1 | doubled distance
1:1,True,0.8145739529872971,model TTL,36,10.0,9.0,1.0,0.8352425955639984,0.8390787924022731,2,20,allocation 1:1 | doubled distance
1:1,True,0.8145739529872971,model TTL,34,7.0,6.0,1.0,0.8413927668529122,0.8474539943955529,2,14,allocation 1:1 | doubled distance
1:1,True,0.8145739529872971,model TTL,35,9.5,9.0,0.5,0.8371766576537198,0.839399294453099,1,19,allocation 1:1 | doubled distance
1:1,True,0.8145739529872971,model TTL,37,14.5,12.0,2.5,0.8338344719636595,0.8395276117580306,5,29,allocation 1:1 | doubled distance
1:1,True,0.8145739529872971,model TTL,33,8.5,8.0,0.5,0.8393546426452388,0.840963057177852,1,17,allocation 1:1 | doubled distance
1:1,True,0.8145739529872971,model TTL,41,9.5,9.0,0.5,0.837444507045535,0.8387668658501688,1,19,allocation 1:1 | doubled distance
1:1,True,0.8145739529872971,model TTL,38,12.5,9.5,3.0,0.8335258191259077,0.8409671926841531,6,25,allocation 1:1 | doubled distance
1:1,True,0.8145739529872971,model TTL,39,10.5,9.0,1.5,0.8371350638486721,0.8418977594878726,3,21,allocation 1:1 | doubled distance
1:1,True,0.8145739529872971,model TTL,57,9.5,8.0,1.5,0.8392539015502868,0.8449746553771288,3,19,allocation 1:1 | doubled distance
1:1,True,0.8145739529872971,model TTL,45,8.0,6.0,2.0,0.8334625372072918,0.8428988758642554,4,16,allocation 1:1 | doubled distance
1:1,True,0.8145739529872971,model TTL,42,10.0,9.0,1.0,0.8349132794816092,0.8382399876919022,2,20,allocation 1:1 | doubled distance
1:1,True,0.8145739529872971,model TTL,43,11.5,10.5,1.0,0.8398631330263583,0.8430444362951608,2,23,allocation 1:1 | doubled distance
1:1,True,0.8145739529872971,model TTL,40,8.0,7.5,0.5,0.8355189302637672,0.8370040292349487,1,16,allocation 1:1 | doubled distance
1:1,True,0.8145739529872971,model TTL,47,10.0,9.0,1.0,0.8388777675930903,0.842631962758731,2,20,allocation 1:1 | doubled distance
1:1,True,0.8145739529872971,model TTL,44,11.0,11.0,0.0,0.8387975159979236,0.8387975159979236,0,22,allocation 1:1 | doubled distance
1:1,True,0.8145739529872971,model TTL,48,10.5,10.0,0.5,0.844069478455548,0.8456179747620262,1,21,allocation 1:1 | doubled distance
1:1,True,0.8145739529872971,model TTL,49,7.5,6.5,1.0,0.8374174144708473,0.8424085236791857,2,15,allocation 1:1 | doubled distance
1:1,True,0.8145739529872971,model TTL,50,9.0,8.5,0.5,0.8380828338431249,0.8395026695585759,1,18,allocation 1:1 | doubled distance
1:1,True,0.8145739529872971,model TTL,46,9.0,8.5,0.5,0.8353672844381632,0.8367099792752202,1,18,allocation 1:1 | doubled distance
1:1,True,0.8145739529872971,model TTL,51,8.0,7.0,1.0,0.835496773114417,0.8396483644458779,2,16,allocation 1:1 | doubled distance
1:1,True,0.8145739529872971,model TTL,52,7.5,6.5,1.0,0.829696146851306,0.8325185313746999,2,15,allocation 1:1 | doubled distance
1:1,True,0.8145739529872971,model TTL,53,8.5,6.5,2.0,0.8339832264568023,0.8426397248638549,4,17,allocation 1:1 | doubled distance
1:1,True,0.8145739529872971,model TTL,54,13.0,11.5,1.5,0.8340658468958015,0.8370577072638605,3,26,allocation 1:1 | doubled distance
1:1,True,0.8145739529872971,model TTL,56,10.5,8.0,2.5,0.833255097192411,0.8419632338672305,5,21,allocation 1:1 | doubled distance
1:1,True,0.8145739529872971,model TTL,55,8.0,7.0,1.0,0.8335113766901979,0.8367367144504186,2,16,allocation 1:1 | doubled distance
1:1,True,0.8145739529872971,model TTL,72,10.5,9.5,1.0,0.838142133329778,0.842145402693508,2,21,allocation 1:1 | doubled distance
1:1,True,0.8145739529872971,model TTL,58,10.0,9.0,1.0,0.8348264198844313,0.8374770418122477,2,20,allocation 1:1 | doubled distance
1:1,True,0.8145739529872971,model TTL,59,11.5,11.5,0.0,0.8378498955893691,0.8378498955893691,0,23,allocation 1:1 | doubled distance
1:1,True,0.8145739529872971,model TTL,61,14.5,13.5,1.0,0.835639179259929,0.8381405093289603,2,29,allocation 1:1 | doubled distance
1:1,True,0.8145739529872971,model TTL,60,9.5,9.0,0.5,0.8381208285894088,0.839708257295468,1,19,allocation 1:1 | doubled distance
1:1,True,0.8145739529872971,model TTL,62,8.5,8.0,0.5,0.8390455176934493,0.84105883282034,1,17,allocation 1:1 | doubled distance
1:1,True,0.8145739529872971,model TTL,63,9.0,8.5,0.5,0.834351362982008,0.8356388851161703,1,18,allocation 1:1 | doubled distance
1:1,True,0.8145739529872971,model TTL,65,7.0,7.0,0.0,0.8442363507412458,0.8442363507412458,0,14,allocation 1:1 | doubled distance
1:1,True,0.8145739529872971,model TTL,70,8.0,7.5,0.5,0.8397619629033211,0.8422352970522083,1,16,allocation 1:1 | doubled distance
1:1,True,0.8145739529872971,model TTL,66,9.0,7.5,1.5,0.8362834094459817,0.8418938946305028,3,18,allocation 1:1 | doubled distance
1:1,True,0.8145739529872971,model TTL,68,10.5,10.0,0.5,0.8329510576182192,0.834063858502808,1,21,allocation 1:1 | doubled distance
1:1,True,0.8145739529872971,model TTL,67,9.0,6.5,2.5,0.8316303315447573,0.8398477768094355,5,18,allocation 1:1 | doubled distance
1:1,True,0.8145739529872971,model TTL,64,10.5,8.5,2.0,0.8359042385625867,0.8416404629447072,4,21,allocation 1:1 | doubled distance
1:1,True,0.8145739529872971,model TTL,76,11.5,10.5,1.0,0.8318435994729372,0.834051051934852,2,23,allocation 1:1 | doubled distance
1:1,True,0.8145739529872971,model TTL,74,9.5,9.0,0.5,0.8336386999763143,0.8357784877946697,1,19,allocation 1:1 | doubled distance
1:1,True,0.8145739529872971,model TTL,73,8.5,7.5,1.0,0.8380880911270112,0.8432456362377594,2,17,allocation 1:1 | doubled distance
1:1,True,0.8145739529872971,model TTL,69,11.0,10.0,1.0,0.835696925382635,0.8385649446745321,2,22,allocation 1:1 | doubled distance
1:1,True,0.8145739529872971,model TTL,71,12.0,9.5,2.5,0.8349938297613458,0.8439948834622639,5,24,allocation 1:1 | doubled distance
1:1,True,0.8145739529872971,model TTL,75,9.0,8.5,0.5,0.842272746212244,0.8443327708845851,1,18,allocation 1:1 | doubled distance
1:1,True,0.8145739529872971,model TTL,80,8.0,6.5,1.5,0.8304675054255928,0.8362334440177237,3,16,allocation 1:1 | doubled distance
1:1,True,0.8145739529872971,model TTL,77,9.0,8.0,1.0,0.8360960772528098,0.840026774251874,2,18,allocation 1:1 | doubled distance
1:1,True,0.8145739529872971,model TTL,82,8.5,7.0,1.5,0.8348225282590817,0.8417550225272425,3,17,allocation 1:1 | doubled distance
1:1,True,0.8145739529872971,model TTL,79,15.5,13.5,2.0,0.8331959399993055,0.8370659682523742,4,31,allocation 1:1 | doubled distance
1:1,True,0.8145739529872971,model TTL,81,10.0,9.0,1.0,0.8404702926409124,0.8443106157905325,2,20,allocation 1:1 | doubled distance
1:1,True,0.8145739529872971,model TTL,78,7.0,6.0,1.0,0.8330361789423587,0.8373653010337295,2,14,allocation 1:1 | doubled distance
1:1,True,0.8145739529872971,model TTL,83,9.5,8.5,1.0,0.8393638706161819,0.8430825135774642,2,19,allocation 1:1 | doubled distance
1:1,True,0.8145739529872971,model TTL,84,11.5,11.0,0.5,0.8395708323062042,0.8413799762718248,1,23,allocation 1:1 | doubled distance
1:1,True,0.8145739529872971,model TTL,86,8.0,8.0,0.0,0.8434843295615079,0.8434843295615079,0,16,allocation 1:1 | doubled distance
1:1,True,0.8145739529872971,model TTL,85,8.5,6.0,2.5,0.8349098370498809,0.8455137706808494,5,17,allocation 1:1 | doubled distance
1:1,True,0.8145739529872971,model TTL,87,13.5,11.5,2.0,0.8380137743912429,0.8438739989327165,4,27,allocation 1:1 | doubled distance
1:1,True,0.8145739529872971,model TTL,88,12.5,11.0,1.5,0.8372159051289657,0.8417848192194535,3,25,allocation 1:1 | doubled distance
1:1,True,0.8145739529872971,model TTL,92,10.5,9.0,1.5,0.8410941040747331,0.8461258051187737,3,21,allocation 1:1 | doubled distance
1:1,True,0.8145739529872971,model TTL,90,6.5,5.5,1.0,0.8292232083075911,0.8329681902566329,2,13,allocation 1:1 | doubled distance
1:1,True,0.8145739529872971,model TTL,89,13.0,11.5,1.5,0.8350886306204476,0.83851884813507,3,26,allocation 1:1 | doubled distance
1:1,True,0.8145739529872971,model TTL,91,13.5,12.5,1.0,0.8415269685984487,0.8445737300083264,2,27,allocation 1:1 | doubled distance
1:1,True,0.8145739529872971,model TTL,93,15.0,12.5,2.5,0.8324293382387288,0.8380420262294634,5,30,allocation 1:1 | doubled distance
1:1,True,0.8145739529872971,model TTL,94,8.5,8.5,0.0,0.8429068382250997,0.8429068382250997,0,17,allocation 1:1 | doubled distance
1:1,True,0.8145739529872971,model TTL,96,13.5,12.0,1.5,0.8348690407657038,0.8379480946704251,3,27,allocation 1:1 | doubled distance
1:1,True,0.8145739529872971,model TTL,95,10.5,9.0,1.5,0.8338215178774041,0.8383796470599255,3,21,allocation 1:1 | doubled distance
1:1,True,0.8145739529872971,model TTL,99,10.5,9.0,1.5,0.8327760733554994,0.8371347962037151,3,21,allocation 1:1 | doubled distance
1:1,True,0.8145739529872971,model TTL,97,9.5,8.5,1.0,0.8416830448178072,0.8460423547506839,2,19,allocation 1:1 | doubled distance
1:1,True,0.8145739529872971,model TTL,98,10.0,9.0,1.0,0.835099333656491,0.8381132772402712,2,20,allocation 1:1 | doubled distance
1:1,True,0.8468609294809456,no TTL,30,13.0,2.5,10.5,0.7153845331039999,0.8531063893713793,21,26,allocation 1:1 | doubled distance
1:1,True,0.8468609294809456,no TTL,23,13.0,2.0,11.0,0.7282909533018429,0.8577390800543524,22,26,allocation 1:1 | doubled distance
1:1,True,0.8468609294809456,no TTL,24,10.5,1.5,9.0,0.686646716363493,0.8530199926187614,18,21,allocation 1:1 | doubled distance
1:1,True,0.8468609294809456,no TTL,14,13.0,1.0,12.0,0.6408119424217286,0.8577009460501689,24,26,allocation 1:1 | doubled distance
1:1,True,0.8468609294809456,no TTL,19,15.5,1.5,14.0,0.7016184978950295,0.8555039809533317,28,31,allocation 1:1 | doubled distance
1:1,True,0.8468609294809456,no TTL,21,9.0,0.0,9.0,0.7150691622259143,,18,18,allocation 1:1 | doubled distance
1:1,True,0.8468609294809456,no TTL,4,17.5,0.0,17.5,0.6866640757132736,,35,35,allocation 1:1 | doubled distance
1:1,True,0.8468609294809456,no TTL,18,15.0,2.0,13.0,0.6922858783786168,0.8559458625097232,26,30,allocation 1:1 | doubled distance
1:1,True,0.8468609294809456,no TTL,9,13.0,1.5,11.5,0.7148513529162224,0.8564165689378462,23,26,allocation 1:1 | doubled distance
1:1,True,0.8468609294809456,no TTL,7,14.0,3.0,11.0,0.7266667914479781,0.851105856988934,22,28,allocation 1:1 | doubled distance
1:1,True,0.8468609294809456,no TTL,0,13.0,0.5,12.5,0.7190474390679815,0.8581364027198449,25,26,allocation 1:1 | doubled distance
1:1,True,0.8468609294809456,no TTL,20,14.0,0.5,13.5,0.6879634310394994,0.8536417010666373,27,28,allocation 1:1 | doubled distance
1:1,True,0.8468609294809456,no TTL,17,17.5,1.5,16.0,0.6972466030336703,0.8598701636367113,32,35,allocation 1:1 | doubled distance
1:1,True,0.8468609294809456,no TTL,15,12.0,1.5,10.5,0.7329902598808169,0.8567095205637745,21,24,allocation 1:1 | doubled distance
1:1,True,0.8468609294809456,no TTL,16,9.5,1.0,8.5,0.7269525769571539,0.8513667788701795,17,19,allocation 1:1 | doubled distance
1:1,True,0.8468609294809456,no TTL,6,14.0,0.5,13.5,0.7155056074157607,0.8624582118004072,27,28,allocation 1:1 | doubled distance
1:1,True,0.8468609294809456,no TTL,26,13.0,2.0,11.0,0.688208776278616,0.8531652755379721,22,26,allocation 1:1 | doubled distance
1:1,True,0.8468609294809456,no TTL,22,12.0,1.0,11.0,0.6986514613021325,0.8533997078477864,22,24,allocation 1:1 | doubled distance
1:1,True,0.8468609294809456,no TTL,8,14.0,1.0,13.0,0.7146558986851065,0.851805657457497,26,28,allocation 1:1 | doubled distance
1:1,True,0.8468609294809456,no TTL,2,17.5,1.5,16.0,0.7297418780296343,0.8545868627466634,32,35,allocation 1:1 | doubled distance
1:1,True,0.8468609294809456,no TTL,1,12.0,1.0,11.0,0.6857117806620273,0.8560384607941187,22,24,allocation 1:1 | doubled distance
1:1,True,0.8468609294809456,no TTL,28,13.0,1.5,11.5,0.6731187023043264,0.8554550872624095,23,26,allocation 1:1 | doubled distance
1:1,True,0.8468609294809456,no TTL,13,9.0,0.5,8.5,0.7127851980945352,0.849325583947831,17,18,allocation 1:1 | doubled distance
1:1,True,0.8468609294809456,no TTL,5,15.0,1.5,13.5,0.6964881349343868,0.8560191526836235,27,30,allocation 1:1 | doubled distance
1:1,True,0.8468609294809456,no TTL,10,16.0,2.5,13.5,0.7121913469146381,0.8554999544873396,27,32,allocation 1:1 | doubled distance
1:1,True,0.8468609294809456,no TTL,25,15.5,1.5,14.0,0.7116515527782933,0.8554446534730251,28,31,allocation 1:1 | doubled distance
1:1,True,0.8468609294809456,no TTL,12,10.5,1.0,9.5,0.6994166445049536,0.8590850069956358,19,21,allocation 1:1 | doubled distance
1:1,True,0.8468609294809456,no TTL,11,15.5,2.0,13.5,0.7238734211595872,0.8524319912627146,27,31,allocation 1:1 | doubled distance
1:1,True,0.8468609294809456,no TTL,3,9.5,0.5,9.0,0.6807455589302446,0.8517010099946155,18,19,allocation 1:1 | doubled distance
1:1,True,0.8468609294809456,no TTL,29,17.0,2.5,14.5,0.7180476290379091,0.8583393173563559,29,34,allocation 1:1 | doubled distance
1:1,True,0.8468609294809456,no TTL,27,21.5,1.0,20.5,0.711933372365518,0.8569604166949315,41,43,allocation 1:1 | doubled distance
1:1,True,0.8468609294809456,no TTL,31,13.5,1.0,12.5,0.6998914427726274,0.8574321898789945,25,27,allocation 1:1 | doubled distance
1:1,True,0.8468609294809456,no TTL,32,13.0,1.0,12.0,0.6888421016308328,0.8544349131248683,24,26,allocation 1:1 | doubled distance
1:1,True,0.8468609294809456,no TTL,33,12.0,1.5,10.5,0.7030858572091379,0.8585287388976244,21,24,allocation 1:1 | doubled distance
1:1,True,0.8468609294809456,no TTL,40,8.0,0.5,7.5,0.6874280211801204,0.8594209029093702,15,16,allocation 1:1 | doubled distance
1:1,True,0.8468609294809456,no TTL,45,8.5,1.0,7.5,0.680304790584531,0.847269016204689,15,17,allocation 1:1 | doubled distance
1:1,True,0.8468609294809456,no TTL,51,8.0,0.0,8.0,0.6724231101269135,,16,16,allocation 1:1 | doubled distance
1:1,True,0.8468609294809456,no TTL,41,15.0,1.0,14.0,0.6872443926052524,0.8558100346611444,28,30,allocation 1:1 | doubled distance
1:1,True,0.8468609294809456,no TTL,44,9.0,0.5,8.5,0.6728190086935809,0.8610221917152165,17,18,allocation 1:1 | doubled distance
1:1,True,0.8468609294809456,no TTL,37,13.0,1.5,11.5,0.7139977114742366,0.855733715093985,23,26,allocation 1:1 | doubled distance
1:1,True,0.8468609294809456,no TTL,39,12.5,0.5,12.0,0.7144391453336499,0.8548936575732579,24,25,allocation 1:1 | doubled distance
1:1,True,0.8468609294809456,no TTL,48,15.0,1.0,14.0,0.6684569999840984,0.8545967363638094,28,30,allocation 1:1 | doubled distance
1:1,True,0.8468609294809456,no TTL,55,11.0,0.5,10.5,0.6745697724263819,0.8536417010666373,21,22,allocation 1:1 | doubled distance
1:1,True,0.8468609294809456,no TTL,56,9.0,1.5,7.5,0.6892025219242198,0.8551665349662803,15,18,allocation 1:1 | doubled distance
1:1,True,0.8468609294809456,no TTL,34,18.0,1.0,17.0,0.6969931627327975,0.8558854246593864,34,36,allocation 1:1 | doubled distance
1:1,True,0.8468609294809456,no TTL,52,11.5,1.5,10.0,0.6821777338466327,0.8542284501078229,20,23,allocation 1:1 | doubled distance
1:1,True,0.8468609294809456,no TTL,36,12.0,0.5,11.5,0.6959136975916658,0.8572237662639068,23,24,allocation 1:1 | doubled distance
1:1,True,0.8468609294809456,no TTL,46,11.0,1.5,9.5,0.7213210362382265,0.8538784532392621,19,22,allocation 1:1 | doubled distance
1:1,True,0.8468609294809456,no TTL,47,9.5,1.5,8.0,0.7174257412273883,0.8576634627644072,16,19,allocation 1:1 | doubled distance
1:1,True,0.8468609294809456,no TTL,35,13.5,2.0,11.5,0.7289163567924322,0.8563502232709513,23,27,allocation 1:1 | doubled distance
1:1,True,0.8468609294809456,no TTL,43,13.5,2.0,11.5,0.70463661188114,0.8584556632131517,23,27,allocation 1:1 | doubled distance
1:1,True,0.8468609294809456,no TTL,38,15.0,0.0,15.0,0.7087841241657246,,30,30,allocation 1:1 | doubled distance
1:1,True,0.8468609294809456,no TTL,42,16.0,2.5,13.5,0.7362094802615676,0.8572124528013149,27,32,allocation 1:1 | doubled distance
1:1,True,0.8468609294809456,no TTL,49,14.5,0.5,14.0,0.6870043122320663,0.8523922461790278,28,29,allocation 1:1 | doubled distance
1:1,True,0.8468609294809456,no TTL,53,11.5,0.5,11.0,0.6743335724158881,0.8544982124160992,22,23,allocation 1:1 | doubled distance
1:1,True,0.8468609294809456,no TTL,50,8.5,1.0,7.5,0.7481894202951412,0.8493566942991075,15,17,allocation 1:1 | doubled distance
1:1,True,0.8468609294809456,no TTL,58,9.0,1.0,8.0,0.6743880072288893,0.8513732277219823,16,18,allocation 1:1 | doubled distance
1:1,True,0.8468609294809456,no TTL,54,17.0,0.5,16.5,0.6876188592093316,0.862713894883638,33,34,allocation 1:1 | doubled distance
1:1,True,0.8468609294809456,no TTL,60,18.5,2.0,16.5,0.7189684616625028,0.8505783569446098,33,37,allocation 1:1 | doubled distance
1:1,True,0.8468609294809456,no TTL,59,12.5,0.0,12.5,0.6965441734286993,,25,25,allocation 1:1 | doubled distance
1:1,True,0.8468609294809456,no TTL,57,15.5,1.5,14.0,0.7335765150253345,0.8543214563062766,28,31,allocation 1:1 | doubled distance
1:1,True,0.8468609294809456,no TTL,61,16.5,1.5,15.0,0.7343291157046697,0.8561852014307533,30,33,allocation 1:1 | doubled distance
1:1,True,0.8468609294809456,no TTL,63,9.5,1.5,8.0,0.6938147738274502,0.8525528293350932,16,19,allocation 1:1 | doubled distance
1:1,True,0.8468609294809456,no TTL,62,10.0,0.5,9.5,0.7147409126164729,0.8498168905276098,19,20,allocation 1:1 | doubled distance
1:1,True,0.8468609294809456,no TTL,88,13.5,1.5,12.0,0.7173675198384951,0.8533170751407592,24,27,allocation 1:1 | doubled distance
1:1,True,0.8468609294809456,no TTL,67,11.0,2.0,9.0,0.7104460516582108,0.8565292728167856,18,22,allocation 1:1 | doubled distance
1:1,True,0.8468609294809456,no TTL,66,13.5,1.0,12.5,0.7045923941664656,0.8578801321409184,25,27,allocation 1:1 | doubled distance
1:1,True,0.8468609294809456,no TTL,65,16.5,1.5,15.0,0.6895221030342594,0.8578873389124329,30,33,allocation 1:1 | doubled distance
1:1,True,0.8468609294809456,no TTL,75,12.5,2.5,10.0,0.6804859718585012,0.8574746871188863,20,25,allocation 1:1 | doubled distance
1:1,True,0.8468609294809456,no TTL,69,9.5,0.5,9.0,0.7046391556817772,0.8538921840019491,18,19,allocation 1:1 | doubled distance
1:1,True,0.8468609294809456,no TTL,68,13.0,1.0,12.0,0.6882535665946781,0.8551027460296318,24,26,allocation 1:1 | doubled distance
1:1,True,0.8468609294809456,no TTL,64,14.5,1.5,13.0,0.7471740124420961,0.8539492304181004,26,29,allocation 1:1 | doubled distance
1:1,True,0.8468609294809456,no TTL,70,15.5,1.0,14.5,0.7145674551571906,0.8549780159526026,29,31,allocation 1:1 | doubled distance
1:1,True,0.8468609294809456,no TTL,79,7.5,1.0,6.5,0.7074466651109029,0.8580524743031563,13,15,allocation 1:1 | doubled distance
1:1,True,0.8468609294809456,no TTL,80,16.0,1.0,15.0,0.7159269108783964,0.8550000709604704,30,32,allocation 1:1 | doubled distance
1:1,True,0.8468609294809456,no TTL,77,12.5,1.5,11.0,0.7259476854098812,0.8576058354759739,22,25,allocation 1:1 | doubled distance
1:1,True,0.8468609294809456,no TTL,71,11.0,1.0,10.0,0.6846200645479963,0.860350305985282,20,22,allocation 1:1 | doubled distance
1:1,True,0.8468609294809456,no TTL,82,18.0,2.5,15.5,0.6945509851112589,0.8531654677773337,31,36,allocation 1:1 | doubled distance
1:1,True,0.8468609294809456,no TTL,72,15.0,1.5,13.5,0.7036846433569808,0.8521397165069274,27,30,allocation 1:1 | doubled distance
1:1,True,0.8468609294809456,no TTL,73,11.5,0.0,11.5,0.7068930302293207,,23,23,allocation 1:1 | doubled distance
1:1,True,0.8468609294809456,no TTL,76,15.0,0.5,14.5,0.7008182218774341,0.8524755625311937,29,30,allocation 1:1 | doubled distance
1:1,True,0.8468609294809456,no TTL,83,10.5,1.0,9.5,0.6577833031727914,0.8590429469612761,19,21,allocation 1:1 | doubled distance
1:1,True,0.8468609294809456,no TTL,74,17.0,2.0,15.0,0.7032968446358661,0.854149248215553,30,34,allocation 1:1 | doubled distance
1:1,True,0.8468609294809456,no TTL,87,13.0,1.5,11.5,0.7233684599659578,0.8569371851202309,23,26,allocation 1:1 | doubled distance
1:1,True,0.8468609294809456,no TTL,84,12.0,1.5,10.5,0.7074285120314953,0.8557921797119923,21,24,allocation 1:1 | doubled distance
1:1,True,0.8468609294809456,no TTL,81,13.0,2.0,11.0,0.7368497446141952,0.8541486887498652,22,26,allocation 1:1 | doubled distance
1:1,True,0.8468609294809456,no TTL,78,11.5,0.5,11.0,0.7005316587633581,0.8566451427083542,22,23,allocation 1:1 | doubled distance
1:1,True,0.8468609294809456,no TTL,86,14.5,2.5,12.0,0.7143127515323625,0.8513082006626029,24,29,allocation 1:1 | doubled distance
1:1,True,0.8468609294809456,no TTL,85,14.0,1.5,12.5,0.6773031162661788,0.8594390355649822,25,28,allocation 1:1 | doubled distance
1:1,True,0.8468609294809456,no TTL,89,11.0,1.5,9.5,0.6814081344205118,0.8552896955419694,19,22,allocation 1:1 | doubled distance
1:1,True,0.8468609294809456,no TTL,91,13.5,0.5,13.0,0.71389092522328,0.8499838050009528,26,27,allocation 1:1 | doubled distance
1:1,True,0.8468609294809456,no TTL,92,14.5,3.5,11.0,0.7086621358905645,0.8571441151749095,22,29,allocation 1:1 | doubled distance
1:1,True,0.8468609294809456,no TTL,90,16.5,3.0,13.5,0.6875565538597269,0.857842962247457,27,33,allocation 1:1 | doubled distance
1:1,True,0.8468609294809456,no TTL,93,8.5,0.0,8.5,0.7040387245870486,,17,17,allocation 1:1 | doubled distance
1:1,True,0.8468609294809456,no TTL,94,13.0,0.5,12.5,0.6971916087460451,0.8579703691184511,25,26,allocation 1:1 | doubled distance
1:1,True,0.8468609294809456,no TTL,97,13.5,0.5,13.0,0.7069567836373627,0.8625428720486866,26,27,allocation 1:1 | doubled distance
1:1,True,0.8468609294809456,no TTL,95,10.0,0.0,10.0,0.7191371736253547,,20,20,allocation 1:1 | doubled distance
1:1,True,0.8468609294809456,no TTL,99,12.0,1.0,11.0,0.7197241179310396,0.856480445247884,22,24,allocation 1:1 | doubled distance
1:1,True,0.8468609294809456,no TTL,96,20.5,2.5,18.0,0.7062526799478291,0.8540117264139351,36,41,allocation 1:1 | doubled distance
1:1,True,0.8468609294809456,no TTL,98,11.5,0.5,11.0,0.671331011276412,0.8537251842321654,22,23,allocation 1:1 | doubled distance
1:1,True,0.8468609294809456,model TTL,25,2.5,2.0,0.5,0.8517090357871024,0.8535686671339391,1,5,allocation 1:1 | doubled distance
1:1,True,0.8468609294809456,model TTL,1,7.0,6.0,1.0,0.8539397358279571,0.8554708399603704,2,14,allocation 1:1 | doubled distance
1:1,True,0.8468609294809456,model TTL,0,5.5,5.0,0.5,0.8530140469610016,0.8536673021310756,1,11,allocation 1:1 | doubled distance
1:1,True,0.8468609294809456,model TTL,2,7.5,7.0,0.5,0.8551680203696632,0.8558117942425406,1,15,allocation 1:1 | doubled distance
1:1,True,0.8468609294809456,model TTL,3,6.0,5.0,1.0,0.8517403584789219,0.8532168657764503,2,12,allocation 1:1 | doubled distance
1:1,True,0.8468609294809456,model TTL,4,6.0,5.0,1.0,0.8540000278008634,0.8554611075285509,2,12,allocation 1:1 | doubled distance
1:1,True,0.8468609294809456,model TTL,8,3.0,3.0,0.0,0.859472405942628,0.859472405942628,0,6,allocation 1:1 | doubled distance
1:1,True,0.8468609294809456,model TTL,6,3.5,3.5,0.0,0.8587321385776178,0.8587321385776178,0,7,allocation 1:1 | doubled distance
1:1,True,0.8468609294809456,model TTL,5,7.0,6.0,1.0,0.854330982567259,0.8557673803315706,2,14,allocation 1:1 | doubled distance
1:1,True,0.8468609294809456,model TTL,9,5.5,5.5,0.0,0.8541320489159495,0.8541320489159495,0,11,allocation 1:1 | doubled distance
1:1,True,0.8468609294809456,model TTL,11,5.5,5.0,0.5,0.85443172492733,0.8554154785321173,1,11,allocation 1:1 | doubled distance
1:1,True,0.8468609294809456,model TTL,7,4.0,4.0,0.0,0.8566281948219185,0.8566281948219185,0,8,allocation 1:1 | doubled distance
1:1,True,0.8468609294809456,model TTL,15,4.5,4.5,0.0,0.8551243623015363,0.8551243623015363,0,9,allocation 1:1 | doubled distance
1:1,True,0.8468609294809456,model TTL,12,4.5,4.5,0.0,0.8525428481571522,0.8525428481571522,0,9,allocation 1:1 | doubled distance
1:1,True,0.8468609294809456,model TTL,16,8.5,6.5,2.0,0.8522936038533311,0.8543489195540952,4,17,allocation 1:1 | doubled distance
1:1,True,0.8468609294809456,model TTL,10,6.5,6.0,0.5,0.8550739948224017,0.8559667260311937,1,13,allocation 1:1 | doubled distance
1:1,True,0.8468609294809456,model TTL,13,2.5,2.5,0.0,0.8586937627727266,0.8586937627727266,0,5,allocation 1:1 | doubled distance
1:1,True,0.8468609294809456,model TTL,17,6.5,6.0,0.5,0.8534496013904658,0.8541592713359814,1,13,allocation 1:1 | doubled distance
1:1,True,0.8468609294809456,model TTL,18,6.0,5.5,0.5,0.8533393901829477,0.8541322790790207,1,12,allocation 1:1 | doubled distance
1:1,True,0.8468609294809456,model TTL,14,5.5,5.5,0.0,0.8535287615784211,0.8535287615784211,0,11,allocation 1:1 | doubled distance
1:1,True,0.8468609294809456,model TTL,20,6.0,6.0,0.0,0.8572526686127401,0.8572526686127401,0,12,allocation 1:1 | doubled distance
1:1,True,0.8468609294809456,model TTL,21,6.5,6.5,0.0,0.8557499770274051,0.8557499770274051,0,13,allocation 1:1 | doubled distance
1:1,True,0.8468609294809456,model TTL,19,4.5,3.0,1.5,0.8546808003074047,0.8594806849352559,3,9,allocation 1:1 | doubled distance
1:1,True,0.8468609294809456,model TTL,22,4.5,4.0,0.5,0.8543864354209755,0.8553573869747579,1,9,allocation 1:1 | doubled distance
1:1,True,0.8468609294809456,model TTL,27,3.0,2.5,0.5,0.8511465232898091,0.8524608432443785,1,6,allocation 1:1 | doubled distance
1:1,True,0.8468609294809456,model TTL,24,7.5,7.5,0.0,0.8567696284463476,0.8567696284463476,0,15,allocation 1:1 | doubled distance
1:1,True,0.8468609294809456,model TTL,23,5.0,4.0,1.0,0.8536892427683339,0.8557681797350515,2,10,allocation 1:1 | doubled distance
1:1,True,0.8468609294809456,model TTL,26,7.5,6.5,1.0,0.8562728972839717,0.8577775386233056,2,15,allocation 1:1 | doubled distance
1:1,True,0.8468609294809456,model TTL,28,8.5,7.0,1.5,0.852377053777677,0.8538449830957235,3,17,allocation 1:1 | doubled distance
1:1,True,0.8468609294809456,model TTL,30,6.5,6.0,0.5,0.8539911137636278,0.8546237635064021,1,13,allocation 1:1 | doubled distance
1:1,True,0.8468609294809456,model TTL,29,5.5,5.0,0.5,0.8533245939523805,0.8540994322023344,1,11,allocation 1:1 | doubled distance
1:1,True,0.8468609294809456,model TTL,31,6.0,6.0,0.0,0.8581367954390223,0.8581367954390223,0,12,allocation 1:1 | doubled distance
1:1,True,0.8468609294809456,model TTL,58,3.5,3.0,0.5,0.8544995911008597,0.8559441391424305,1,7,allocation 1:1 | doubled distance
1:1,True,0.8468609294809456,model TTL,32,5.0,4.5,0.5,0.8533194429650639,0.8543257131870128,1,10,allocation 1:1 | doubled distance
1:1,True,0.8468609294809456,model TTL,33,2.0,1.5,0.5,0.8538312043865892,0.8563916053180594,1,4,allocation 1:1 | doubled distance
1:1,True,0.8468609294809456,model TTL,36,4.0,4.0,0.0,0.8553929083258526,0.8553929083258526,0,8,allocation 1:1 | doubled distance
1:1,True,0.8468609294809456,model TTL,34,3.5,3.0,0.5,0.854508968490217,0.8559536061525965,1,7,allocation 1:1 | doubled distance
1:1,True,0.8468609294809456,model TTL,35,4.0,4.0,0.0,0.8553017499274636,0.8553017499274636,0,8,allocation 1:1 | doubled distance
1:1,True,0.8468609294809456,model TTL,37,4.5,3.5,1.0,0.8528011325165654,0.8548183561147281,2,9,allocation 1:1 | doubled distance
1:1,True,0.8468609294809456,model TTL,41,3.0,3.0,0.0,0.8570038362033812,0.8570038362033812,0,6,allocation 1:1 | doubled distance
1:1,True,0.8468609294809456,model TTL,38,8.0,7.5,0.5,0.8550898742070401,0.855814759312821,1,16,allocation 1:1 | doubled distance
1:1,True,0.8468609294809456,model TTL,40,7.0,6.5,0.5,0.8543528898205416,0.85506252164953,1,14,allocation 1:1 | doubled distance
1:1,True,0.8468609294809456,model TTL,39,5.5,4.5,1.0,0.8534352435617903,0.8552039984483716,2,11,allocation 1:1 | doubled distance
1:1,True,0.8468609294809456,model TTL,42,5.0,4.5,0.5,0.8523786074920648,0.8532524202906298,1,10,allocation 1:1 | doubled distance
1:1,True,0.8468609294809456,model TTL,44,3.5,3.0,0.5,0.8571964302120776,0.8594026758293888,1,7,allocation 1:1 | doubled distance
1:1,True,0.8468609294809456,model TTL,43,6.5,5.5,1.0,0.8564677170879559,0.8583159913800953,2,13,allocation 1:1 | doubled distance
1:1,True,0.8468609294809456,model TTL,46,6.0,6.0,0.0,0.8561074941284669,0.8561074941284669,0,12,allocation 1:1 | doubled distance
1:1,True,0.8468609294809456,model TTL,45,7.0,5.5,1.5,0.8528978919142777,0.8548975593047696,3,14,allocation 1:1 | doubled distance
1:1,True,0.8468609294809456,model TTL,47,5.0,4.0,1.0,0.8525319451495962,0.8544126909737269,2,10,allocation 1:1 | doubled distance
1:1,True,0.8468609294809456,model TTL,48,3.5,3.0,0.5,0.8544485952922295,0.8559802428292868,1,7,allocation 1:1 | doubled distance
1:1,True,0.8468609294809456,model TTL,49,6.5,6.5,0.0,0.8553153834569999,0.8553153834569999,0,13,allocation 1:1 | doubled distance
1:1,True,0.8468609294809456,model TTL,50,3.0,3.0,0.0,0.8577593084983682,0.8577593084983682,0,6,allocation 1:1 | doubled distance
1:1,True,0.8468609294809456,model TTL,51,4.0,3.5,0.5,0.8573374016831461,0.8589731342922233,1,8,allocation 1:1 | doubled distance
1:1,True,0.8468609294809456,model TTL,52,5.5,5.0,0.5,0.8579870697835781,0.8592000774349539,1,11,allocation 1:1 | doubled distance
1:1,True,0.8468609294809456,model TTL,54,6.5,5.5,1.0,0.8545239602869265,0.8562656583295595,2,13,allocation 1:1 | doubled distance
1:1,True,0.8468609294809456,model TTL,55,4.0,4.0,0.0,0.852395687256347,0.852395687256347,0,8,allocation 1:1 | doubled distance
1:1,True,0.8468609294809456,model TTL,56,6.0,6.0,0.0,0.8551292911020404,0.8551292911020404,0,12,allocation 1:1 | doubled distance
1:1,True,0.8468609294809456,model TTL,53,4.0,3.5,0.5,0.8529249797388934,0.8540326893294413,1,8,allocation 1:1 | doubled distance
1:1,True,0.8468609294809456,model TTL,57,7.5,7.5,0.0,0.8568152750950604,0.8568152750950604,0,15,allocation 1:1 | doubled distance
1:1,True,0.8468609294809456,model TTL,63,5.0,5.0,0.0,0.8571095980986256,0.8571095980986256,0,10,allocation 1:1 | doubled distance
1:1,True,0.8468609294809456,model TTL,60,4.0,3.0,1.0,0.8541576955063885,0.8574259974549472,2,8,allocation 1:1 | doubled distance
1:1,True,0.8468609294809456,model TTL,59,5.5,5.5,0.0,0.854999323400556,0.854999323400556,0,11,allocation 1:1 | doubled distance
1:1,True,0.8468609294809456,model TTL,61,6.5,6.5,0.0,0.8562306075442908,0.8562306075442908,0,13,allocation 1:1 | doubled distance
1:1,True,0.8468609294809456,model TTL,62,8.0,7.0,1.0,0.8552262104521481,0.8565201177393517,2,16,allocation 1:1 | doubled distance
1:1,True,0.8468609294809456,model TTL,64,8.5,7.0,1.5,0.8526065091209074,0.8540731585571731,3,17,allocation 1:1 | doubled distance
1:1,True,0.8468609294809456,model TTL,66,3.5,3.0,0.5,0.8540295669289862,0.8554937787568292,1,7,allocation 1:1 | doubled distance
1:1,True,0.8468609294809456,model TTL,67,6.0,6.0,0.0,0.8567486553040093,0.8567486553040093,0,12,allocation 1:1 | doubled distance
1:1,True,0.8468609294809456,model TTL,68,5.0,4.0,1.0,0.8531406718092364,0.8547951290328955,2,10,allocation 1:1 | doubled distance
1:1,True,0.8468609294809456,model TTL,65,3.5,3.5,0.0,0.8554199985578033,0.8554199985578033,0,7,allocation 1:1 | doubled distance
1:1,True,0.8468609294809456,model TTL,70,6.0,5.5,0.5,0.8543009587962481,0.8552417485733593,1,12,allocation 1:1 | doubled distance
1:1,True,0.8468609294809456,model TTL,69,7.0,7.0,0.0,0.8540321925815703,0.8540321925815703,0,14,allocation 1:1 | doubled distance
1:1,True,0.8468609294809456,model TTL,71,7.5,6.5,1.0,0.8541597289798816,0.855457749637253,2,15,allocation 1:1 | doubled distance
1:1,True,0.8468609294809456,model TTL,72,6.5,5.0,1.5,0.8530324307376588,0.8551050624956053,3,13,allocation 1:1 | doubled distance
1:1,True,0.8468609294809456,model TTL,76,6.0,5.5,0.5,0.856321391735281,0.8573646541078779,1,12,allocation 1:1 | doubled distance
1:1,True,0.8468609294809456,model TTL,75,5.5,4.5,1.0,0.8544108183662824,0.8564578522165718,2,11,allocation 1:1 | doubled distance
1:1,True,0.8468609294809456,model TTL,73,6.0,5.0,1.0,0.8564934509740209,0.8587424836661547,2,12,allocation 1:1 | doubled distance
1:1,True,0.8468609294809456,model TTL,79,9.0,9.0,0.0,0.8546744431760961,0.8546744431760961,0,18,allocation 1:1 | doubled distance
1:1,True,0.8468609294809456,model TTL,77,4.0,4.0,0.0,0.8544417622326047,0.8544417622326047,0,8,allocation 1:1 | doubled distance
1:1,True,0.8468609294809456,model TTL,78,3.5,3.5,0.0,0.8554252451316389,0.8554252451316389,0,7,allocation 1:1 | doubled distance
1:1,True,0.8468609294809456,model TTL,90,5.5,5.0,0.5,0.8555217595279512,0.8564297933075125,1,11,allocation 1:1 | doubled distance
1:1,True,0.8468609294809456,model TTL,74,7.0,6.0,1.0,0.8528912362385144,0.8540805193258216,2,14,allocation 1:1 | doubled distance
1:1,True,0.8468609294809456,model TTL,80,5.5,5.5,0.0,0.857215758802471,0.857215758802471,0,11,allocation 1:1 | doubled distance
1:1,True,0.8468609294809456,model TTL,81,3.0,3.0,0.0,0.8560113539840195,0.8560113539840195,0,6,allocation 1:1 | doubled distance
1:1,True,0.8468609294809456,model TTL,83,4.0,4.0,0.0,0.8555366337468842,0.8555366337468842,0,8,allocation 1:1 | doubled distance
1:1,True,0.8468609294809456,model TTL,84,3.0,3.0,0.0,0.8560988916579597,0.8560988916579597,0,6,allocation 1:1 | doubled distance
1:1,True,0.8468609294809456,model TTL,85,4.0,4.0,0.0,0.8552748780078816,0.8552748780078816,0,8,allocation 1:1 | doubled distance
1:1,True,0.8468609294809456,model TTL,82,6.0,6.0,0.0,0.8555094263447224,0.8555094263447224,0,12,allocation 1:1 | doubled distance
1:1,True,0.8468609294809456,model TTL,86,7.5,6.5,1.0,0.8538158099953473,0.8551836910784462,2,15,allocation 1:1 | doubled distance
1:1,True,0.8468609294809456,model TTL,87,5.0,4.5,0.5,0.8555667421425519,0.8566025412202629,1,10,allocation 1:1 | doubled distance
1:1,True,0.8468609294809456,model TTL,88,4.0,4.0,0.0,0.8554813629930555,0.8554813629930555,0,8,allocation 1:1 | doubled distance
1:1,True,0.8468609294809456,model TTL,89,4.5,4.0,0.5,0.8516940865275552,0.8523363658625714,1,9,allocation 1:1 | doubled distance
1:1,True,0.8468609294809456,model TTL,92,7.5,7.0,0.5,0.854787444093535,0.8555517250909236,1,15,allocation 1:1 | doubled distance
1:1,True,0.8468609294809456,model TTL,93,4.0,3.5,0.5,0.8531989609329658,0.8542837610060762,1,8,allocation 1:1 | doubled distance
1:1,True,0.8468609294809456,model TTL,91,5.0,4.5,0.5,0.8541419840707772,0.8549613850597475,1,10,allocation 1:1 | doubled distance
1:1,True,0.8468609294809456,model TTL,94,8.5,8.0,0.5,0.8525498372546814,0.8529071386964138,1,17,allocation 1:1 | doubled distance
1:1,True,0.8468609294809456,model TTL,97,5.0,4.5,0.5,0.8546445328747534,0.8557824942534801,1,10,allocation 1:1 | doubled distance
1:1,True,0.8468609294809456,model TTL,95,6.5,6.0,0.5,0.8548339438051764,0.8556570056660615,1,13,allocation 1:1 | doubled distance
1:1,True,0.8468609294809456,model TTL,96,8.5,8.0,0.5,0.8552462693647639,0.8557913086867771,1,17,allocation 1:1 | doubled distance
1:1,True,0.8468609294809456,model TTL,99,6.0,6.0,0.0,0.856104711923413,0.856104711923413,0,12,allocation 1:1 | doubled distance
1:1,True,0.8468609294809456,model TTL,98,8.0,7.0,1.0,0.8545863666084563,0.8559234012669885,2,16,allocation 1:1 | doubled distance
1:1,True,0.8791479059745941,no TTL,22,12.0,0.0,12.0,0.6986514613021325,,24,24,allocation 1:1 | doubled distance
1:1,True,0.8791479059745941,no TTL,25,15.5,0.0,15.5,0.7116515527782933,,31,31,allocation 1:1 | doubled distance
1:1,True,0.8791479059745941,no TTL,24,10.5,0.0,10.5,0.686646716363493,,21,21,allocation 1:1 | doubled distance
1:1,True,0.8791479059745941,no TTL,19,15.5,0.0,15.5,0.7016184978950295,,31,31,allocation 1:1 | doubled distance
1:1,True,0.8791479059745941,no TTL,14,13.0,0.0,13.0,0.6408119424217286,,26,26,allocation 1:1 | doubled distance
1:1,True,0.8791479059745941,no TTL,13,9.0,0.0,9.0,0.7127851980945352,,18,18,allocation 1:1 | doubled distance
1:1,True,0.8791479059745941,no TTL,21,9.0,0.0,9.0,0.7150691622259143,,18,18,allocation 1:1 | doubled distance
1:1,True,0.8791479059745941,no TTL,18,15.0,0.0,15.0,0.6922858783786168,,30,30,allocation 1:1 | doubled distance
1:1,True,0.8791479059745941,no TTL,4,17.5,0.0,17.5,0.6866640757132736,,35,35,allocation 1:1 | doubled distance
1:1,True,0.8791479059745941,no TTL,7,14.0,0.0,14.0,0.7266667914479781,,28,28,allocation 1:1 | doubled distance
1:1,True,0.8791479059745941,no TTL,0,13.0,0.0,13.0,0.7190474390679815,,26,26,allocation 1:1 | doubled distance
1:1,True,0.8791479059745941,no TTL,6,14.0,0.0,14.0,0.7155056074157607,,28,28,allocation 1:1 | doubled distance
1:1,True,0.8791479059745941,no TTL,17,17.5,0.0,17.5,0.6972466030336703,,35,35,allocation 1:1 | doubled distance
1:1,True,0.8791479059745941,no TTL,9,13.0,0.0,13.0,0.7148513529162224,,26,26,allocation 1:1 | doubled distance
1:1,True,0.8791479059745941,no TTL,15,12.0,0.0,12.0,0.7329902598808169,,24,24,allocation 1:1 | doubled distance
1:1,True,0.8791479059745941,no TTL,16,9.5,0.0,9.5,0.7269525769571539,,19,19,allocation 1:1 | doubled distance
1:1,True,0.8791479059745941,no TTL,5,15.0,0.0,15.0,0.6964881349343868,,30,30,allocation 1:1 | doubled distance
1:1,True,0.8791479059745941,no TTL,8,14.0,0.0,14.0,0.7146558986851065,,28,28,allocation 1:1 | doubled distance
1:1,True,0.8791479059745941,no TTL,26,13.0,0.0,13.0,0.688208776278616,,26,26,allocation 1:1 | doubled distance
1:1,True,0.8791479059745941,no TTL,3,9.5,0.0,9.5,0.6807455589302446,,19,19,allocation 1:1 | doubled distance
1:1,True,0.8791479059745941,no TTL,1,12.0,0.0,12.0,0.6857117806620273,,24,24,allocation 1:1 | doubled distance
1:1,True,0.8791479059745941,no TTL,28,13.0,0.0,13.0,0.6731187023043264,,26,26,allocation 1:1 | doubled distance
1:1,True,0.8791479059745941,no TTL,30,13.0,0.0,13.0,0.7153845331039999,,26,26,allocation 1:1 | doubled distance
1:1,True,0.8791479059745941,no TTL,2,17.5,0.0,17.5,0.7297418780296343,,35,35,allocation 1:1 | doubled distance
1:1,True,0.8791479059745941,no TTL,20,14.0,0.0,14.0,0.6879634310394994,,28,28,allocation 1:1 | doubled distance
1:1,True,0.8791479059745941,no TTL,10,16.0,0.0,16.0,0.7121913469146381,,32,32,allocation 1:1 | doubled distance
1:1,True,0.8791479059745941,no TTL,23,13.0,0.0,13.0,0.7282909533018429,,26,26,allocation 1:1 | doubled distance
1:1,True,0.8791479059745941,no TTL,11,15.5,0.0,15.5,0.7238734211595872,,31,31,allocation 1:1 | doubled distance
1:1,True,0.8791479059745941,no TTL,12,10.5,0.0,10.5,0.6994166445049536,,21,21,allocation 1:1 | doubled distance
1:1,True,0.8791479059745941,no TTL,29,17.0,0.0,17.0,0.7180476290379091,,34,34,allocation 1:1 | doubled distance
1:1,True,0.8791479059745941,no TTL,27,21.5,0.0,21.5,0.711933372365518,,43,43,allocation 1:1 | doubled distance
1:1,True,0.8791479059745941,no TTL,50,8.5,0.0,8.5,0.7481894202951412,,17,17,allocation 1:1 | doubled distance
1:1,True,0.8791479059745941,no TTL,31,13.5,0.0,13.5,0.6998914427726274,,27,27,allocation 1:1 | doubled distance
1:1,True,0.8791479059745941,no TTL,32,13.0,0.0,13.0,0.6888421016308328,,26,26,allocation 1:1 | doubled distance
1:1,True,0.8791479059745941,no TTL,33,12.0,0.0,12.0,0.7030858572091379,,24,24,allocation 1:1 | doubled distance
1:1,True,0.8791479059745941,no TTL,45,8.5,0.0,8.5,0.680304790584531,,17,17,allocation 1:1 | doubled distance
1:1,True,0.8791479059745941,no TTL,40,8.0,0.0,8.0,0.6874280211801204,,16,16,allocation 1:1 | doubled distance
1:1,True,0.8791479059745941,no TTL,51,8.0,0.0,8.0,0.6724231101269135,,16,16,allocation 1:1 | doubled distance
1:1,True,0.8791479059745941,no TTL,41,15.0,0.0,15.0,0.6872443926052524,,30,30,allocation 1:1 | doubled distance
1:1,True,0.8791479059745941,no TTL,37,13.0,0.0,13.0,0.7139977114742366,,26,26,allocation 1:1 | doubled distance
1:1,True,0.8791479059745941,no TTL,44,9.0,0.0,9.0,0.6728190086935809,,18,18,allocation 1:1 | doubled distance
1:1,True,0.8791479059745941,no TTL,39,12.5,0.0,12.5,0.7144391453336499,,25,25,allocation 1:1 | doubled distance
1:1,True,0.8791479059745941,no TTL,53,11.5,0.0,11.5,0.6743335724158881,,23,23,allocation 1:1 | doubled distance
1:1,True,0.8791479059745941,no TTL,48,15.0,0.0,15.0,0.6684569999840984,,30,30,allocation 1:1 | doubled distance
1:1,True,0.8791479059745941,no TTL,42,16.0,0.0,16.0,0.7362094802615676,,32,32,allocation 1:1 | doubled distance
1:1,True,0.8791479059745941,no TTL,34,18.0,0.0,18.0,0.6969931627327975,,36,36,allocation 1:1 | doubled distance
1:1,True,0.8791479059745941,no TTL,55,11.0,0.0,11.0,0.6745697724263819,,22,22,allocation 1:1 | doubled distance
1:1,True,0.8791479059745941,no TTL,47,9.5,0.0,9.5,0.7174257412273883,,19,19,allocation 1:1 | doubled distance
1:1,True,0.8791479059745941,no TTL,56,9.0,0.0,9.0,0.6892025219242198,,18,18,allocation 1:1 | doubled distance
1:1,True,0.8791479059745941,no TTL,46,11.0,0.0,11.0,0.7213210362382265,,22,22,allocation 1:1 | doubled distance
1:1,True,0.8791479059745941,no TTL,52,11.5,0.0,11.5,0.6821777338466327,,23,23,allocation 1:1 | doubled distance
1:1,True,0.8791479059745941,no TTL,35,13.5,0.0,13.5,0.7289163567924322,,27,27,allocation 1:1 | doubled distance
1:1,True,0.8791479059745941,no TTL,38,15.0,0.0,15.0,0.7087841241657246,,30,30,allocation 1:1 | doubled distance
1:1,True,0.8791479059745941,no TTL,43,13.5,0.0,13.5,0.70463661188114,,27,27,allocation 1:1 | doubled distance
1:1,True,0.8791479059745941,no TTL,49,14.5,0.0,14.5,0.6870043122320663,,29,29,allocation 1:1 | doubled distance
1:1,True,0.8791479059745941,no TTL,58,9.0,0.0,9.0,0.6743880072288893,,18,18,allocation 1:1 | doubled distance
1:1,True,0.8791479059745941,no TTL,59,12.5,0.0,12.5,0.6965441734286993,,25,25,allocation 1:1 | doubled distance
1:1,True,0.8791479059745941,no TTL,54,17.0,0.0,17.0,0.6876188592093316,,34,34,allocation 1:1 | doubled distance
1:1,True,0.8791479059745941,no TTL,36,12.0,0.0,12.0,0.6959136975916658,,24,24,allocation 1:1 | doubled distance
1:1,True,0.8791479059745941,no TTL,60,18.5,0.0,18.5,0.7189684616625028,,37,37,allocation 1:1 | doubled distance
1:1,True,0.8791479059745941,no TTL,57,15.5,0.0,15.5,0.7335765150253345,,31,31,allocation 1:1 | doubled distance
1:1,True,0.8791479059745941,no TTL,61,16.5,0.0,16.5,0.7343291157046697,,33,33,allocation 1:1 | doubled distance
1:1,True,0.8791479059745941,no TTL,62,10.0,0.0,10.0,0.7147409126164729,,20,20,allocation 1:1 | doubled distance
1:1,True,0.8791479059745941,no TTL,63,9.5,0.0,9.5,0.6938147738274502,,19,19,allocation 1:1 | doubled distance
1:1,True,0.8791479059745941,no TTL,71,11.0,0.0,11.0,0.6846200645479963,,22,22,allocation 1:1 | doubled distance
1:1,True,0.8791479059745941,no TTL,67,11.0,0.0,11.0,0.7104460516582108,,22,22,allocation 1:1 | doubled distance
1:1,True,0.8791479059745941,no TTL,88,13.5,0.0,13.5,0.7173675198384951,,27,27,allocation 1:1 | doubled distance
1:1,True,0.8791479059745941,no TTL,69,9.5,0.0,9.5,0.7046391556817772,,19,19,allocation 1:1 | doubled distance
1:1,True,0.8791479059745941,no TTL,65,16.5,0.0,16.5,0.6895221030342594,,33,33,allocation 1:1 | doubled distance
1:1,True,0.8791479059745941,no TTL,66,13.5,0.0,13.5,0.7045923941664656,,27,27,allocation 1:1 | doubled distance
1:1,True,0.8791479059745941,no TTL,75,12.5,0.0,12.5,0.6804859718585012,,25,25,allocation 1:1 | doubled distance
1:1,True,0.8791479059745941,no TTL,68,13.0,0.0,13.0,0.6882535665946781,,26,26,allocation 1:1 | doubled distance
1:1,True,0.8791479059745941,no TTL,79,7.5,0.0,7.5,0.7074466651109029,,15,15,allocation 1:1 | doubled distance
1:1,True,0.8791479059745941,no TTL,70,15.5,0.0,15.5,0.7145674551571906,,31,31,allocation 1:1 | doubled distance
1:1,True,0.8791479059745941,no TTL,80,16.0,0.0,16.0,0.7159269108783964,,32,32,allocation 1:1 | doubled distance
1:1,True,0.8791479059745941,no TTL,64,14.5,0.0,14.5,0.7471740124420961,,29,29,allocation 1:1 | doubled distance
1:1,True,0.8791479059745941,no TTL,82,18.0,0.0,18.0,0.6945509851112589,,36,36,allocation 1:1 | doubled distance
1:1,True,0.8791479059745941,no TTL,73,11.5,0.0,11.5,0.7068930302293207,,23,23,allocation 1:1 | doubled distance
1:1,True,0.8791479059745941,no TTL,77,12.5,0.0,12.5,0.7259476854098812,,25,25,allocation 1:1 | doubled distance
1:1,True,0.8791479059745941,no TTL,72,15.0,0.0,15.0,0.7036846433569808,,30,30,allocation 1:1 | doubled distance
1:1,True,0.8791479059745941,no TTL,85,14.0,0.0,14.0,0.6773031162661788,,28,28,allocation 1:1 | doubled distance
1:1,True,0.8791479059745941,no TTL,74,17.0,0.0,17.0,0.7032968446358661,,34,34,allocation 1:1 | doubled distance
1:1,True,0.8791479059745941,no TTL,83,10.5,0.0,10.5,0.6577833031727914,,21,21,allocation 1:1 | doubled distance
1:1,True,0.8791479059745941,no TTL,81,13.0,0.0,13.0,0.7368497446141952,,26,26,allocation 1:1 | doubled distance
1:1,True,0.8791479059745941,no TTL,84,12.0,0.0,12.0,0.7074285120314953,,24,24,allocation 1:1 | doubled distance
1:1,True,0.8791479059745941,no TTL,78,11.5,0.0,11.5,0.7005316587633581,,23,23,allocation 1:1 | doubled distance
1:1,True,0.8791479059745941,no TTL,86,14.5,0.0,14.5,0.7143127515323625,,29,29,allocation 1:1 | doubled distance
1:1,True,0.8791479059745941,no TTL,87,13.0,0.0,13.0,0.7233684599659578,,26,26,allocation 1:1 | doubled distance
1:1,True,0.8791479059745941,no TTL,76,15.0,0.0,15.0,0.7008182218774341,,30,30,allocation 1:1 | doubled distance
1:1,True,0.8791479059745941,no TTL,89,11.0,0.0,11.0,0.6814081344205118,,22,22,allocation 1:1 | doubled distance
1:1,True,0.8791479059745941,no TTL,90,16.5,0.0,16.5,0.6875565538597269,,33,33,allocation 1:1 | doubled distance
1:1,True,0.8791479059745941,no TTL,91,13.5,0.0,13.5,0.71389092522328,,27,27,allocation 1:1 | doubled distance
1:1,True,0.8791479059745941,no TTL,92,14.5,0.0,14.5,0.7086621358905645,,29,29,allocation 1:1 | doubled distance
1:1,True,0.8791479059745941,no TTL,93,8.5,0.0,8.5,0.7040387245870486,,17,17,allocation 1:1 | doubled distance
1:1,True,0.8791479059745941,no TTL,94,13.0,0.0,13.0,0.6971916087460451,,26,26,allocation 1:1 | doubled distance
1:1,True,0.8791479059745941,no TTL,98,11.5,0.0,11.5,0.671331011276412,,23,23,allocation 1:1 | doubled distance
1:1,True,0.8791479059745941,no TTL,97,13.5,0.0,13.5,0.7069567836373627,,27,27,allocation 1:1 | doubled distance
1:1,True,0.8791479059745941,no TTL,99,12.0,0.0,12.0,0.7197241179310396,,24,24,allocation 1:1 | doubled distance
1:1,True,0.8791479059745941,no TTL,96,20.5,0.0,20.5,0.7062526799478291,,41,41,allocation 1:1 | doubled distance
1:1,True,0.8791479059745941,no TTL,95,10.0,0.0,10.0,0.7191371736253547,,20,20,allocation 1:1 | doubled distance
1:1,True,0.8791479059745941,model TTL,26,0.0,0.0,0.0,,,0,0,allocation 1:1 | doubled distance
1:1,True,0.8791479059745941,model TTL,8,0.0,0.0,0.0,,,0,0,allocation 1:1 | doubled distance
1:1,True,0.8791479059745941,model TTL,0,0.0,0.0,0.0,,,0,0,allocation 1:1 | doubled distance
1:1,True,0.8791479059745941,model TTL,1,0.0,0.0,0.0,,,0,0,allocation 1:1 | doubled distance
1:1,True,0.8791479059745941,model TTL,2,0.0,0.0,0.0,,,0,0,allocation 1:1 | doubled distance
1:1,True,0.8791479059745941,model TTL,5,0.0,0.0,0.0,,,0,0,allocation 1:1 | doubled distance
1:1,True,0.8791479059745941,model TTL,7,0.0,0.0,0.0,,,0,0,allocation 1:1 | doubled distance
1:1,True,0.8791479059745941,model TTL,3,0.0,0.0,0.0,,,0,0,allocation 1:1 | doubled distance
1:1,True,0.8791479059745941,model TTL,4,0.0,0.0,0.0,,,0,0,allocation 1:1 | doubled distance
1:1,True,0.8791479059745941,model TTL,10,0.0,0.0,0.0,,,0,0,allocation 1:1 | doubled distance
1:1,True,0.8791479059745941,model TTL,12,0.0,0.0,0.0,,,0,0,allocation 1:1 | doubled distance
1:1,True,0.8791479059745941,model TTL,11,0.0,0.0,0.0,,,0,0,allocation 1:1 | doubled distance
1:1,True,0.8791479059745941,model TTL,9,0.0,0.0,0.0,,,0,0,allocation 1:1 | doubled distance
1:1,True,0.8791479059745941,model TTL,13,0.0,0.0,0.0,,,0,0,allocation 1:1 | doubled distance
1:1,True,0.8791479059745941,model TTL,14,0.0,0.0,0.0,,,0,0,allocation 1:1 | doubled distance
1:1,True,0.8791479059745941,model TTL,15,0.0,0.0,0.0,,,0,0,allocation 1:1 | doubled distance
1:1,True,0.8791479059745941,model TTL,16,0.0,0.0,0.0,,,0,0,allocation 1:1 | doubled distance
1:1,True,0.8791479059745941,model TTL,17,0.0,0.0,0.0,,,0,0,allocation 1:1 | doubled distance
1:1,True,0.8791479059745941,model TTL,18,0.0,0.0,0.0,,,0,0,allocation 1:1 | doubled distance
1:1,True,0.8791479059745941,model TTL,6,0.0,0.0,0.0,,,0,0,allocation 1:1 | doubled distance
1:1,True,0.8791479059745941,model TTL,20,0.0,0.0,0.0,,,0,0,allocation 1:1 | doubled distance
1:1,True,0.8791479059745941,model TTL,21,0.0,0.0,0.0,,,0,0,allocation 1:1 | doubled distance
1:1,True,0.8791479059745941,model TTL,22,0.0,0.0,0.0,,,0,0,allocation 1:1 | doubled distance
1:1,True,0.8791479059745941,model TTL,23,0.0,0.0,0.0,,,0,0,allocation 1:1 | doubled distance
1:1,True,0.8791479059745941,model TTL,19,0.0,0.0,0.0,,,0,0,allocation 1:1 | doubled distance
1:1,True,0.8791479059745941,model TTL,24,0.0,0.0,0.0,,,0,0,allocation 1:1 | doubled distance
1:1,True,0.8791479059745941,model TTL,25,0.0,0.0,0.0,,,0,0,allocation 1:1 | doubled distance
1:1,True,0.8791479059745941,model TTL,27,0.0,0.0,0.0,,,0,0,allocation 1:1 | doubled distance
1:1,True,0.8791479059745941,model TTL,30,0.0,0.0,0.0,,,0,0,allocation 1:1 | doubled distance
1:1,True,0.8791479059745941,model TTL,28,0.0,0.0,0.0,,,0,0,allocation 1:1 | doubled distance
1:1,True,0.8791479059745941,model TTL,29,0.0,0.0,0.0,,,0,0,allocation 1:1 | doubled distance
1:1,True,0.8791479059745941,model TTL,31,0.0,0.0,0.0,,,0,0,allocation 1:1 | doubled distance
1:1,True,0.8791479059745941,model TTL,32,0.0,0.0,0.0,,,0,0,allocation 1:1 | doubled distance
1:1,True,0.8791479059745941,model TTL,33,0.0,0.0,0.0,,,0,0,allocation 1:1 | doubled distance
1:1,True,0.8791479059745941,model TTL,34,0.0,0.0,0.0,,,0,0,allocation 1:1 | doubled distance
1:1,True,0.8791479059745941,model TTL,35,0.0,0.0,0.0,,,0,0,allocation 1:1 | doubled distance
1:1,True,0.8791479059745941,model TTL,36,0.0,0.0,0.0,,,0,0,allocation 1:1 | doubled distance
1:1,True,0.8791479059745941,model TTL,37,0.0,0.0,0.0,,,0,0,allocation 1:1 | doubled distance
1:1,True,0.8791479059745941,model TTL,39,0.0,0.0,0.0,,,0,0,allocation 1:1 | doubled distance
1:1,True,0.8791479059745941,model TTL,38,0.0,0.0,0.0,,,0,0,allocation 1:1 | doubled distance
1:1,True,0.8791479059745941,model TTL,40,0.0,0.0,0.0,,,0,0,allocation 1:1 | doubled distance
1:1,True,0.8791479059745941,model TTL,41,0.0,0.0,0.0,,,0,0,allocation 1:1 | doubled distance
1:1,True,0.8791479059745941,model TTL,42,0.0,0.0,0.0,,,0,0,allocation 1:1 | doubled distance
1:1,True,0.8791479059745941,model TTL,44,0.0,0.0,0.0,,,0,0,allocation 1:1 | doubled distance
1:1,True,0.8791479059745941,model TTL,43,0.0,0.0,0.0,,,0,0,allocation 1:1 | doubled distance
1:1,True,0.8791479059745941,model TTL,46,0.0,0.0,0.0,,,0,0,allocation 1:1 | doubled distance
1:1,True,0.8791479059745941,model TTL,45,0.0,0.0,0.0,,,0,0,allocation 1:1 | doubled distance
1:1,True,0.8791479059745941,model TTL,47,0.0,0.0,0.0,,,0,0,allocation 1:1 | doubled distance
1:1,True,0.8791479059745941,model TTL,49,0.0,0.0,0.0,,,0,0,allocation 1:1 | doubled distance
1:1,True,0.8791479059745941,model TTL,51,0.0,0.0,0.0,,,0,0,allocation 1:1 | doubled distance
1:1,True,0.8791479059745941,model TTL,62,0.0,0.0,0.0,,,0,0,allocation 1:1 | doubled distance
1:1,True,0.8791479059745941,model TTL,52,0.0,0.0,0.0,,,0,0,allocation 1:1 | doubled distance
1:1,True,0.8791479059745941,model TTL,53,0.0,0.0,0.0,,,0,0,allocation 1:1 | doubled distance
1:1,True,0.8791479059745941,model TTL,48,0.0,0.0,0.0,,,0,0,allocation 1:1 | doubled distance
1:1,True,0.8791479059745941,model TTL,54,0.0,0.0,0.0,,,0,0,allocation 1:1 | doubled distance
1:1,True,0.8791479059745941,model TTL,55,0.0,0.0,0.0,,,0,0,allocation 1:1 | doubled distance
1:1,True,0.8791479059745941,model TTL,50,0.0,0.0,0.0,,,0,0,allocation 1:1 | doubled distance
1:1,True,0.8791479059745941,model TTL,56,0.0,0.0,0.0,,,0,0,allocation 1:1 | doubled distance
1:1,True,0.8791479059745941,model TTL,58,0.0,0.0,0.0,,,0,0,allocation 1:1 | doubled distance
1:1,True,0.8791479059745941,model TTL,57,0.0,0.0,0.0,,,0,0,allocation 1:1 | doubled distance
1:1,True,0.8791479059745941,model TTL,59,0.0,0.0,0.0,,,0,0,allocation 1:1 | doubled distance
1:1,True,0.8791479059745941,model TTL,60,0.0,0.0,0.0,,,0,0,allocation 1:1 | doubled distance
1:1,True,0.8791479059745941,model TTL,61,0.0,0.0,0.0,,,0,0,allocation 1:1 | doubled distance
1:1,True,0.8791479059745941,model TTL,81,0.0,0.0,0.0,,,0,0,allocation 1:1 | doubled distance
1:1,True,0.8791479059745941,model TTL,63,0.0,0.0,0.0,,,0,0,allocation 1:1 | doubled distance
1:1,True,0.8791479059745941,model TTL,64,0.0,0.0,0.0,,,0,0,allocation 1:1 | doubled distance
1:1,True,0.8791479059745941,model TTL,66,0.0,0.0,0.0,,,0,0,allocation 1:1 | doubled distance
1:1,True,0.8791479059745941,model TTL,65,0.0,0.0,0.0,,,0,0,allocation 1:1 | doubled distance
1:1,True,0.8791479059745941,model TTL,69,0.0,0.0,0.0,,,0,0,allocation 1:1 | doubled distance
1:1,True,0.8791479059745941,model TTL,67,0.0,0.0,0.0,,,0,0,allocation 1:1 | doubled distance
1:1,True,0.8791479059745941,model TTL,68,0.0,0.0,0.0,,,0,0,allocation 1:1 | doubled distance
1:1,True,0.8791479059745941,model TTL,70,0.0,0.0,0.0,,,0,0,allocation 1:1 | doubled distance
1:1,True,0.8791479059745941,model TTL,71,0.0,0.0,0.0,,,0,0,allocation 1:1 | doubled distance
1:1,True,0.8791479059745941,model TTL,73,0.0,0.0,0.0,,,0,0,allocation 1:1 | doubled distance
1:1,True,0.8791479059745941,model TTL,72,0.0,0.0,0.0,,,0,0,allocation 1:1 | doubled distance
1:1,True,0.8791479059745941,model TTL,76,0.0,0.0,0.0,,,0,0,allocation 1:1 | doubled distance
1:1,True,0.8791479059745941,model TTL,74,0.0,0.0,0.0,,,0,0,allocation 1:1 | doubled distance
1:1,True,0.8791479059745941,model TTL,77,0.0,0.0,0.0,,,0,0,allocation 1:1 | doubled distance
1:1,True,0.8791479059745941,model TTL,75,0.0,0.0,0.0,,,0,0,allocation 1:1 | doubled distance
1:1,True,0.8791479059745941,model TTL,80,0.0,0.0,0.0,,,0,0,allocation 1:1 | doubled distance
1:1,True,0.8791479059745941,model TTL,78,0.0,0.0,0.0,,,0,0,allocation 1:1 | doubled distance
1:1,True,0.8791479059745941,model TTL,79,0.0,0.0,0.0,,,0,0,allocation 1:1 | doubled distance
1:1,True,0.8791479059745941,model TTL,82,0.0,0.0,0.0,,,0,0,allocation 1:1 | doubled distance
1:1,True,0.8791479059745941,model TTL,83,0.0,0.0,0.0,,,0,0,allocation 1:1 | doubled distance
1:1,True,0.8791479059745941,model TTL,85,0.0,0.0,0.0,,,0,0,allocation 1:1 | doubled distance
1:1,True,0.8791479059745941,model TTL,88,0.0,0.0,0.0,,,0,0,allocation 1:1 | doubled distance
1:1,True,0.8791479059745941,model TTL,84,0.0,0.0,0.0,,,0,0,allocation 1:1 | doubled distance
1:1,True,0.8791479059745941,model TTL,86,0.0,0.0,0.0,,,0,0,allocation 1:1 | doubled distance
1:1,True,0.8791479059745941,model TTL,87,0.0,0.0,0.0,,,0,0,allocation 1:1 | doubled distance
1:1,True,0.8791479059745941,model TTL,90,0.0,0.0,0.0,,,0,0,allocation 1:1 | doubled distance
1:1,True,0.8791479059745941,model TTL,89,0.0,0.0,0.0,,,0,0,allocation 1:1 | doubled distance
1:1,True,0.8791479059745941,model TTL,93,0.0,0.0,0.0,,,0,0,allocation 1:1 | doubled distance
1:1,True,0.8791479059745941,model TTL,92,0.0,0.0,0.0,,,0,0,allocation 1:1 | doubled distance
1:1,True,0.8791479059745941,model TTL,91,0.0,0.0,0.0,,,0,0,allocation 1:1 | doubled distance
1:1,True,0.8791479059745941,model TTL,94,0.0,0.0,0.0,,,0,0,allocation 1:1 | doubled distance
1:1,True,0.8791479059745941,model TTL,96,0.0,0.0,0.0,,,0,0,allocation 1:1 | doubled distance
1:1,True,0.8791479059745941,model TTL,99,0.0,0.0,0.0,,,0,0,allocation 1:1 | doubled distance
1:1,True,0.8791479059745941,model TTL,97,0.0,0.0,0.0,,,0,0,allocation 1:1 | doubled distance
1:1,True,0.8791479059745941,model TTL,95,0.0,0.0,0.0,,,0,0,allocation 1:1 | doubled distance
1:1,True,0.8791479059745941,model TTL,98,0.0,0.0,0.0,,,0,0,allocation 1:1 | doubled distance
3:3,False,0.75,no TTL,22,13.0,2.5,10.5,0.6276327181749144,0.8274539487736065,21,26,allocation 3:3 | no multiplexing | doubled distance
3:3,False,0.75,no TTL,8,10.0,2.5,7.5,0.600329473086885,0.815304000197351,15,20,allocation 3:3 | no multiplexing | doubled distance
3:3,False,0.75,no TTL,14,13.5,3.0,10.5,0.6190569758837583,0.7950066351739112,21,27,allocation 3:3 | no multiplexing | doubled distance
3:3,False,0.75,no TTL,21,10.0,1.5,8.5,0.5846667108230981,0.815585207663719,17,20,allocation 3:3 | no multiplexing | doubled distance
3:3,False,0.75,no TTL,23,10.0,1.0,9.0,0.568635510795247,0.7590597164617716,18,20,allocation 3:3 | no multiplexing | doubled distance
3:3,False,0.75,no TTL,18,9.5,3.0,6.5,0.6332803223289545,0.8199355183090334,13,19,allocation 3:3 | no multiplexing | doubled distance
3:3,False,0.75,no TTL,9,13.5,3.5,10.0,0.5991191814834838,0.8033170591974741,20,27,allocation 3:3 | no multiplexing | doubled distance
3:3,False,0.75,no TTL,3,16.0,2.0,14.0,0.6222286437139952,0.8095590913934564,28,32,allocation 3:3 | no multiplexing | doubled distance
3:3,False,0.75,no TTL,6,10.5,1.5,9.0,0.5915509011455841,0.8164267439028653,18,21,allocation 3:3 | no multiplexing | doubled distance
3:3,False,0.75,no TTL,12,9.5,2.0,7.5,0.6320089712943265,0.815003755804764,15,19,allocation 3:3 | no multiplexing | doubled distance
3:3,False,0.75,no TTL,15,14.0,4.0,10.0,0.667644900319597,0.7966699779783879,20,28,allocation 3:3 | no multiplexing | doubled distance
3:3,False,0.75,no TTL,4,9.5,1.5,8.0,0.6400093251524837,0.8064851209880873,16,19,allocation 3:3 | no multiplexing | doubled distance
3:3,False,0.75,no TTL,0,14.5,4.0,10.5,0.6516040684118604,0.8050049025196236,21,29,allocation 3:3 | no multiplexing | doubled distance
3:3,False,0.75,no TTL,20,16.0,5.5,10.5,0.6499541101403846,0.819157668996917,21,32,allocation 3:3 | no multiplexing | doubled distance
3:3,False,0.75,no TTL,10,17.5,2.0,15.5,0.611101625324474,0.8096117769767688,31,35,allocation 3:3 | no multiplexing | doubled distance
3:3,False,0.75,no TTL,5,14.0,3.5,10.5,0.6197502903174708,0.8213429124236943,21,28,allocation 3:3 | no multiplexing | doubled distance
3:3,False,0.75,no TTL,28,14.5,5.0,9.5,0.6463411924683768,0.7975913723472261,19,29,allocation 3:3 | no multiplexing | doubled distance
3:3,False,0.75,no TTL,2,11.5,2.5,9.0,0.6134023551252135,0.8005576617808284,18,23,allocation 3:3 | no multiplexing | doubled distance
3:3,False,0.75,no TTL,19,11.5,5.5,6.0,0.6675017799611318,0.8219107085528364,12,23,allocation 3:3 | no multiplexing | doubled distance
3:3,False,0.75,no TTL,27,14.5,6.0,8.5,0.6571556490500865,0.8070641244913244,17,29,allocation 3:3 | no multiplexing | doubled distance
3:3,False,0.75,no TTL,17,9.5,1.0,8.5,0.5632389990398726,0.8082615974310616,17,19,allocation 3:3 | no multiplexing | doubled distance
3:3,False,0.75,no TTL,16,19.0,3.5,15.5,0.6139776977945103,0.799546907778531,31,38,allocation 3:3 | no multiplexing | doubled distance
3:3,False,0.75,no TTL,13,14.5,2.0,12.5,0.6181826889890357,0.8251179996288125,25,29,allocation 3:3 | no multiplexing | doubled distance
3:3,False,0.75,no TTL,24,13.5,4.5,9.0,0.658468131343742,0.7971539829190438,18,27,allocation 3:3 | no multiplexing | doubled distance
3:3,False,0.75,no TTL,25,13.0,2.5,10.5,0.6264050272286963,0.822244015998486,21,26,allocation 3:3 | no multiplexing | doubled distance
3:3,False,0.75,no TTL,1,15.5,3.5,12.0,0.5793822131044839,0.7786491066217143,24,31,allocation 3:3 | no multiplexing | doubled distance
3:3,False,0.75,no TTL,29,16.5,3.5,13.0,0.6240751538640746,0.803058953134485,26,33,allocation 3:3 | no multiplexing | doubled distance
3:3,False,0.75,no TTL,11,13.0,3.0,10.0,0.6041007032979452,0.81198944759743,20,26,allocation 3:3 | no multiplexing | doubled distance
3:3,False,0.75,no TTL,26,16.5,3.0,13.5,0.6272412254998799,0.7898825323991365,27,33,allocation 3:3 | no multiplexing | doubled distance
3:3,False,0.75,no TTL,30,12.0,2.5,9.5,0.6091031010816366,0.8005259430906421,19,24,allocation 3:3 | no multiplexing | doubled distance
3:3,False,0.75,no TTL,7,17.5,3.0,14.5,0.5863866667232753,0.8107412969847013,29,35,allocation 3:3 | no multiplexing | doubled distance
3:3,False,0.75,no TTL,31,14.5,3.5,11.0,0.6142041909183215,0.808448093095881,22,29,allocation 3:3 | no multiplexing | doubled distance
3:3,False,0.75,no TTL,36,12.5,2.5,10.0,0.6023910225019975,0.780834442301415,20,25,allocation 3:3 | no multiplexing | doubled distance
3:3,False,0.75,no TTL,34,11.0,0.5,10.5,0.5390797391427784,0.839545746082857,21,22,allocation 3:3 | no multiplexing | doubled distance
3:3,False,0.75,no TTL,62,11.0,2.5,8.5,0.6181093778782312,0.833089286026773,17,22,allocation 3:3 | no multiplexing | doubled distance
3:3,False,0.75,no TTL,33,11.5,3.5,8.0,0.6145271559160143,0.7925285816282669,16,23,allocation 3:3 | no multiplexing | doubled distance
3:3,False,0.75,no TTL,43,12.0,4.5,7.5,0.6549408678022316,0.8046601009762824,15,24,allocation 3:3 | no multiplexing | doubled distance
3:3,False,0.75,no TTL,46,14.5,2.5,12.0,0.6045363313885825,0.8193317257679308,24,29,allocation 3:3 | no multiplexing | doubled distance
3:3,False,0.75,no TTL,32,12.5,2.5,10.0,0.6218135627706277,0.8104642165959802,20,25,allocation 3:3 | no multiplexing | doubled distance
3:3,False,0.75,no TTL,37,11.0,2.5,8.5,0.609466081708668,0.8054047875752894,17,22,allocation 3:3 | no multiplexing | doubled distance
3:3,False,0.75,no TTL,48,11.0,3.5,7.5,0.6223230373313119,0.8258047133991346,15,22,allocation 3:3 | no multiplexing | doubled distance
3:3,False,0.75,no TTL,40,11.0,4.5,6.5,0.634094313454167,0.8128011665225315,13,22,allocation 3:3 | no multiplexing | doubled distance
3:3,False,0.75,no TTL,56,9.5,1.0,8.5,0.5790923871262655,0.8456939061728362,17,19,allocation 3:3 | no multiplexing | doubled distance
3:3,False,0.75,no TTL,35,10.5,2.0,8.5,0.6184713673812022,0.7857596675012724,17,21,allocation 3:3 | no multiplexing | doubled distance
3:3,False,0.75,no TTL,59,13.0,3.0,10.0,0.6140387029132841,0.8118286916894806,20,26,allocation 3:3 | no multiplexing | doubled distance
3:3,False,0.75,no TTL,57,12.5,2.5,10.0,0.605182644628141,0.8217019333473308,20,25,allocation 3:3 | no multiplexing | doubled distance
3:3,False,0.75,no TTL,53,11.5,3.5,8.0,0.6371298304613809,0.8094243463373274,16,23,allocation 3:3 | no multiplexing | doubled distance
3:3,False,0.75,no TTL,47,13.5,3.0,10.5,0.6377805987197431,0.8147669308484736,21,27,allocation 3:3 | no multiplexing | doubled distance
3:3,False,0.75,no TTL,38,22.0,6.5,15.5,0.6281390794258122,0.80890462553618,31,44,allocation 3:3 | no multiplexing | doubled distance
3:3,False,0.75,no TTL,44,16.0,3.5,12.5,0.6163788420515275,0.8303439729722297,25,32,allocation 3:3 | no multiplexing | doubled distance
3:3,False,0.75,no TTL,54,13.5,5.0,8.5,0.6716148419627225,0.8175003112198667,17,27,allocation 3:3 | no multiplexing | doubled distance
3:3,False,0.75,no TTL,49,16.0,2.5,13.5,0.5972733683471643,0.830664543856082,27,32,allocation 3:3 | no multiplexing | doubled distance
3:3,False,0.75,no TTL,45,12.5,3.0,9.5,0.6302494533878928,0.8060138451013006,19,25,allocation 3:3 | no multiplexing | doubled distance
3:3,False,0.75,no TTL,42,12.5,4.0,8.5,0.6687732531252885,0.8231490032975832,17,25,allocation 3:3 | no multiplexing | doubled distance
3:3,False,0.75,no TTL,50,11.0,3.5,7.5,0.6506765325645683,0.7990400748964287,15,22,allocation 3:3 | no multiplexing | doubled distance
3:3,False,0.75,no TTL,41,13.0,2.5,10.5,0.6270794751954245,0.8179088342792306,21,26,allocation 3:3 | no multiplexing | doubled distance
3:3,False,0.75,no TTL,58,17.0,3.5,13.5,0.6102030805558827,0.7925166262000087,27,34,allocation 3:3 | no multiplexing | doubled distance
3:3,False,0.75,no TTL,51,12.0,3.0,9.0,0.6319162594391124,0.8122968019904712,18,24,allocation 3:3 | no multiplexing | doubled distance
3:3,False,0.75,no TTL,52,15.0,2.0,13.0,0.5781883968983289,0.791654125660044,26,30,allocation 3:3 | no multiplexing | doubled distance
3:3,False,0.75,no TTL,39,11.5,4.0,7.5,0.6486037759213107,0.8098350459000303,15,23,allocation 3:3 | no multiplexing | doubled distance
3:3,False,0.75,no TTL,55,15.0,4.0,11.0,0.6409865297228786,0.8158774300986725,22,30,allocation 3:3 | no multiplexing | doubled distance
3:3,False,0.75,no TTL,61,11.5,1.5,10.0,0.6210427269370367,0.8093792215196871,20,23,allocation 3:3 | no multiplexing | doubled distance
3:3,False,0.75,no TTL,60,12.5,4.0,8.5,0.6717447591052553,0.7892314082973069,17,25,allocation 3:3 | no multiplexing | doubled distance
3:3,False,0.75,no TTL,65,12.5,2.0,10.5,0.5822568398153698,0.8114185578846853,21,25,allocation 3:3 | no multiplexing | doubled distance
3:3,False,0.75,no TTL,63,11.5,2.5,9.0,0.587195883437648,0.82099656735217,18,23,allocation 3:3 | no multiplexing | doubled distance
3:3,False,0.75,no TTL,64,16.0,3.0,13.0,0.6186620775398075,0.8171434697862157,26,32,allocation 3:3 | no multiplexing | doubled distance
3:3,False,0.75,no TTL,66,15.0,3.5,11.5,0.6370064105126249,0.8091750661509057,23,30,allocation 3:3 | no multiplexing | doubled distance
3:3,False,0.75,no TTL,70,9.0,3.0,6.0,0.6441828909929895,0.8143989736830817,12,18,allocation 3:3 | no multiplexing | doubled distance
3:3,False,0.75,no TTL,67,15.5,3.5,12.0,0.6303157679140934,0.7961186778091701,24,31,allocation 3:3 | no multiplexing | doubled distance
3:3,False,0.75,no TTL,73,9.0,1.0,8.0,0.6370901900969694,0.7929403979261205,16,18,allocation 3:3 | no multiplexing | doubled distance
3:3,False,0.75,no TTL,69,11.0,3.0,8.0,0.608213497656554,0.8015286293033381,16,22,allocation 3:3 | no multiplexing | doubled distance
3:3,False,0.75,no TTL,78,11.5,1.5,10.0,0.6104164213426387,0.7858999442239569,20,23,allocation 3:3 | no multiplexing | doubled distance
3:3,False,0.75,no TTL,94,16.5,4.0,12.5,0.6430938267873736,0.816569808763123,25,33,allocation 3:3 | no multiplexing | doubled distance
3:3,False,0.75,no TTL,75,14.5,1.0,13.5,0.562505725027061,0.8425146743077517,27,29,allocation 3:3 | no multiplexing | doubled distance
3:3,False,0.75,no TTL,72,13.5,2.0,11.5,0.5605500205001339,0.8167466493097568,23,27,allocation 3:3 | no multiplexing | doubled distance
3:3,False,0.75,no TTL,68,13.0,3.0,10.0,0.6314345299596201,0.8021097018260606,20,26,allocation 3:3 | no multiplexing | doubled distance
3:3,False,0.75,no TTL,86,9.5,1.5,8.0,0.564302017557799,0.8023808885911416,16,19,allocation 3:3 | no multiplexing | doubled distance
3:3,False,0.75,no TTL,82,16.0,2.5,13.5,0.607672866914907,0.8202734316935727,27,32,allocation 3:3 | no multiplexing | doubled distance
3:3,False,0.75,no TTL,77,13.5,2.5,11.0,0.6087290938715737,0.8225558994450047,22,27,allocation 3:3 | no multiplexing | doubled distance
3:3,False,0.75,no TTL,80,15.5,3.5,12.0,0.6010164496211471,0.7954129132013568,24,31,allocation 3:3 | no multiplexing | doubled distance
3:3,False,0.75,no TTL,71,14.0,2.0,12.0,0.6374595356883006,0.8135050566433099,24,28,allocation 3:3 | no multiplexing | doubled distance
3:3,False,0.75,no TTL,74,13.5,2.5,11.0,0.6200118472485179,0.8166631089466992,22,27,allocation 3:3 | no multiplexing | doubled distance
3:3,False,0.75,no TTL,79,15.5,3.5,12.0,0.6299613472430893,0.8048037041458588,24,31,allocation 3:3 | no multiplexing | doubled distance
3:3,False,0.75,no TTL,89,13.0,0.5,12.5,0.5795608159659044,0.7770397541053041,25,26,allocation 3:3 | no multiplexing | doubled distance
3:3,False,0.75,no TTL,83,14.0,4.0,10.0,0.6192283445297374,0.821913432701167,20,28,allocation 3:3 | no multiplexing | doubled distance
3:3,False,0.75,no TTL,87,12.0,3.0,9.0,0.6179251320254346,0.8097871770887921,18,24,allocation 3:3 | no multiplexing | doubled distance
3:3,False,0.75,no TTL,84,12.0,3.5,8.5,0.6165481666614526,0.8145553423349197,17,24,allocation 3:3 | no multiplexing | doubled distance
3:3,False,0.75,no TTL,81,17.0,4.5,12.5,0.6480924435734979,0.8175166265004346,25,34,allocation 3:3 | no multiplexing | doubled distance
3:3,False,0.75,no TTL,91,10.0,2.5,7.5,0.6198556926509347,0.8217059351237904,15,20,allocation 3:3 | no multiplexing | doubled distance
3:3,False,0.75,no TTL,76,15.0,3.5,11.5,0.6197639450912498,0.8236892970284692,23,30,allocation 3:3 | no multiplexing | doubled distance
3:3,False,0.75,no TTL,85,12.0,3.0,9.0,0.6669499231077914,0.8405156142921828,18,24,allocation 3:3 | no multiplexing | doubled distance
3:3,False,0.75,no TTL,90,13.0,4.0,9.0,0.6238384073037111,0.8181041109348626,18,26,allocation 3:3 | no multiplexing | doubled distance
3:3,False,0.75,no TTL,92,14.0,3.5,10.5,0.6329638582338234,0.7928538497444049,21,28,allocation 3:3 | no multiplexing | doubled distance
3:3,False,0.75,no TTL,88,14.0,2.0,12.0,0.5975878118156353,0.80067763572489,24,28,allocation 3:3 | no multiplexing | doubled distance
3:3,False,0.75,no TTL,93,14.5,3.0,11.5,0.6052426198346172,0.7841656734044898,23,29,allocation 3:3 | no multiplexing | doubled distance
3:3,False,0.75,no TTL,95,12.0,1.5,10.5,0.5878215586130782,0.8061949017482074,21,24,allocation 3:3 | no multiplexing | doubled distance
3:3,False,0.75,no TTL,96,16.0,4.0,12.0,0.6239043418753951,0.793806026346555,24,32,allocation 3:3 | no multiplexing | doubled distance
3:3,False,0.75,no TTL,99,15.5,5.0,10.5,0.6398997203226325,0.8237263158727381,21,31,allocation 3:3 | no multiplexing | doubled distance
3:3,False,0.75,no TTL,97,16.5,3.0,13.5,0.6160773664268425,0.8075992109256613,27,33,allocation 3:3 | no multiplexing | doubled distance
3:3,False,0.75,model TTL,3,15.5,14.5,1.0,0.8079093062688671,0.8120374230812711,2,31,allocation 3:3 | no multiplexing | doubled distance
3:3,False,0.75,no TTL,98,15.5,2.0,13.5,0.6121493266379398,0.8410821517627081,27,31,allocation 3:3 | no multiplexing | doubled distance
3:3,False,0.75,model TTL,0,9.0,8.0,1.0,0.8116643379889522,0.8225133033399104,2,18,allocation 3:3 | no multiplexing | doubled distance
3:3,False,0.75,model TTL,6,12.5,10.0,2.5,0.7997873713322695,0.814532109275427,5,25,allocation 3:3 | no multiplexing | doubled distance
3:3,False,0.75,model TTL,12,11.0,9.5,1.5,0.8005376375381089,0.8107008108689151,3,22,allocation 3:3 | no multiplexing | doubled distance
3:3,False,0.75,model TTL,5,15.5,12.5,3.0,0.7889976578141961,0.8013062535391727,6,31,allocation 3:3 | no multiplexing | doubled distance
3:3,False,0.75,model TTL,9,12.5,11.0,1.5,0.8171375084795626,0.8276782524344255,3,25,allocation 3:3 | no multiplexing | doubled distance
3:3,False,0.75,model TTL,10,9.5,7.5,2.0,0.8005823986123239,0.8159672114990004,4,19,allocation 3:3 | no multiplexing | doubled distance
3:3,False,0.75,model TTL,1,16.0,14.5,1.5,0.7977260704645209,0.8032068191312562,3,32,allocation 3:3 | no multiplexing | doubled distance
3:3,False,0.75,model TTL,14,11.0,9.5,1.5,0.7998627085250022,0.809511236665207,3,22,allocation 3:3 | no multiplexing | doubled distance
3:3,False,0.75,model TTL,15,12.0,11.0,1.0,0.8009816827432816,0.8061319465712785,2,24,allocation 3:3 | no multiplexing | doubled distance
3:3,False,0.75,model TTL,2,11.5,11.0,0.5,0.8101498874549736,0.8135386168862699,1,23,allocation 3:3 | no multiplexing | doubled distance
3:3,False,0.75,model TTL,4,12.5,11.5,1.0,0.8084931254329055,0.8143417063806833,2,25,allocation 3:3 | no multiplexing | doubled distance
3:3,False,0.75,model TTL,7,15.5,15.0,0.5,0.8062533851380331,0.8083537966329654,1,31,allocation 3:3 | no multiplexing | doubled distance
3:3,False,0.75,model TTL,17,6.5,5.0,1.5,0.7902794245583795,0.8049950696703715,3,13,allocation 3:3 | no multiplexing | doubled distance
3:3,False,0.75,model TTL,13,15.0,13.0,2.0,0.8028062734575446,0.8114494131324567,4,30,allocation 3:3 | no multiplexing | doubled distance
3:3,False,0.75,model TTL,8,15.5,14.0,1.5,0.7945986587254298,0.7998856472150109,3,31,allocation 3:3 | no multiplexing | doubled distance
3:3,False,0.75,model TTL,18,16.0,16.0,0.0,0.8006657625699062,0.8006657625699062,0,32,allocation 3:3 | no multiplexing | doubled distance
3:3,False,0.75,model TTL,16,19.0,16.5,2.5,0.7932769709700113,0.8017618370449382,5,38,allocation 3:3 | no multiplexing | doubled distance
3:3,False,0.75,model TTL,11,11.5,10.0,1.5,0.7962998788396224,0.8035479539500905,3,23,allocation 3:3 | no multiplexing | doubled distance
3:3,False,0.75,model TTL,19,10.5,9.0,1.5,0.8042311240266883,0.8147560721452822,3,21,allocation 3:3 | no multiplexing | doubled distance
3:3,False,0.75,model TTL,20,15.5,14.0,1.5,0.8096213700855549,0.8167897345074201,3,31,allocation 3:3 | no multiplexing | doubled distance
3:3,False,0.75,model TTL,23,13.5,11.0,2.5,0.8026547546931956,0.8167189391435277,5,27,allocation 3:3 | no multiplexing | doubled distance
3:3,False,0.75,model TTL,22,12.5,11.0,1.5,0.7985008311611892,0.8063418277485862,3,25,allocation 3:3 | no multiplexing | doubled distance
3:3,False,0.75,model TTL,21,13.5,11.5,2.0,0.8083982993635082,0.819223837470731,4,27,allocation 3:3 | no multiplexing | doubled distance
3:3,False,0.75,model TTL,24,17.5,15.0,2.5,0.7934776477319548,0.8021780272490324,5,35,allocation 3:3 | no multiplexing | doubled distance
3:3,False,0.75,model TTL,25,14.5,12.0,2.5,0.7971521154521615,0.8095032788735916,5,29,allocation 3:3 | no multiplexing | doubled distance
3:3,False,0.75,model TTL,30,10.0,8.0,2.0,0.7909985638526715,0.8050434473945964,4,20,allocation 3:3 | no multiplexing | doubled distance
3:3,False,0.75,model TTL,27,10.0,10.0,0.0,0.8094687316803185,0.8094687316803185,0,20,allocation 3:3 | no multiplexing | doubled distance
3:3,False,0.75,model TTL,26,11.0,9.0,2.0,0.799880714737737,0.814705638347181,4,22,allocation 3:3 | no multiplexing | doubled distance
3:3,False,0.75,model TTL,28,15.5,13.5,2.0,0.8036940296741598,0.8135062636392627,4,31,allocation 3:3 | no multiplexing | doubled distance
3:3,False,0.75,model TTL,31,10.5,9.0,1.5,0.8051544710356795,0.8152992897286216,3,21,allocation 3:3 | no multiplexing | doubled distance
3:3,False,0.75,model TTL,29,15.0,13.0,2.0,0.8034779315706856,0.8130355975187799,4,30,allocation 3:3 | no multiplexing | doubled distance
3:3,False,0.75,model TTL,35,12.0,11.0,1.0,0.8094697065803852,0.8154543079747709,2,24,allocation 3:3 | no multiplexing | doubled distance
3:3,False,0.75,model TTL,32,15.5,15.5,0.0,0.8090715479667856,0.8090715479667856,0,31,allocation 3:3 | no multiplexing | doubled distance
3:3,False,0.75,model TTL,39,12.5,12.0,0.5,0.8183211144078839,0.8212003418082396,1,25,allocation 3:3 | no multiplexing | doubled distance
3:3,False,0.75,model TTL,48,12.5,11.5,1.0,0.8095523035457584,0.8150576034904242,2,25,allocation 3:3 | no multiplexing | doubled distance
3:3,False,0.75,model TTL,44,10.0,9.0,1.0,0.7913554385328618,0.7971912301990003,2,20,allocation 3:3 | no multiplexing | doubled distance
3:3,False,0.75,model TTL,33,15.0,13.5,1.5,0.8082334383873142,0.8155195186976116,3,30,allocation 3:3 | no multiplexing | doubled distance
3:3,False,0.75,model TTL,38,15.5,12.5,3.0,0.791802461830166,0.8052984736030595,6,31,allocation 3:3 | no multiplexing | doubled distance
3:3,False,0.75,model TTL,36,16.5,15.5,1.0,0.8028579782326405,0.8068797795697131,2,33,allocation 3:3 | no multiplexing | doubled distance
3:3,False,0.75,model TTL,34,17.5,16.0,1.5,0.8000263075823343,0.8057194002414315,3,35,allocation 3:3 | no multiplexing | doubled distance
3:3,False,0.75,model TTL,41,11.5,11.0,0.5,0.7998543113946345,0.8033300046869702,1,23,allocation 3:3 | no multiplexing | doubled distance
3:3,False,0.75,model TTL,45,14.5,13.0,1.5,0.8029967436639354,0.8106678009617823,3,29,allocation 3:3 | no multiplexing | doubled distance
3:3,False,0.75,model TTL,37,13.0,11.5,1.5,0.798710015579189,0.8056802470189804,3,26,allocation 3:3 | no multiplexing | doubled distance
3:3,False,0.75,model TTL,42,14.5,14.0,0.5,0.8013531550282447,0.8037198835617173,1,29,allocation 3:3 | no multiplexing | doubled distance
3:3,False,0.75,model TTL,47,11.5,10.0,1.5,0.7922870268605836,0.8002061556074838,3,23,allocation 3:3 | no multiplexing | doubled distance
3:3,False,0.75,model TTL,46,20.5,17.5,3.0,0.79915243663413,0.8096345463681627,6,41,allocation 3:3 | no multiplexing | doubled distance
3:3,False,0.75,model TTL,43,12.5,10.0,2.5,0.788018624864374,0.7999611221190349,5,25,allocation 3:3 | no multiplexing | doubled distance
3:3,False,0.75,model TTL,40,15.5,14.0,1.5,0.8077205146048578,0.8148148496903401,3,31,allocation 3:3 | no multiplexing | doubled distance
3:3,False,0.75,model TTL,50,14.0,11.5,2.5,0.798842356969056,0.8128513426582918,5,28,allocation 3:3 | no multiplexing | doubled distance
3:3,False,0.75,model TTL,52,15.0,11.5,3.5,0.7834928595141958,0.7982805582744452,7,30,allocation 3:3 | no multiplexing | doubled distance
3:3,False,0.75,model TTL,51,14.0,11.0,3.0,0.7927218636109451,0.807154847629199,6,28,allocation 3:3 | no multiplexing | doubled distance
3:3,False,0.75,model TTL,49,17.0,14.0,3.0,0.7972438581075232,0.8109000028561176,6,34,allocation 3:3 | no multiplexing | doubled distance
3:3,False,0.75,model TTL,54,9.0,8.5,0.5,0.7963039237336873,0.7993082023210051,1,18,allocation 3:3 | no multiplexing | doubled distance
3:3,False,0.75,model TTL,53,13.0,12.5,0.5,0.796414822469557,0.7986652048876599,1,26,allocation 3:3 | no multiplexing | doubled distance
3:3,False,0.75,model TTL,57,18.5,16.0,2.5,0.7955515384732673,0.8043730068388001,5,37,allocation 3:3 | no multiplexing | doubled distance
3:3,False,0.75,model TTL,56,13.5,11.5,2.0,0.8134958346950386,0.8261929707000407,4,27,allocation 3:3 | no multiplexing | doubled distance
3:3,False,0.75,model TTL,55,12.0,9.0,3.0,0.7832504430345719,0.799853722844209,6,24,allocation 3:3 | no multiplexing | doubled distance
3:3,False,0.75,model TTL,61,16.0,13.5,2.5,0.7973612652689556,0.8079574052766364,5,32,allocation 3:3 | no multiplexing | doubled distance
3:3,False,0.75,model TTL,58,12.5,11.0,1.5,0.7926765598079336,0.7992277641390713,3,25,allocation 3:3 | no multiplexing | doubled distance
3:3,False,0.75,model TTL,59,11.5,9.0,2.5,0.8002907344929202,0.8162269532029276,5,23,allocation 3:3 | no multiplexing | doubled distance
3:3,False,0.75,model TTL,60,14.5,12.5,2.0,0.7998464942051242,0.8094212082167518,4,29,allocation 3:3 | no multiplexing | doubled distance
3:3,False,0.75,model TTL,62,12.0,10.0,2.0,0.8036972091297225,0.8163112592168017,4,24,allocation 3:3 | no multiplexing | doubled distance
3:3,False,0.75,model TTL,63,16.0,14.0,2.0,0.8032507739609099,0.8123440248178876,4,32,allocation 3:3 | no multiplexing | doubled distance
3:3,False,0.75,model TTL,79,11.0,10.0,1.0,0.8130325280529378,0.8208710914504094,2,22,allocation 3:3 | no multiplexing | doubled distance
3:3,False,0.75,model TTL,83,13.5,12.5,1.0,0.8153216235622834,0.8214189336083684,2,27,allocation 3:3 | no multiplexing | doubled distance
3:3,False,0.75,model TTL,64,13.0,12.0,1.0,0.8061234677474368,0.8121840959036098,2,26,allocation 3:3 | no multiplexing | doubled distance
3:3,False,0.75,model TTL,74,8.0,7.0,1.0,0.8058306301191409,0.8150376958566571,2,16,allocation 3:3 | no multiplexing | doubled distance
3:3,False,0.75,model TTL,71,14.0,12.0,2.0,0.7964921264244925,0.8061976733601741,4,28,allocation 3:3 | no multiplexing | doubled distance
3:3,False,0.75,model TTL,65,17.0,14.5,2.5,0.7959124994292474,0.805276132255035,5,34,allocation 3:3 | no multiplexing | doubled distance
3:3,False,0.75,model TTL,72,16.5,14.0,2.5,0.8017648723700437,0.8128719482290887,5,33,allocation 3:3 | no multiplexing | doubled distance
3:3,False,0.75,model TTL,73,14.5,14.0,0.5,0.8150140132591964,0.8179616425952426,1,29,allocation 3:3 | no multiplexing | doubled distance
3:3,False,0.75,model TTL,70,12.5,12.5,0.0,0.8082493404670307,0.8082493404670307,0,25,allocation 3:3 | no multiplexing | doubled distance
3:3,False,0.75,model TTL,68,9.5,8.0,1.5,0.7989902261611586,0.8094780587023829,3,19,allocation 3:3 | no multiplexing | doubled distance
3:3,False,0.75,model TTL,69,12.5,11.0,1.5,0.8081845372925784,0.8178481660922284,3,25,allocation 3:3 | no multiplexing | doubled distance
3:3,False,0.75,model TTL,67,13.5,12.5,1.0,0.7953668150553765,0.7993917923191504,2,27,allocation 3:3 | no multiplexing | doubled distance
3:3,False,0.75,model TTL,78,13.5,11.0,2.5,0.8023342817409608,0.8160780977649507,5,27,allocation 3:3 | no multiplexing | doubled distance
3:3,False,0.75,model TTL,66,11.0,10.5,0.5,0.8076661317452427,0.8106528213900954,1,22,allocation 3:3 | no multiplexing | doubled distance
3:3,False,0.75,model TTL,77,15.5,12.5,3.0,0.8022601949784357,0.8161547931612566,6,31,allocation 3:3 | no multiplexing | doubled distance
3:3,False,0.75,model TTL,76,10.5,10.0,0.5,0.8018747242349893,0.8045180579674167,1,21,allocation 3:3 | no multiplexing | doubled distance
3:3,False,0.75,model TTL,84,12.5,11.0,1.5,0.8046471789480413,0.8132865445622315,3,25,allocation 3:3 | no multiplexing | doubled distance
3:3,False,0.75,model TTL,82,11.5,9.0,2.5,0.7954527733815601,0.8106380638086539,5,23,allocation 3:3 | no multiplexing | doubled distance
3:3,False,0.75,model TTL,85,10.5,9.5,1.0,0.8125670192062558,0.819879219742388,2,21,allocation 3:3 | no multiplexing | doubled distance
3:3,False,0.75,model TTL,81,14.5,13.0,1.5,0.8050978443476529,0.8125070924151914,3,29,allocation 3:3 | no multiplexing | doubled distance
3:3,False,0.75,model TTL,75,21.5,15.0,6.5,0.7849756998967894,0.8049035196312228,13,43,allocation 3:3 | no multiplexing | doubled distance
3:3,False,0.75,model TTL,80,18.0,15.0,3.0,0.7969914478743918,0.810040967779446,6,36,allocation 3:3 | no multiplexing | doubled distance
3:3,False,0.75,model TTL,87,18.0,17.0,1.0,0.8032368888050819,0.8066329462667888,2,36,allocation 3:3 | no multiplexing | doubled distance
3:3,False,0.75,model TTL,86,14.5,14.0,0.5,0.8149286222093097,0.8174046740052551,1,29,allocation 3:3 | no multiplexing | doubled distance
3:3,False,0.75,model TTL,88,10.5,9.0,1.5,0.7905540580233831,0.8004798462099015,3,21,allocation 3:3 | no multiplexing | doubled distance
3:3,False,0.75,model TTL,89,17.5,15.5,2.0,0.7986116633517042,0.8054520891612373,4,35,allocation 3:3 | no multiplexing | doubled distance
3:3,False,0.75,model TTL,91,10.5,9.5,1.0,0.7910725145646742,0.7960704300805496,2,21,allocation 3:3 | no multiplexing | doubled distance
3:3,False,0.75,model TTL,90,15.5,12.5,3.0,0.7957246433216745,0.8098800985273796,6,31,allocation 3:3 | no multiplexing | doubled distance
3:3,False,0.75,model TTL,93,15.0,9.5,5.5,0.7852559573054938,0.8132744929567496,11,30,allocation 3:3 | no multiplexing | doubled distance
3:3,False,0.75,model TTL,92,14.5,13.5,1.0,0.8031424748391404,0.8078790802286293,2,29,allocation 3:3 | no multiplexing | doubled distance
3:3,False,0.75,model TTL,94,11.0,9.0,2.0,0.7904408348036968,0.8014361737439338,4,22,allocation 3:3 | no multiplexing | doubled distance
3:3,False,0.75,model TTL,95,16.5,14.0,2.5,0.8131888999926862,0.8260828761987716,5,33,allocation 3:3 | no multiplexing | doubled distance
3:3,False,0.75,model TTL,97,13.5,13.0,0.5,0.7923726164584105,0.7940064987967308,1,27,allocation 3:3 | no multiplexing | doubled distance
3:3,False,0.75,model TTL,96,12.0,10.0,2.0,0.7933045135916106,0.8038304311892063,4,24,allocation 3:3 | no multiplexing | doubled distance
3:3,False,0.75,model TTL,98,13.0,12.5,0.5,0.8100510559641015,0.8124888500224707,1,26,allocation 3:3 | no multiplexing | doubled distance
3:3,False,0.75,model TTL,99,13.0,12.0,1.0,0.808365697188184,0.8139038597631629,2,26,allocation 3:3 | no multiplexing | doubled distance
3:3,False,0.7822869764936485,no TTL,8,10.0,2.5,7.5,0.600329473086885,0.815304000197351,15,20,allocation 3:3 | no multiplexing | doubled distance
3:3,False,0.7822869764936485,no TTL,14,13.5,2.5,11.0,0.6190569758837583,0.7989049376086829,22,27,allocation 3:3 | no multiplexing | doubled distance
3:3,False,0.7822869764936485,no TTL,21,10.0,1.0,9.0,0.5846667108230981,0.8345609279698414,18,20,allocation 3:3 | no multiplexing | doubled distance
3:3,False,0.7822869764936485,no TTL,17,9.5,0.5,9.0,0.5632389990398726,0.8460201594594152,18,19,allocation 3:3 | no multiplexing | doubled distance
3:3,False,0.7822869764936485,no TTL,18,9.5,3.0,6.5,0.6332803223289545,0.8199355183090334,13,19,allocation 3:3 | no multiplexing | doubled distance
3:3,False,0.7822869764936485,no TTL,9,13.5,3.0,10.5,0.5991191814834838,0.8085325941306523,21,27,allocation 3:3 | no multiplexing | doubled distance
3:3,False,0.7822869764936485,no TTL,23,10.0,0.0,10.0,0.568635510795247,,20,20,allocation 3:3 | no multiplexing | doubled distance
3:3,False,0.7822869764936485,no TTL,6,10.5,1.0,9.5,0.5915509011455841,0.8429465178084017,19,21,allocation 3:3 | no multiplexing | doubled distance
3:3,False,0.7822869764936485,no TTL,4,9.5,1.0,8.5,0.6400093251524837,0.825813709220353,17,19,allocation 3:3 | no multiplexing | doubled distance
3:3,False,0.7822869764936485,no TTL,12,9.5,1.5,8.0,0.6320089712943265,0.8320195308281353,16,19,allocation 3:3 | no multiplexing | doubled distance
3:3,False,0.7822869764936485,no TTL,3,16.0,2.0,14.0,0.6222286437139952,0.8095590913934564,28,32,allocation 3:3 | no multiplexing | doubled distance
3:3,False,0.7822869764936485,no TTL,10,17.5,1.5,16.0,0.611101625324474,0.8247323598950249,32,35,allocation 3:3 | no multiplexing | doubled distance
3:3,False,0.7822869764936485,no TTL,2,11.5,1.0,10.5,0.6134023551252135,0.8554493239435341,21,23,allocation 3:3 | no multiplexing | doubled distance
3:3,False,0.7822869764936485,no TTL,22,13.0,2.0,11.0,0.6276327181749144,0.8414244219524034,22,26,allocation 3:3 | no multiplexing | doubled distance
3:3,False,0.7822869764936485,no TTL,20,16.0,5.0,11.0,0.6499541101403846,0.8236760001360007,22,32,allocation 3:3 | no multiplexing | doubled distance
3:3,False,0.7822869764936485,no TTL,16,19.0,2.5,16.5,0.6139776977945103,0.8115377522465106,33,38,allocation 3:3 | no multiplexing | doubled distance
3:3,False,0.7822869764936485,no TTL,19,11.5,4.5,7.0,0.6675017799611318,0.8333161196275718,14,23,allocation 3:3 | no multiplexing | doubled distance
3:3,False,0.7822869764936485,no TTL,0,14.5,3.5,11.0,0.6516040684118604,0.8114787100013883,22,29,allocation 3:3 | no multiplexing | doubled distance
3:3,False,0.7822869764936485,no TTL,28,14.5,4.0,10.5,0.6463411924683768,0.8068643180358235,21,29,allocation 3:3 | no multiplexing | doubled distance
3:3,False,0.7822869764936485,no TTL,29,16.5,2.5,14.0,0.6240751538640746,0.8178795454883697,28,33,allocation 3:3 | no multiplexing | doubled distance
3:3,False,0.7822869764936485,no TTL,24,13.5,3.0,10.5,0.658468131343742,0.8135467573300865,21,27,allocation 3:3 | no multiplexing | doubled distance
3:3,False,0.7822869764936485,no TTL,25,13.0,2.0,11.0,0.6264050272286963,0.8332881417464637,22,26,allocation 3:3 | no multiplexing | doubled distance
3:3,False,0.7822869764936485,no TTL,13,14.5,1.5,13.0,0.6181826889890357,0.8499915707983486,26,29,allocation 3:3 | no multiplexing | doubled distance
3:3,False,0.7822869764936485,no TTL,30,12.0,1.5,10.5,0.6091031010816366,0.8163733952474054,21,24,allocation 3:3 | no multiplexing | doubled distance
3:3,False,0.7822869764936485,no TTL,27,14.5,4.0,10.5,0.6571556490500865,0.8247415661640264,21,29,allocation 3:3 | no multiplexing | doubled distance
3:3,False,0.7822869764936485,no TTL,1,15.5,1.5,14.0,0.5793822131044839,0.7997324305970325,28,31,allocation 3:3 | no multiplexing | doubled distance
3:3,False,0.7822869764936485,no TTL,15,14.0,2.5,11.5,0.667644900319597,0.8180153364725837,23,28,allocation 3:3 | no multiplexing | doubled distance
3:3,False,0.7822869764936485,no TTL,11,13.0,2.5,10.5,0.6041007032979452,0.8194320954665953,21,26,allocation 3:3 | no multiplexing | doubled distance
3:3,False,0.7822869764936485,no TTL,26,16.5,1.5,15.0,0.6272412254998799,0.8234667907166956,30,33,allocation 3:3 | no multiplexing | doubled distance
3:3,False,0.7822869764936485,no TTL,5,14.0,3.0,11.0,0.6197502903174708,0.8287250650658783,22,28,allocation 3:3 | no multiplexing | doubled distance
3:3,False,0.7822869764936485,no TTL,7,17.5,2.0,15.5,0.5863866667232753,0.8281434987591457,31,35,allocation 3:3 | no multiplexing | doubled distance
3:3,False,0.7822869764936485,no TTL,36,12.5,1.0,11.5,0.6023910225019975,0.7903515411962909,23,25,allocation 3:3 | no multiplexing | doubled distance
3:3,False,0.7822869764936485,no TTL,31,14.5,2.5,12.0,0.6142041909183215,0.8293309654347654,24,29,allocation 3:3 | no multiplexing | doubled distance
3:3,False,0.7822869764936485,no TTL,32,12.5,2.0,10.5,0.6218135627706277,0.8226838223968665,21,25,allocation 3:3 | no multiplexing | doubled distance
3:3,False,0.7822869764936485,no TTL,33,11.5,1.5,10.0,0.6145271559160143,0.8288254961175654,20,23,allocation 3:3 | no multiplexing | doubled distance
3:3,False,0.7822869764936485,no TTL,34,11.0,0.5,10.5,0.5390797391427784,0.839545746082857,21,22,allocation 3:3 | no multiplexing | doubled distance
3:3,False,0.7822869764936485,no TTL,46,14.5,2.0,12.5,0.6045363313885825,0.8294629009253347,25,29,allocation 3:3 | no multiplexing | doubled distance
3:3,False,0.7822869764936485,no TTL,43,12.0,3.0,9.0,0.6549408678022316,0.8244592525587778,18,24,allocation 3:3 | no multiplexing | doubled distance
3:3,False,0.7822869764936485,no TTL,37,11.0,2.0,9.0,0.609466081708668,0.8156953530807584,18,22,allocation 3:3 | no multiplexing | doubled distance
3:3,False,0.7822869764936485,no TTL,48,11.0,3.0,8.0,0.6223230373313119,0.8352503578300221,16,22,allocation 3:3 | no multiplexing | doubled distance
3:3,False,0.7822869764936485,no TTL,40,11.0,3.0,8.0,0.634094313454167,0.8338616755200023,16,22,allocation 3:3 | no multiplexing | doubled distance
3:3,False,0.7822869764936485,no TTL,51,12.0,2.0,10.0,0.6319162594391124,0.8359472784520152,20,24,allocation 3:3 | no multiplexing | doubled distance
3:3,False,0.7822869764936485,no TTL,35,10.5,1.0,9.5,0.6184713673812022,0.7986173499646092,19,21,allocation 3:3 | no multiplexing | doubled distance
3:3,False,0.7822869764936485,no TTL,56,9.5,1.0,8.5,0.5790923871262655,0.8456939061728362,17,19,allocation 3:3 | no multiplexing | doubled distance
3:3,False,0.7822869764936485,no TTL,53,11.5,3.0,8.5,0.6371298304613809,0.8175733681032227,17,23,allocation 3:3 | no multiplexing | doubled distance
3:3,False,0.7822869764936485,no TTL,59,13.0,2.5,10.5,0.6140387029132841,0.8180820402727842,21,26,allocation 3:3 | no multiplexing | doubled distance
3:3,False,0.7822869764936485,no TTL,38,22.0,4.5,17.5,0.6281390794258122,0.8261704904489647,35,44,allocation 3:3 | no multiplexing | doubled distance
3:3,False,0.7822869764936485,no TTL,54,13.5,4.0,9.5,0.6716148419627225,0.8309806675989928,19,27,allocation 3:3 | no multiplexing | doubled distance
3:3,False,0.7822869764936485,no TTL,47,13.5,2.5,11.0,0.6377805987197431,0.8268805637464136,22,27,allocation 3:3 | no multiplexing | doubled distance
3:3,False,0.7822869764936485,no TTL,49,16.0,2.0,14.0,0.5972733683471643,0.8433646530290124,28,32,allocation 3:3 | no multiplexing | doubled distance
3:3,False,0.7822869764936485,no TTL,45,12.5,2.5,10.0,0.6302494533878928,0.81111716397762,20,25,allocation 3:3 | no multiplexing | doubled distance
3:3,False,0.7822869764936485,no TTL,42,12.5,3.5,9.0,0.6687732531252885,0.8308863270819883,18,25,allocation 3:3 | no multiplexing | doubled distance
3:3,False,0.7822869764936485,no TTL,50,11.0,3.0,8.0,0.6506765325645683,0.805514675421676,16,22,allocation 3:3 | no multiplexing | doubled distance
3:3,False,0.7822869764936485,no TTL,44,16.0,3.0,13.0,0.6163788420515275,0.8408340608378182,26,32,allocation 3:3 | no multiplexing | doubled distance
3:3,False,0.7822869764936485,no TTL,41,13.0,2.0,11.0,0.6270794751954245,0.8302112656686338,22,26,allocation 3:3 | no multiplexing | doubled distance
3:3,False,0.7822869764936485,no TTL,58,17.0,2.0,15.0,0.6102030805558827,0.8168005925521894,30,34,allocation 3:3 | no multiplexing | doubled distance
3:3,False,0.7822869764936485,no TTL,52,15.0,1.5,13.5,0.5781883968983289,0.7968422731156007,27,30,allocation 3:3 | no multiplexing | doubled distance
3:3,False,0.7822869764936485,no TTL,57,12.5,2.0,10.5,0.605182644628141,0.8389316319311422,21,25,allocation 3:3 | no multiplexing | doubled distance
3:3,False,0.7822869764936485,no TTL,39,11.5,3.0,8.5,0.6486037759213107,0.8272973939800583,17,23,allocation 3:3 | no multiplexing | doubled distance
3:3,False,0.7822869764936485,no TTL,55,15.0,3.0,12.0,0.6409865297228786,0.8286836143568626,24,30,allocation 3:3 | no multiplexing | doubled distance
3:3,False,0.7822869764936485,no TTL,61,11.5,1.0,10.5,0.6210427269370367,0.8345431029917877,21,23,allocation 3:3 | no multiplexing | doubled distance
3:3,False,0.7822869764936485,no TTL,60,12.5,1.5,11.0,0.6717447591052553,0.8320097895662285,22,25,allocation 3:3 | no multiplexing | doubled distance
3:3,False,0.7822869764936485,no TTL,62,11.0,2.5,8.5,0.6181093778782312,0.833089286026773,17,22,allocation 3:3 | no multiplexing | doubled distance
3:3,False,0.7822869764936485,no TTL,63,11.5,2.5,9.0,0.587195883437648,0.82099656735217,18,23,allocation 3:3 | no multiplexing | doubled distance
3:3,False,0.7822869764936485,no TTL,93,14.5,1.0,13.5,0.6052426198346172,0.8255672760013166,27,29,allocation 3:3 | no multiplexing | doubled distance
3:3,False,0.7822869764936485,no TTL,65,12.5,2.0,10.5,0.5822568398153698,0.8114185578846853,21,25,allocation 3:3 | no multiplexing | doubled distance
3:3,False,0.7822869764936485,no TTL,64,16.0,2.5,13.5,0.6186620775398075,0.8262707349692685,27,32,allocation 3:3 | no multiplexing | doubled distance
3:3,False,0.7822869764936485,no TTL,66,15.0,2.5,12.5,0.6370064105126249,0.8263727941258386,25,30,allocation 3:3 | no multiplexing | doubled distance
3:3,False,0.7822869764936485,no TTL,70,9.0,3.0,6.0,0.6441828909929895,0.8143989736830817,12,18,allocation 3:3 | no multiplexing | doubled distance
3:3,False,0.7822869764936485,no TTL,72,13.5,1.5,12.0,0.5605500205001339,0.8356926860538193,24,27,allocation 3:3 | no multiplexing | doubled distance
3:3,False,0.7822869764936485,no TTL,73,9.0,0.5,8.5,0.6370901900969694,0.8097372479938664,17,18,allocation 3:3 | no multiplexing | doubled distance
3:3,False,0.7822869764936485,no TTL,78,11.5,0.5,11.0,0.6104164213426387,0.7977597184963393,22,23,allocation 3:3 | no multiplexing | doubled distance
3:3,False,0.7822869764936485,no TTL,67,15.5,2.0,13.5,0.6303157679140934,0.8224454853646185,27,31,allocation 3:3 | no multiplexing | doubled distance
3:3,False,0.7822869764936485,no TTL,75,14.5,1.0,13.5,0.562505725027061,0.8425146743077517,27,29,allocation 3:3 | no multiplexing | doubled distance
3:3,False,0.7822869764936485,no TTL,69,11.0,1.5,9.5,0.608213497656554,0.8401751837319797,19,22,allocation 3:3 | no multiplexing | doubled distance
3:3,False,0.7822869764936485,no TTL,77,13.5,2.5,11.0,0.6087290938715737,0.8225558994450047,22,27,allocation 3:3 | no multiplexing | doubled distance
3:3,False,0.7822869764936485,no TTL,82,16.0,2.5,13.5,0.607672866914907,0.8202734316935727,27,32,allocation 3:3 | no multiplexing | doubled distance
3:3,False,0.7822869764936485,no TTL,71,14.0,1.5,12.5,0.6374595356883006,0.8272111159258069,25,28,allocation 3:3 | no multiplexing | doubled distance
3:3,False,0.7822869764936485,no TTL,68,13.0,1.5,11.5,0.6314345299596201,0.8320782033391689,23,26,allocation 3:3 | no multiplexing | doubled distance
3:3,False,0.7822869764936485,no TTL,83,14.0,4.0,10.0,0.6192283445297374,0.821913432701167,20,28,allocation 3:3 | no multiplexing | doubled distance
3:3,False,0.7822869764936485,no TTL,80,15.5,2.0,13.5,0.6010164496211471,0.8211848957746365,27,31,allocation 3:3 | no multiplexing | doubled distance
3:3,False,0.7822869764936485,no TTL,74,13.5,2.5,11.0,0.6200118472485179,0.8166631089466992,22,27,allocation 3:3 | no multiplexing | doubled distance
3:3,False,0.7822869764936485,no TTL,79,15.5,2.0,13.5,0.6299613472430893,0.8347586562828918,27,31,allocation 3:3 | no multiplexing | doubled distance
3:3,False,0.7822869764936485,no TTL,86,9.5,1.0,8.5,0.564302017557799,0.8173422108312289,17,19,allocation 3:3 | no multiplexing | doubled distance
3:3,False,0.7822869764936485,no TTL,89,13.0,0.0,13.0,0.5795608159659044,,26,26,allocation 3:3 | no multiplexing | doubled distance
3:3,False,0.7822869764936485,no TTL,87,12.0,2.0,10.0,0.6179251320254346,0.8317120193480224,20,24,allocation 3:3 | no multiplexing | doubled distance
3:3,False,0.7822869764936485,no TTL,84,12.0,3.0,9.0,0.6165481666614526,0.8248130436100849,18,24,allocation 3:3 | no multiplexing | doubled distance
3:3,False,0.7822869764936485,no TTL,91,10.0,2.5,7.5,0.6198556926509347,0.8217059351237904,15,20,allocation 3:3 | no multiplexing | doubled distance
3:3,False,0.7822869764936485,no TTL,81,17.0,4.0,13.0,0.6480924435734979,0.8223277634650682,26,34,allocation 3:3 | no multiplexing | doubled distance
3:3,False,0.7822869764936485,no TTL,76,15.0,3.0,12.0,0.6197639450912498,0.8340598753839352,24,30,allocation 3:3 | no multiplexing | doubled distance
3:3,False,0.7822869764936485,no TTL,85,12.0,3.0,9.0,0.6669499231077914,0.8405156142921828,18,24,allocation 3:3 | no multiplexing | doubled distance
3:3,False,0.7822869764936485,no TTL,90,13.0,3.5,9.5,0.6238384073037111,0.8249456127306805,19,26,allocation 3:3 | no multiplexing | doubled distance
3:3,False,0.7822869764936485,no TTL,88,14.0,1.0,13.0,0.5975878118156353,0.8386061394451171,26,28,allocation 3:3 | no multiplexing | doubled distance
3:3,False,0.7822869764936485,no TTL,92,14.0,2.0,12.0,0.6329638582338234,0.8076609435503356,24,28,allocation 3:3 | no multiplexing | doubled distance
3:3,False,0.7822869764936485,no TTL,95,12.0,1.0,11.0,0.5878215586130782,0.8251230824776328,22,24,allocation 3:3 | no multiplexing | doubled distance
3:3,False,0.7822869764936485,no TTL,94,16.5,2.5,14.0,0.6430938267873736,0.8430852819823601,28,33,allocation 3:3 | no multiplexing | doubled distance
3:3,False,0.7822869764936485,no TTL,96,16.0,2.0,14.0,0.6239043418753951,0.8230639089967314,28,32,allocation 3:3 | no multiplexing | doubled distance
3:3,False,0.7822869764936485,no TTL,97,16.5,2.0,14.5,0.6160773664268425,0.8269123227125385,29,33,allocation 3:3 | no multiplexing | doubled distance
3:3,False,0.7822869764936485,no TTL,99,15.5,4.5,11.0,0.6398997203226325,0.8286194297070846,22,31,allocation 3:3 | no multiplexing | doubled distance
3:3,False,0.7822869764936485,no TTL,98,15.5,2.0,13.5,0.6121493266379398,0.8410821517627081,27,31,allocation 3:3 | no multiplexing | doubled distance
3:3,False,0.7822869764936485,model TTL,6,13.0,10.5,2.5,0.8216252919257271,0.8321493133037486,5,26,allocation 3:3 | no multiplexing | doubled distance
3:3,False,0.7822869764936485,model TTL,0,12.5,12.5,0.0,0.8230873125741817,0.8230873125741817,0,25,allocation 3:3 | no multiplexing | doubled distance
3:3,False,0.7822869764936485,model TTL,1,16.0,15.5,0.5,0.8255879969563835,0.8272661547759151,1,32,allocation 3:3 | no multiplexing | doubled distance
3:3,False,0.7822869764936485,model TTL,10,9.5,9.0,0.5,0.8265075868297342,0.8292840959069697,1,19,allocation 3:3 | no multiplexing | doubled distance
3:3,False,0.7822869764936485,model TTL,12,7.0,6.5,0.5,0.8149280708931378,0.8175024357840521,1,14,allocation 3:3 | no multiplexing | doubled distance
3:3,False,0.7822869764936485,model TTL,2,11.0,8.5,2.5,0.8153346543226253,0.8278198323500815,5,22,allocation 3:3 | no multiplexing | doubled distance
3:3,False,0.7822869764936485,model TTL,5,12.5,11.5,1.0,0.8224690819492002,0.8260781744664955,2,25,allocation 3:3 | no multiplexing | doubled distance
3:3,False,0.7822869764936485,model TTL,3,17.0,15.5,1.5,0.8177769085151394,0.8214500394220264,3,34,allocation 3:3 | no multiplexing | doubled distance
3:3,False,0.7822869764936485,model TTL,7,15.0,13.0,2.0,0.8190285528642999,0.8268222398374023,4,30,allocation 3:3 | no multiplexing | doubled distance
3:3,False,0.7822869764936485,model TTL,4,10.5,8.0,2.5,0.8154558953149841,0.8265482273769413,5,21,allocation 3:3 | no multiplexing | doubled distance
3:3,False,0.7822869764936485,model TTL,14,10.5,10.5,0.0,0.823093186796567,0.823093186796567,0,21,allocation 3:3 | no multiplexing | doubled distance
3:3,False,0.7822869764936485,model TTL,11,11.0,10.5,0.5,0.8239181431219056,0.8263301480078575,1,22,allocation 3:3 | no multiplexing | doubled distance
3:3,False,0.7822869764936485,model TTL,9,12.5,11.0,1.5,0.8194998044728318,0.8263604401888848,3,25,allocation 3:3 | no multiplexing | doubled distance
3:3,False,0.7822869764936485,model TTL,13,15.0,13.0,2.0,0.8235791575581004,0.8308863143613835,4,30,allocation 3:3 | no multiplexing | doubled distance
3:3,False,0.7822869764936485,model TTL,15,16.0,16.0,0.0,0.8291116020162584,0.8291116020162584,0,32,allocation 3:3 | no multiplexing | doubled distance
3:3,False,0.7822869764936485,model TTL,8,15.0,13.0,2.0,0.8187239532969107,0.8260617941521678,4,30,allocation 3:3 | no multiplexing | doubled distance
3:3,False,0.7822869764936485,model TTL,18,16.0,14.5,1.5,0.81186669888263,0.8163340630178604,3,32,allocation 3:3 | no multiplexing | doubled distance
3:3,False,0.7822869764936485,model TTL,17,8.5,6.0,2.5,0.8002638695947998,0.8108960404964343,5,17,allocation 3:3 | no multiplexing | doubled distance
3:3,False,0.7822869764936485,model TTL,19,16.0,15.0,1.0,0.8236450953089008,0.8265133723118344,2,32,allocation 3:3 | no multiplexing | doubled distance
3:3,False,0.7822869764936485,model TTL,16,16.5,14.5,2.0,0.8232385644873078,0.8297682114326493,4,33,allocation 3:3 | no multiplexing | doubled distance
3:3,False,0.7822869764936485,model TTL,20,12.5,12.0,0.5,0.8199952743266895,0.8217294720431042,1,25,allocation 3:3 | no multiplexing | doubled distance
3:3,False,0.7822869764936485,model TTL,22,16.0,15.0,1.0,0.8245196180341553,0.8278738213318704,2,32,allocation 3:3 | no multiplexing | doubled distance
3:3,False,0.7822869764936485,model TTL,21,14.5,12.5,2.0,0.8213709749948522,0.8282906980413515,4,29,allocation 3:3 | no multiplexing | doubled distance
3:3,False,0.7822869764936485,model TTL,25,8.5,7.5,1.0,0.8250580537184657,0.8329821286479098,2,17,allocation 3:3 | no multiplexing | doubled distance
3:3,False,0.7822869764936485,model TTL,23,13.5,11.5,2.0,0.8185049206046892,0.8256846146810574,4,27,allocation 3:3 | no multiplexing | doubled distance
3:3,False,0.7822869764936485,model TTL,24,12.5,11.5,1.0,0.824940620991069,0.8290998792554598,2,25,allocation 3:3 | no multiplexing | doubled distance
3:3,False,0.7822869764936485,model TTL,26,11.5,9.5,2.0,0.8142352306461126,0.8218804109987738,4,23,allocation 3:3 | no multiplexing | doubled distance
3:3,False,0.7822869764936485,model TTL,27,9.0,7.5,1.5,0.8138760588817766,0.8211520773535204,3,18,allocation 3:3 | no multiplexing | doubled distance
3:3,False,0.7822869764936485,model TTL,31,12.5,11.5,1.0,0.8207344237671474,0.8257399399325789,2,25,allocation 3:3 | no multiplexing | doubled distance
3:3,False,0.7822869764936485,model TTL,28,11.0,8.5,2.5,0.8152913854553332,0.827429628811067,5,22,allocation 3:3 | no multiplexing | doubled distance
3:3,False,0.7822869764936485,model TTL,30,6.5,6.5,0.0,0.828264529966177,0.828264529966177,0,13,allocation 3:3 | no multiplexing | doubled distance
3:3,False,0.7822869764936485,model TTL,29,14.0,13.0,1.0,0.821399425795331,0.8245874375040682,2,28,allocation 3:3 | no multiplexing | doubled distance
3:3,False,0.7822869764936485,model TTL,32,12.0,10.5,1.5,0.8075448326400351,0.8117392810895925,3,24,allocation 3:3 | no multiplexing | doubled distance
3:3,False,0.7822869764936485,model TTL,39,11.0,10.5,0.5,0.812537396814087,0.8143027418966565,1,22,allocation 3:3 | no multiplexing | doubled distance
3:3,False,0.7822869764936485,model TTL,35,12.5,11.0,1.5,0.8171128235666495,0.8234826757393626,3,25,allocation 3:3 | no multiplexing | doubled distance
3:3,False,0.7822869764936485,model TTL,33,16.5,15.5,1.0,0.8256202056209069,0.8293845165241893,2,33,allocation 3:3 | no multiplexing | doubled distance
3:3,False,0.7822869764936485,model TTL,40,10.5,9.0,1.5,0.8179135888502543,0.8252096285106888,3,21,allocation 3:3 | no multiplexing | doubled distance
3:3,False,0.7822869764936485,model TTL,37,11.5,10.5,1.0,0.8222313638387755,0.826557910708844,2,23,allocation 3:3 | no multiplexing | doubled distance
3:3,False,0.7822869764936485,model TTL,44,12.0,10.0,2.0,0.820897481500011,0.8292357465825625,4,24,allocation 3:3 | no multiplexing | doubled distance
3:3,False,0.7822869764936485,model TTL,36,17.5,16.0,1.5,0.8238322823580887,0.8289212403230464,3,35,allocation 3:3 | no multiplexing | doubled distance
3:3,False,0.7822869764936485,model TTL,42,13.5,12.5,1.0,0.817516678640033,0.8209322923295315,2,27,allocation 3:3 | no multiplexing | doubled distance
3:3,False,0.7822869764936485,model TTL,38,14.5,13.0,1.5,0.8169984051283878,0.8214913272550943,3,29,allocation 3:3 | no multiplexing | doubled distance
3:3,False,0.7822869764936485,model TTL,41,12.0,10.0,2.0,0.817425654150747,0.8266797694201806,4,24,allocation 3:3 | no multiplexing | doubled distance
3:3,False,0.7822869764936485,model TTL,34,16.5,15.0,1.5,0.8192999152706661,0.8245262784109251,3,33,allocation 3:3 | no multiplexing | doubled distance
3:3,False,0.7822869764936485,model TTL,45,12.0,12.0,0.0,0.8277488902273882,0.8277488902273882,0,24,allocation 3:3 | no multiplexing | doubled distance
3:3,False,0.7822869764936485,model TTL,43,12.0,11.5,0.5,0.8158743095074755,0.818244582453746,1,24,allocation 3:3 | no multiplexing | doubled distance
3:3,False,0.7822869764936485,model TTL,48,11.0,10.0,1.0,0.8242122431352552,0.8296492311580085,2,22,allocation 3:3 | no multiplexing | doubled distance
3:3,False,0.7822869764936485,model TTL,47,14.5,12.5,2.0,0.8164908951804889,0.8228118523604496,4,29,allocation 3:3 | no multiplexing | doubled distance
3:3,False,0.7822869764936485,model TTL,59,12.5,11.0,1.5,0.8170993414944902,0.8226678284502154,3,25,allocation 3:3 | no multiplexing | doubled distance
3:3,False,0.7822869764936485,model TTL,46,11.0,11.0,0.0,0.8269062100138795,0.8269062100138795,0,22,allocation 3:3 | no multiplexing | doubled distance
3:3,False,0.7822869764936485,model TTL,50,13.5,13.0,0.5,0.8271509872195177,0.8288858118848693,1,27,allocation 3:3 | no multiplexing | doubled distance
3:3,False,0.7822869764936485,model TTL,51,16.5,15.5,1.0,0.8196766981089338,0.8222162143393992,2,33,allocation 3:3 | no multiplexing | doubled distance
3:3,False,0.7822869764936485,model TTL,49,17.0,16.5,0.5,0.8298179520898106,0.8316217935487442,1,34,allocation 3:3 | no multiplexing | doubled distance
3:3,False,0.7822869764936485,model TTL,52,14.0,13.0,1.0,0.8237581955178507,0.8278405084140497,2,28,allocation 3:3 | no multiplexing | doubled distance
3:3,False,0.7822869764936485,model TTL,54,12.0,11.5,0.5,0.8169775846294577,0.81883731246029,1,24,allocation 3:3 | no multiplexing | doubled distance
3:3,False,0.7822869764936485,model TTL,53,13.0,12.0,1.0,0.8278902340912426,0.8319470478280281,2,26,allocation 3:3 | no multiplexing | doubled distance
3:3,False,0.7822869764936485,model TTL,55,10.0,9.0,1.0,0.8319610957949565,0.8377307891757886,2,20,allocation 3:3 | no multiplexing | doubled distance
3:3,False,0.7822869764936485,model TTL,56,6.5,6.5,0.0,0.8274915769168733,0.8274915769168733,0,13,allocation 3:3 | no multiplexing | doubled distance
3:3,False,0.7822869764936485,model TTL,57,15.5,13.5,2.0,0.813689616982513,0.8201645505556772,4,31,allocation 3:3 | no multiplexing | doubled distance
3:3,False,0.7822869764936485,model TTL,58,14.5,12.0,2.5,0.8177425770788342,0.8261464129885194,5,29,allocation 3:3 | no multiplexing | doubled distance
3:3,False,0.7822869764936485,model TTL,60,14.0,11.0,3.0,0.8182462235541936,0.8289856216441418,6,28,allocation 3:3 | no multiplexing | doubled distance
3:3,False,0.7822869764936485,model TTL,62,10.0,7.5,2.5,0.8102715392443768,0.8221035380490036,5,20,allocation 3:3 | no multiplexing | doubled distance
3:3,False,0.7822869764936485,model TTL,61,16.0,12.5,3.5,0.8139969412603517,0.8250192796304883,7,32,allocation 3:3 | no multiplexing | doubled distance
3:3,False,0.7822869764936485,model TTL,79,12.5,11.0,1.5,0.8256750477533897,0.8319723058253368,3,25,allocation 3:3 | no multiplexing | doubled distance
3:3,False,0.7822869764936485,model TTL,85,11.0,10.0,1.0,0.8262225021424427,0.8309489410826049,2,22,allocation 3:3 | no multiplexing | doubled distance
3:3,False,0.7822869764936485,model TTL,63,14.5,12.5,2.0,0.8222518259233739,0.8294702735410701,4,29,allocation 3:3 | no multiplexing | doubled distance
3:3,False,0.7822869764936485,model TTL,64,11.0,9.5,1.5,0.8135916962085772,0.819201923569771,3,22,allocation 3:3 | no multiplexing | doubled distance
3:3,False,0.7822869764936485,model TTL,74,12.5,11.5,1.0,0.8152188730545278,0.8184824616909052,2,25,allocation 3:3 | no multiplexing | doubled distance
3:3,False,0.7822869764936485,model TTL,72,13.0,12.5,0.5,0.8187408656323395,0.8203731937214874,1,26,allocation 3:3 | no multiplexing | doubled distance
3:3,False,0.7822869764936485,model TTL,66,15.0,14.5,0.5,0.8284477466442054,0.8301995455986677,1,30,allocation 3:3 | no multiplexing | doubled distance
3:3,False,0.7822869764936485,model TTL,71,13.0,11.0,2.0,0.8211616346662837,0.8299703252700731,4,26,allocation 3:3 | no multiplexing | doubled distance
3:3,False,0.7822869764936485,model TTL,70,15.5,14.5,1.0,0.8193813750907069,0.8223581065572148,2,31,allocation 3:3 | no multiplexing | doubled distance
3:3,False,0.7822869764936485,model TTL,65,15.0,13.0,2.0,0.8214326436491889,0.8301037059177728,4,30,allocation 3:3 | no multiplexing | doubled distance
3:3,False,0.7822869764936485,model TTL,69,14.5,12.5,2.0,0.8189890808482163,0.825676568822347,4,29,allocation 3:3 | no multiplexing | doubled distance
3:3,False,0.7822869764936485,model TTL,67,11.0,10.0,1.0,0.8251725171572154,0.8301984385008834,2,22,allocation 3:3 | no multiplexing | doubled distance
3:3,False,0.7822869764936485,model TTL,68,12.5,11.5,1.0,0.8219112838276005,0.825874678730686,2,25,allocation 3:3 | no multiplexing | doubled distance
3:3,False,0.7822869764936485,model TTL,73,17.0,14.5,2.5,0.8192903936240615,0.8266744695416228,5,34,allocation 3:3 | no multiplexing | doubled distance
3:3,False,0.7822869764936485,model TTL,78,16.0,14.5,1.5,0.8254413858065647,0.8305993507115446,3,32,allocation 3:3 | no multiplexing | doubled distance
3:3,False,0.7822869764936485,model TTL,75,21.5,18.5,3.0,0.8201053038302677,0.8268191804900062,6,43,allocation 3:3 | no multiplexing | doubled distance
3:3,False,0.7822869764936485,model TTL,76,11.5,11.0,0.5,0.8284971136240935,0.8309845583845137,1,23,allocation 3:3 | no multiplexing | doubled distance
3:3,False,0.7822869764936485,model TTL,77,13.5,12.0,1.5,0.8218122038463356,0.8273432889930571,3,27,allocation 3:3 | no multiplexing | doubled distance
3:3,False,0.7822869764936485,model TTL,81,14.5,14.0,0.5,0.8229938175437399,0.8244639106125332,1,29,allocation 3:3 | no multiplexing | doubled distance
3:3,False,0.7822869764936485,model TTL,82,14.0,13.5,0.5,0.8266690541826904,0.8288000743709112,1,28,allocation 3:3 | no multiplexing | doubled distance
3:3,False,0.7822869764936485,model TTL,80,16.0,15.0,1.0,0.8162521620848616,0.8188565259285184,2,32,allocation 3:3 | no multiplexing | doubled distance
3:3,False,0.7822869764936485,model TTL,84,14.5,13.5,1.0,0.8242717310635914,0.8277001924610065,2,29,allocation 3:3 | no multiplexing | doubled distance
3:3,False,0.7822869764936485,model TTL,83,17.5,15.5,2.0,0.8214565062474379,0.8276290800708979,4,35,allocation 3:3 | no multiplexing | doubled distance
3:3,False,0.7822869764936485,model TTL,86,11.5,10.5,1.0,0.8289479463572397,0.8348587668420879,2,23,allocation 3:3 | no multiplexing | doubled distance
3:3,False,0.7822869764936485,model TTL,87,13.0,11.0,2.0,0.8107336770620808,0.8177857168761481,4,26,allocation 3:3 | no multiplexing | doubled distance
3:3,False,0.7822869764936485,model TTL,88,10.0,9.0,1.0,0.8230714211274209,0.8291745342391955,2,20,allocation 3:3 | no multiplexing | doubled distance
3:3,False,0.7822869764936485,model TTL,90,15.5,14.5,1.0,0.8137592321766683,0.8162169273218922,2,31,allocation 3:3 | no multiplexing | doubled distance
3:3,False,0.7822869764936485,model TTL,89,15.0,13.5,1.5,0.8140957271462705,0.8184724610584362,3,30,allocation 3:3 | no multiplexing | doubled distance
3:3,False,0.7822869764936485,model TTL,91,11.5,11.0,0.5,0.8249377594320573,0.8271141516867417,1,23,allocation 3:3 | no multiplexing | doubled distance
3:3,False,0.7822869764936485,model TTL,92,11.5,11.0,0.5,0.8241976091406901,0.826270511327877,1,23,allocation 3:3 | no multiplexing | doubled distance
3:3,False,0.7822869764936485,model TTL,93,13.0,12.0,1.0,0.8215291505594869,0.8251421828550194,2,26,allocation 3:3 | no multiplexing | doubled distance
3:3,False,0.7822869764936485,model TTL,94,8.5,7.5,1.0,0.8252646665571717,0.832886964078354,2,17,allocation 3:3 | no multiplexing | doubled distance
3:3,False,0.7822869764936485,model TTL,95,14.5,12.0,2.5,0.8168432898727706,0.824708579143051,5,29,allocation 3:3 | no multiplexing | doubled distance
3:3,False,0.7822869764936485,model TTL,98,13.5,12.5,1.0,0.8223165976155157,0.8261957619479209,2,27,allocation 3:3 | no multiplexing | doubled distance
3:3,False,0.7822869764936485,model TTL,97,12.5,11.5,1.0,0.8143947102577332,0.81760475558795,2,25,allocation 3:3 | no multiplexing | doubled distance
3:3,False,0.7822869764936485,model TTL,96,11.5,11.0,0.5,0.8268666149165829,0.8289629957257977,1,23,allocation 3:3 | no multiplexing | doubled distance
3:3,False,0.7822869764936485,model TTL,99,14.0,13.0,1.0,0.8197612145660953,0.8230574370877918,2,28,allocation 3:3 | no multiplexing | doubled distance
3:3,False,0.8145739529872971,no TTL,9,13.5,1.0,12.5,0.5991191814834838,0.8258250169862247,25,27,allocation 3:3 | no multiplexing | doubled distance
3:3,False,0.8145739529872971,no TTL,22,13.0,2.0,11.0,0.6276327181749144,0.8414244219524034,22,26,allocation 3:3 | no multiplexing | doubled distance
3:3,False,0.8145739529872971,no TTL,8,10.0,1.0,9.0,0.600329473086885,0.8389074937529699,18,20,allocation 3:3 | no multiplexing | doubled distance
3:3,False,0.8145739529872971,no TTL,14,13.5,0.0,13.5,0.6190569758837583,,27,27,allocation 3:3 | no multiplexing | doubled distance
3:3,False,0.8145739529872971,no TTL,17,9.5,0.5,9.0,0.5632389990398726,0.8460201594594152,18,19,allocation 3:3 | no multiplexing | doubled distance
3:3,False,0.8145739529872971,no TTL,23,10.0,0.0,10.0,0.568635510795247,,20,20,allocation 3:3 | no multiplexing | doubled distance
3:3,False,0.8145739529872971,no TTL,20,16.0,2.5,13.5,0.6499541101403846,0.8470449084900428,27,32,allocation 3:3 | no multiplexing | doubled distance
3:3,False,0.8145739529872971,no TTL,18,9.5,2.0,7.5,0.6332803223289545,0.834318868597035,15,19,allocation 3:3 | no multiplexing | doubled distance
3:3,False,0.8145739529872971,no TTL,3,16.0,0.5,15.5,0.6222286437139952,0.8383886419419215,31,32,allocation 3:3 | no multiplexing | doubled distance
3:3,False,0.8145739529872971,no TTL,4,9.5,0.5,9.0,0.6400093251524837,0.8526422286074373,18,19,allocation 3:3 | no multiplexing | doubled distance
3:3,False,0.8145739529872971,no TTL,21,10.0,1.0,9.0,0.5846667108230981,0.8345609279698414,18,20,allocation 3:3 | no multiplexing | doubled distance
3:3,False,0.8145739529872971,no TTL,10,17.5,1.0,16.5,0.611101625324474,0.8379912495320934,33,35,allocation 3:3 | no multiplexing | doubled distance
3:3,False,0.8145739529872971,no TTL,6,10.5,1.0,9.5,0.5915509011455841,0.8429465178084017,19,21,allocation 3:3 | no multiplexing | doubled distance
3:3,False,0.8145739529872971,no TTL,12,9.5,1.5,8.0,0.6320089712943265,0.8320195308281353,16,19,allocation 3:3 | no multiplexing | doubled distance
3:3,False,0.8145739529872971,no TTL,5,14.0,2.5,11.5,0.6197502903174708,0.8366379648049337,23,28,allocation 3:3 | no multiplexing | doubled distance
3:3,False,0.8145739529872971,no TTL,2,11.5,1.0,10.5,0.6134023551252135,0.8554493239435341,21,23,allocation 3:3 | no multiplexing | doubled distance
3:3,False,0.8145739529872971,no TTL,0,14.5,1.0,13.5,0.6516040684118604,0.8431776583337527,27,29,allocation 3:3 | no multiplexing | doubled distance
3:3,False,0.8145739529872971,no TTL,28,14.5,1.0,13.5,0.6463411924683768,0.8300804515248685,27,29,allocation 3:3 | no multiplexing | doubled distance
3:3,False,0.8145739529872971,no TTL,27,14.5,2.0,12.5,0.6571556490500865,0.8436792673132749,25,29,allocation 3:3 | no multiplexing | doubled distance
3:3,False,0.8145739529872971,no TTL,30,12.0,1.0,11.0,0.6091031010816366,0.8296381095102248,22,24,allocation 3:3 | no multiplexing | doubled distance
3:3,False,0.8145739529872971,no TTL,19,11.5,4.0,7.5,0.6675017799611318,0.8386670691243668,15,23,allocation 3:3 | no multiplexing | doubled distance
3:3,False,0.8145739529872971,no TTL,25,13.0,2.0,11.0,0.6264050272286963,0.8332881417464637,22,26,allocation 3:3 | no multiplexing | doubled distance
3:3,False,0.8145739529872971,no TTL,16,19.0,1.0,18.0,0.6139776977945103,0.8347338349523588,36,38,allocation 3:3 | no multiplexing | doubled distance
3:3,False,0.8145739529872971,no TTL,13,14.5,1.5,13.0,0.6181826889890357,0.8499915707983486,26,29,allocation 3:3 | no multiplexing | doubled distance
3:3,False,0.8145739529872971,no TTL,29,16.5,2.0,14.5,0.6240751538640746,0.8251669729135614,29,33,allocation 3:3 | no multiplexing | doubled distance
3:3,False,0.8145739529872971,no TTL,1,15.5,0.5,15.0,0.5793822131044839,0.8205337597217117,30,31,allocation 3:3 | no multiplexing | doubled distance
3:3,False,0.8145739529872971,no TTL,11,13.0,1.5,11.5,0.6041007032979452,0.8276315919825543,23,26,allocation 3:3 | no multiplexing | doubled distance
3:3,False,0.8145739529872971,no TTL,15,14.0,1.5,12.5,0.667644900319597,0.8377122011594086,25,28,allocation 3:3 | no multiplexing | doubled distance
3:3,False,0.8145739529872971,no TTL,26,16.5,1.0,15.5,0.6272412254998799,0.8326480602358468,31,33,allocation 3:3 | no multiplexing | doubled distance
3:3,False,0.8145739529872971,no TTL,24,13.5,1.5,12.0,0.658468131343742,0.8332257704009873,24,27,allocation 3:3 | no multiplexing | doubled distance
3:3,False,0.8145739529872971,no TTL,7,17.5,1.5,16.0,0.5863866667232753,0.8327221783304076,32,35,allocation 3:3 | no multiplexing | doubled distance
3:3,False,0.8145739529872971,no TTL,36,12.5,0.0,12.5,0.6023910225019975,,25,25,allocation 3:3 | no multiplexing | doubled distance
3:3,False,0.8145739529872971,no TTL,33,11.5,1.0,10.5,0.6145271559160143,0.8457191330943897,21,23,allocation 3:3 | no multiplexing | doubled distance
3:3,False,0.8145739529872971,no TTL,34,11.0,0.5,10.5,0.5390797391427784,0.839545746082857,21,22,allocation 3:3 | no multiplexing | doubled distance
3:3,False,0.8145739529872971,no TTL,32,12.5,1.5,11.0,0.6218135627706277,0.8310390179896013,22,25,allocation 3:3 | no multiplexing | doubled distance
3:3,False,0.8145739529872971,no TTL,31,14.5,2.0,12.5,0.6142041909183215,0.8364220408582719,25,29,allocation 3:3 | no multiplexing | doubled distance
3:3,False,0.8145739529872971,no TTL,46,14.5,1.5,13.0,0.6045363313885825,0.8404068304151538,26,29,allocation 3:3 | no multiplexing | doubled distance
3:3,False,0.8145739529872971,no TTL,43,12.0,2.0,10.0,0.6549408678022316,0.834398739240735,20,24,allocation 3:3 | no multiplexing | doubled distance
3:3,False,0.8145739529872971,no TTL,37,11.0,1.0,10.0,0.609466081708668,0.8331268956813319,20,22,allocation 3:3 | no multiplexing | doubled distance
3:3,False,0.8145739529872971,no TTL,48,11.0,3.0,8.0,0.6223230373313119,0.8352503578300221,16,22,allocation 3:3 | no multiplexing | doubled distance
3:3,False,0.8145739529872971,no TTL,40,11.0,2.5,8.5,0.634094313454167,0.8390927108816147,17,22,allocation 3:3 | no multiplexing | doubled distance
3:3,False,0.8145739529872971,no TTL,51,12.0,1.5,10.5,0.6319162594391124,0.8516614870558027,21,24,allocation 3:3 | no multiplexing | doubled distance
3:3,False,0.8145739529872971,no TTL,35,10.5,0.0,10.5,0.6184713673812022,,21,21,allocation 3:3 | no multiplexing | doubled distance
3:3,False,0.8145739529872971,no TTL,38,22.0,3.0,19.0,0.6281390794258122,0.8395214309078266,38,44,allocation 3:3 | no multiplexing | doubled distance
3:3,False,0.8145739529872971,no TTL,56,9.5,1.0,8.5,0.5790923871262655,0.8456939061728362,17,19,allocation 3:3 | no multiplexing | doubled distance
3:3,False,0.8145739529872971,no TTL,53,11.5,1.0,10.5,0.6371298304613809,0.8554718753084545,21,23,allocation 3:3 | no multiplexing | doubled distance
3:3,False,0.8145739529872971,no TTL,47,13.5,1.5,12.0,0.6377805987197431,0.8518448285425951,24,27,allocation 3:3 | no multiplexing | doubled distance
3:3,False,0.8145739529872971,no TTL,59,13.0,1.0,12.0,0.6140387029132841,0.8370181766355258,24,26,allocation 3:3 | no multiplexing | doubled distance
3:3,False,0.8145739529872971,no TTL,54,13.5,3.5,10.0,0.6716148419627225,0.8345100408927422,20,27,allocation 3:3 | no multiplexing | doubled distance
3:3,False,0.8145739529872971,no TTL,42,12.5,2.0,10.5,0.6687732531252885,0.8520865616376421,21,25,allocation 3:3 | no multiplexing | doubled distance
3:3,False,0.8145739529872971,no TTL,49,16.0,2.0,14.0,0.5972733683471643,0.8433646530290124,28,32,allocation 3:3 | no multiplexing | doubled distance
3:3,False,0.8145739529872971,no TTL,57,12.5,2.0,10.5,0.605182644628141,0.8389316319311422,21,25,allocation 3:3 | no multiplexing | doubled distance
3:3,False,0.8145739529872971,no TTL,50,11.0,1.0,10.0,0.6506765325645683,0.8347569864709251,20,22,allocation 3:3 | no multiplexing | doubled distance
3:3,False,0.8145739529872971,no TTL,45,12.5,1.0,11.5,0.6302494533878928,0.8224626296335918,23,25,allocation 3:3 | no multiplexing | doubled distance
3:3,False,0.8145739529872971,no TTL,41,13.0,1.5,11.5,0.6270794751954245,0.83886149269055,23,26,allocation 3:3 | no multiplexing | doubled distance
3:3,False,0.8145739529872971,no TTL,44,16.0,3.0,13.0,0.6163788420515275,0.8408340608378182,26,32,allocation 3:3 | no multiplexing | doubled distance
3:3,False,0.8145739529872971,no TTL,52,15.0,0.0,15.0,0.5781883968983289,,30,30,allocation 3:3 | no multiplexing | doubled distance
3:3,False,0.8145739529872971,no TTL,58,17.0,1.0,16.0,0.6102030805558827,0.8448592193194226,32,34,allocation 3:3 | no multiplexing | doubled distance
3:3,False,0.8145739529872971,no TTL,39,11.5,2.5,9.0,0.6486037759213107,0.8334609929058028,18,23,allocation 3:3 | no multiplexing | doubled distance
3:3,False,0.8145739529872971,no TTL,55,15.0,2.5,12.5,0.6409865297228786,0.8353969121925584,25,30,allocation 3:3 | no multiplexing | doubled distance
3:3,False,0.8145739529872971,no TTL,61,11.5,0.5,11.0,0.6210427269370367,0.8551575615800897,22,23,allocation 3:3 | no multiplexing | doubled distance
3:3,False,0.8145739529872971,no TTL,60,12.5,1.0,11.5,0.6717447591052553,0.8567334416738264,23,25,allocation 3:3 | no multiplexing | doubled distance
3:3,False,0.8145739529872971,no TTL,65,12.5,1.0,11.5,0.5822568398153698,0.8249444927883995,23,25,allocation 3:3 | no multiplexing | doubled distance
3:3,False,0.8145739529872971,no TTL,62,11.0,2.0,9.0,0.6181093778782312,0.8409310416083426,18,22,allocation 3:3 | no multiplexing | doubled distance
3:3,False,0.8145739529872971,no TTL,63,11.5,1.5,10.0,0.587195883437648,0.8346031899579239,20,23,allocation 3:3 | no multiplexing | doubled distance
3:3,False,0.8145739529872971,no TTL,64,16.0,1.5,14.5,0.6186620775398075,0.8496175366652541,29,32,allocation 3:3 | no multiplexing | doubled distance
3:3,False,0.8145739529872971,no TTL,66,15.0,1.5,13.5,0.6370064105126249,0.8513331602553685,27,30,allocation 3:3 | no multiplexing | doubled distance
3:3,False,0.8145739529872971,no TTL,70,9.0,1.5,7.5,0.6441828909929895,0.8310242641722845,15,18,allocation 3:3 | no multiplexing | doubled distance
3:3,False,0.8145739529872971,no TTL,67,15.5,1.0,14.5,0.6303157679140934,0.8436279302072891,29,31,allocation 3:3 | no multiplexing | doubled distance
3:3,False,0.8145739529872971,no TTL,73,9.0,0.0,9.0,0.6370901900969694,,18,18,allocation 3:3 | no multiplexing | doubled distance
3:3,False,0.8145739529872971,no TTL,72,13.5,1.5,12.0,0.5605500205001339,0.8356926860538193,24,27,allocation 3:3 | no multiplexing | doubled distance
3:3,False,0.8145739529872971,no TTL,69,11.0,1.5,9.5,0.608213497656554,0.8401751837319797,19,22,allocation 3:3 | no multiplexing | doubled distance
3:3,False,0.8145739529872971,no TTL,78,11.5,0.0,11.5,0.6104164213426387,,23,23,allocation 3:3 | no multiplexing | doubled distance
3:3,False,0.8145739529872971,no TTL,75,14.5,1.0,13.5,0.562505725027061,0.8425146743077517,27,29,allocation 3:3 | no multiplexing | doubled distance
3:3,False,0.8145739529872971,no TTL,68,13.0,1.0,12.0,0.6314345299596201,0.8454496592727556,24,26,allocation 3:3 | no multiplexing | doubled distance
3:3,False,0.8145739529872971,no TTL,77,13.5,2.0,11.5,0.6087290938715737,0.8320545782309952,23,27,allocation 3:3 | no multiplexing | doubled distance
3:3,False,0.8145739529872971,no TTL,82,16.0,1.5,14.5,0.607672866914907,0.8323266760188577,29,32,allocation 3:3 | no multiplexing | doubled distance
3:3,False,0.8145739529872971,no TTL,71,14.0,1.5,12.5,0.6374595356883006,0.8272111159258069,25,28,allocation 3:3 | no multiplexing | doubled distance
3:3,False,0.8145739529872971,no TTL,80,15.5,1.5,14.0,0.6010164496211471,0.8298741526400543,28,31,allocation 3:3 | no multiplexing | doubled distance
3:3,False,0.8145739529872971,no TTL,86,9.5,0.5,9.0,0.564302017557799,0.8499837013938902,18,19,allocation 3:3 | no multiplexing | doubled distance
3:3,False,0.8145739529872971,no TTL,83,14.0,2.5,11.5,0.6192283445297374,0.8307750249317823,23,28,allocation 3:3 | no multiplexing | doubled distance
3:3,False,0.8145739529872971,no TTL,74,13.5,1.5,12.0,0.6200118472485179,0.8281802151143286,24,27,allocation 3:3 | no multiplexing | doubled distance
3:3,False,0.8145739529872971,no TTL,91,10.0,1.5,8.5,0.6198556926509347,0.8384143264728552,17,20,allocation 3:3 | no multiplexing | doubled distance
3:3,False,0.8145739529872971,no TTL,89,13.0,0.0,13.0,0.5795608159659044,,26,26,allocation 3:3 | no multiplexing | doubled distance
3:3,False,0.8145739529872971,no TTL,84,12.0,2.0,10.0,0.6165481666614526,0.844174251041748,20,24,allocation 3:3 | no multiplexing | doubled distance
3:3,False,0.8145739529872971,no TTL,79,15.5,1.5,14.0,0.6299613472430893,0.8514168767277277,28,31,allocation 3:3 | no multiplexing | doubled distance
3:3,False,0.8145739529872971,no TTL,87,12.0,1.5,10.5,0.6179251320254346,0.8413519478375889,21,24,allocation 3:3 | no multiplexing | doubled distance
3:3,False,0.8145739529872971,no TTL,81,17.0,3.0,14.0,0.6480924435734979,0.8336759621829365,28,34,allocation 3:3 | no multiplexing | doubled distance
3:3,False,0.8145739529872971,no TTL,76,15.0,2.0,13.0,0.6197639450912498,0.8484811538382551,26,30,allocation 3:3 | no multiplexing | doubled distance
3:3,False,0.8145739529872971,no TTL,85,12.0,2.5,9.5,0.6669499231077914,0.8489606043962401,19,24,allocation 3:3 | no multiplexing | doubled distance
3:3,False,0.8145739529872971,no TTL,88,14.0,1.0,13.0,0.5975878118156353,0.8386061394451171,26,28,allocation 3:3 | no multiplexing | doubled distance
3:3,False,0.8145739529872971,no TTL,90,13.0,2.0,11.0,0.6238384073037111,0.8353416841113926,22,26,allocation 3:3 | no multiplexing | doubled distance
3:3,False,0.8145739529872971,no TTL,92,14.0,1.0,13.0,0.6329638582338234,0.8271145926834761,26,28,allocation 3:3 | no multiplexing | doubled distance
3:3,False,0.8145739529872971,no TTL,93,14.5,1.0,13.5,0.6052426198346172,0.8255672760013166,27,29,allocation 3:3 | no multiplexing | doubled distance
3:3,False,0.8145739529872971,no TTL,94,16.5,2.5,14.0,0.6430938267873736,0.8430852819823601,28,33,allocation 3:3 | no multiplexing | doubled distance
3:3,False,0.8145739529872971,no TTL,95,12.0,1.0,11.0,0.5878215586130782,0.8251230824776328,22,24,allocation 3:3 | no multiplexing | doubled distance
3:3,False,0.8145739529872971,no TTL,96,16.0,1.0,15.0,0.6239043418753951,0.8467803806557437,30,32,allocation 3:3 | no multiplexing | doubled distance
3:3,False,0.8145739529872971,no TTL,99,15.5,3.5,12.0,0.6398997203226325,0.8383680544263397,24,31,allocation 3:3 | no multiplexing | doubled distance
3:3,False,0.8145739529872971,no TTL,97,16.5,1.5,15.0,0.6160773664268425,0.8311588344248059,30,33,allocation 3:3 | no multiplexing | doubled distance
3:3,False,0.8145739529872971,no TTL,98,15.5,2.0,13.5,0.6121493266379398,0.8410821517627081,27,31,allocation 3:3 | no multiplexing | doubled distance
3:3,False,0.8145739529872971,model TTL,6,7.5,7.0,0.5,0.8390135085086896,0.8417298987461891,1,15,allocation 3:3 | no multiplexing | doubled distance
3:3,False,0.8145739529872971,model TTL,2,7.5,7.5,0.0,0.8454927356688733,0.8454927356688733,0,15,allocation 3:3 | no multiplexing | doubled distance
3:3,False,0.8145739529872971,model TTL,1,11.5,10.5,1.0,0.8330042498987095,0.8351770058492073,2,23,allocation 3:3 | no multiplexing | doubled distance
3:3,False,0.8145739529872971,model TTL,0,11.0,8.5,2.5,0.8324969009577672,0.8384515751617857,5,22,allocation 3:3 | no multiplexing | doubled distance
3:3,False,0.8145739529872971,model TTL,11,13.0,11.5,1.5,0.8357947982810154,0.8395544471318405,3,26,allocation 3:3 | no multiplexing | doubled distance
3:3,False,0.8145739529872971,model TTL,5,11.0,11.0,0.0,0.8358498557084504,0.8358498557084504,0,22,allocation 3:3 | no multiplexing | doubled distance
3:3,False,0.8145739529872971,model TTL,12,7.5,7.0,0.5,0.8353663047527436,0.8368531552669988,1,15,allocation 3:3 | no multiplexing | doubled distance
3:3,False,0.8145739529872971,model TTL,4,12.0,11.0,1.0,0.8385775143283771,0.8409592265914537,2,24,allocation 3:3 | no multiplexing | doubled distance
3:3,False,0.8145739529872971,model TTL,7,13.0,12.0,1.0,0.8356532893845315,0.8381024618973016,2,26,allocation 3:3 | no multiplexing | doubled distance
3:3,False,0.8145739529872971,model TTL,9,12.0,10.5,1.5,0.8349439835767231,0.8387325588829077,3,24,allocation 3:3 | no multiplexing | doubled distance
3:3,False,0.8145739529872971,model TTL,3,16.0,14.5,1.5,0.8325092658325638,0.8351326141949087,3,32,allocation 3:3 | no multiplexing | doubled distance
3:3,False,0.8145739529872971,model TTL,14,13.5,11.5,2.0,0.832955713794845,0.8385857239595158,4,27,allocation 3:3 | no multiplexing | doubled distance
3:3,False,0.8145739529872971,model TTL,8,13.5,12.5,1.0,0.8363856368360557,0.8388948525879486,2,27,allocation 3:3 | no multiplexing | doubled distance
3:3,False,0.8145739529872971,model TTL,17,9.0,7.0,2.0,0.8379959490763993,0.846033732014523,4,18,allocation 3:3 | no multiplexing | doubled distance
3:3,False,0.8145739529872971,model TTL,10,9.5,8.5,1.0,0.8337942442423102,0.8365333578782175,2,19,allocation 3:3 | no multiplexing | doubled distance
3:3,False,0.8145739529872971,model TTL,13,12.0,10.0,2.0,0.8360600181542697,0.8409543834651237,4,24,allocation 3:3 | no multiplexing | doubled distance
3:3,False,0.8145739529872971,model TTL,15,11.5,11.5,0.0,0.8435394882053873,0.8435394882053873,0,23,allocation 3:3 | no multiplexing | doubled distance
3:3,False,0.8145739529872971,model TTL,16,13.5,13.5,0.0,0.8414410628398524,0.8414410628398524,0,27,allocation 3:3 | no multiplexing | doubled distance
3:3,False,0.8145739529872971,model TTL,18,15.0,14.0,1.0,0.8385300808584738,0.8404769544454187,2,30,allocation 3:3 | no multiplexing | doubled distance
3:3,False,0.8145739529872971,model TTL,21,15.5,12.5,3.0,0.8359438874631789,0.8423850714082803,6,31,allocation 3:3 | no multiplexing | doubled distance
3:3,False,0.8145739529872971,model TTL,19,14.5,13.0,1.5,0.8376857299713816,0.8412101775830482,3,29,allocation 3:3 | no multiplexing | doubled distance
3:3,False,0.8145739529872971,model TTL,22,11.5,11.5,0.0,0.8364537910998714,0.8364537910998714,0,23,allocation 3:3 | no multiplexing | doubled distance
3:3,False,0.8145739529872971,model TTL,20,9.5,9.0,0.5,0.8354029594668886,0.8371863758813936,1,19,allocation 3:3 | no multiplexing | doubled distance
3:3,False,0.8145739529872971,model TTL,23,8.0,8.0,0.0,0.834889926465071,0.834889926465071,0,16,allocation 3:3 | no multiplexing | doubled distance
3:3,False,0.8145739529872971,model TTL,26,12.0,11.5,0.5,0.8398667352434549,0.8413076092094451,1,24,allocation 3:3 | no multiplexing | doubled distance
3:3,False,0.8145739529872971,model TTL,24,12.5,11.0,1.5,0.8356421624662109,0.840450574955879,3,25,allocation 3:3 | no multiplexing | doubled distance
3:3,False,0.8145739529872971,model TTL,25,12.0,10.5,1.5,0.8351755316015406,0.8381674584768095,3,24,allocation 3:3 | no multiplexing | doubled distance
3:3,False,0.8145739529872971,model TTL,27,7.5,7.0,0.5,0.8381909366766813,0.8399878144556667,1,15,allocation 3:3 | no multiplexing | doubled distance
3:3,False,0.8145739529872971,model TTL,28,14.5,13.5,1.0,0.8383992182675318,0.8402569450006515,2,29,allocation 3:3 | no multiplexing | doubled distance
3:3,False,0.8145739529872971,model TTL,29,12.0,11.5,0.5,0.8389243730408596,0.8406115184095766,1,24,allocation 3:3 | no multiplexing | doubled distance
3:3,False,0.8145739529872971,model TTL,30,9.5,8.5,1.0,0.8377912172986193,0.8409383029557044,2,19,allocation 3:3 | no multiplexing | doubled distance
3:3,False,0.8145739529872971,model TTL,50,15.0,13.0,2.0,0.8329963511218362,0.8369815491067631,4,30,allocation 3:3 | no multiplexing | doubled distance
3:3,False,0.8145739529872971,model TTL,31,11.5,10.5,1.0,0.8362297416482471,0.839276210288816,2,23,allocation 3:3 | no multiplexing | doubled distance
3:3,False,0.8145739529872971,model TTL,35,12.5,10.5,2.0,0.8373339606817884,0.8431615047189658,4,25,allocation 3:3 | no multiplexing | doubled distance
3:3,False,0.8145739529872971,model TTL,32,15.0,13.5,1.5,0.8411751928261745,0.8443236434362047,3,30,allocation 3:3 | no multiplexing | doubled distance
3:3,False,0.8145739529872971,model TTL,34,10.5,9.5,1.0,0.8346007112363324,0.8381926836741852,2,21,allocation 3:3 | no multiplexing | doubled distance
3:3,False,0.8145739529872971,model TTL,33,16.0,14.5,1.5,0.838357944361479,0.8409090083952308,3,32,allocation 3:3 | no multiplexing | doubled distance
3:3,False,0.8145739529872971,model TTL,42,11.5,10.0,1.5,0.8308438663779092,0.8350658843404605,3,23,allocation 3:3 | no multiplexing | doubled distance
3:3,False,0.8145739529872971,model TTL,41,9.0,8.5,0.5,0.8431429559676163,0.8451370240574922,1,18,allocation 3:3 | no multiplexing | doubled distance
3:3,False,0.8145739529872971,model TTL,39,12.0,12.0,0.0,0.8401545946717734,0.8401545946717734,0,24,allocation 3:3 | no multiplexing | doubled distance
3:3,False,0.8145739529872971,model TTL,37,11.0,9.0,2.0,0.8320241699299622,0.8371498116178245,4,22,allocation 3:3 | no multiplexing | doubled distance
3:3,False,0.8145739529872971,model TTL,40,12.0,10.5,1.5,0.831565368392635,0.8355914342429372,3,24,allocation 3:3 | no multiplexing | doubled distance
3:3,False,0.8145739529872971,model TTL,38,8.0,8.0,0.0,0.8397476249764225,0.8397476249764225,0,16,allocation 3:3 | no multiplexing | doubled distance
3:3,False,0.8145739529872971,model TTL,36,15.5,14.5,1.0,0.8372443010598958,0.8389059796383722,2,31,allocation 3:3 | no multiplexing | doubled distance
3:3,False,0.8145739529872971,model TTL,51,14.5,13.0,1.5,0.8390033999783898,0.8432143787497064,3,29,allocation 3:3 | no multiplexing | doubled distance
3:3,False,0.8145739529872971,model TTL,43,12.5,10.0,2.5,0.8325486854312981,0.83753210063812,5,25,allocation 3:3 | no multiplexing | doubled distance
3:3,False,0.8145739529872971,model TTL,47,12.5,11.5,1.0,0.8381833405818292,0.8405918841553599,2,25,allocation 3:3 | no multiplexing | doubled distance
3:3,False,0.8145739529872971,model TTL,45,11.5,11.0,0.5,0.8395862710833185,0.8408415255106425,1,23,allocation 3:3 | no multiplexing | doubled distance
3:3,False,0.8145739529872971,model TTL,48,12.5,11.0,1.5,0.8380723922054881,0.8425129040218654,3,25,allocation 3:3 | no multiplexing | doubled distance
3:3,False,0.8145739529872971,model TTL,46,14.0,13.0,1.0,0.8415895129090711,0.8437763469269014,2,28,allocation 3:3 | no multiplexing | doubled distance
3:3,False,0.8145739529872971,model TTL,49,16.5,14.0,2.5,0.8324527239013223,0.8375393195964663,5,33,allocation 3:3 | no multiplexing | doubled distance
3:3,False,0.8145739529872971,model TTL,52,13.0,12.0,1.0,0.8401646486289435,0.8425524622911644,2,26,allocation 3:3 | no multiplexing | doubled distance
3:3,False,0.8145739529872971,model TTL,53,8.0,8.0,0.0,0.8382950720264104,0.8382950720264104,0,16,allocation 3:3 | no multiplexing | doubled distance
3:3,False,0.8145739529872971,model TTL,44,9.5,9.5,0.0,0.842029114173777,0.842029114173777,0,19,allocation 3:3 | no multiplexing | doubled distance
3:3,False,0.8145739529872971,model TTL,54,9.0,7.5,1.5,0.8382426571291326,0.8444652400881646,3,18,allocation 3:3 | no multiplexing | doubled distance
3:3,False,0.8145739529872971,model TTL,55,10.5,9.0,1.5,0.8344788386898718,0.8383866113441902,3,21,allocation 3:3 | no multiplexing | doubled distance
3:3,False,0.8145739529872971,model TTL,56,10.0,8.5,1.5,0.8402239867077156,0.8450330019169998,3,20,allocation 3:3 | no multiplexing | doubled distance
3:3,False,0.8145739529872971,model TTL,58,12.0,11.5,0.5,0.8379670117640612,0.83929516127326,1,24,allocation 3:3 | no multiplexing | doubled distance
3:3,False,0.8145739529872971,model TTL,57,16.0,14.5,1.5,0.8332906533671667,0.8361984365566505,3,32,allocation 3:3 | no multiplexing | doubled distance
3:3,False,0.8145739529872971,model TTL,62,14.0,13.5,0.5,0.8419109591848944,0.8434525708851972,1,28,allocation 3:3 | no multiplexing | doubled distance
3:3,False,0.8145739529872971,model TTL,61,14.0,14.0,0.0,0.8417017654928123,0.8417017654928123,0,28,allocation 3:3 | no multiplexing | doubled distance
3:3,False,0.8145739529872971,model TTL,60,16.0,15.0,1.0,0.8350008009743456,0.8365242745257304,2,32,allocation 3:3 | no multiplexing | doubled distance
3:3,False,0.8145739529872971,model TTL,59,12.0,10.5,1.5,0.8375169213270799,0.8423397247937712,3,24,allocation 3:3 | no multiplexing | doubled distance
3:3,False,0.8145739529872971,model TTL,63,13.5,11.0,2.5,0.8351763549009146,0.8422059388106462,5,27,allocation 3:3 | no multiplexing | doubled distance
3:3,False,0.8145739529872971,model TTL,86,10.5,10.0,0.5,0.8380631999243169,0.8397986732288295,1,21,allocation 3:3 | no multiplexing | doubled distance
3:3,False,0.8145739529872971,model TTL,64,10.5,8.0,2.5,0.8339077127115242,0.8414199720801374,5,21,allocation 3:3 | no multiplexing | doubled distance
3:3,False,0.8145739529872971,model TTL,65,13.0,13.0,0.0,0.8379285716268141,0.8379285716268141,0,26,allocation 3:3 | no multiplexing | doubled distance
3:3,False,0.8145739529872971,model TTL,72,12.0,11.5,0.5,0.8342773221955773,0.8352264198103931,1,24,allocation 3:3 | no multiplexing | doubled distance
3:3,False,0.8145739529872971,model TTL,67,12.0,11.0,1.0,0.8358467092239611,0.8380540770055255,2,24,allocation 3:3 | no multiplexing | doubled distance
3:3,False,0.8145739529872971,model TTL,66,12.5,10.5,2.0,0.8336262642150499,0.8382641490601865,4,25,allocation 3:3 | no multiplexing | doubled distance
3:3,False,0.8145739529872971,model TTL,68,10.5,10.0,0.5,0.8400567339294962,0.8422019569714294,1,21,allocation 3:3 | no multiplexing | doubled distance
3:3,False,0.8145739529872971,model TTL,69,11.0,9.5,1.5,0.8360092389288276,0.8404182263321487,3,22,allocation 3:3 | no multiplexing | doubled distance
3:3,False,0.8145739529872971,model TTL,70,11.5,11.5,0.0,0.8394438735772058,0.8394438735772058,0,23,allocation 3:3 | no multiplexing | doubled distance
3:3,False,0.8145739529872971,model TTL,71,11.0,11.0,0.0,0.8324770831665494,0.8324770831665494,0,22,allocation 3:3 | no multiplexing | doubled distance
3:3,False,0.8145739529872971,model TTL,74,8.0,8.0,0.0,0.833454715535412,0.833454715535412,0,16,allocation 3:3 | no multiplexing | doubled distance
3:3,False,0.8145739529872971,model TTL,78,14.5,12.5,2.0,0.8344905980420292,0.8398925831789381,4,29,allocation 3:3 | no multiplexing | doubled distance
3:3,False,0.8145739529872971,model TTL,79,11.5,11.0,0.5,0.8426059209726007,0.843986667593066,1,23,allocation 3:3 | no multiplexing | doubled distance
3:3,False,0.8145739529872971,model TTL,73,18.0,14.0,4.0,0.8322583251660469,0.8381484552337345,8,36,allocation 3:3 | no multiplexing | doubled distance
3:3,False,0.8145739529872971,model TTL,77,13.5,13.0,0.5,0.8384386126647265,0.839949893943988,1,27,allocation 3:3 | no multiplexing | doubled distance
3:3,False,0.8145739529872971,model TTL,75,15.5,13.0,2.5,0.8310923855422292,0.8356007007306244,5,31,allocation 3:3 | no multiplexing | doubled distance
3:3,False,0.8145739529872971,model TTL,76,11.0,10.0,1.0,0.8388355129330919,0.8418326445026879,2,22,allocation 3:3 | no multiplexing | doubled distance
3:3,False,0.8145739529872971,model TTL,83,13.5,13.5,0.0,0.8424206734182117,0.8424206734182117,0,27,allocation 3:3 | no multiplexing | doubled distance
3:3,False,0.8145739529872971,model TTL,80,16.0,14.0,2.0,0.8337806011798233,0.8376623945139453,4,32,allocation 3:3 | no multiplexing | doubled distance
3:3,False,0.8145739529872971,model TTL,81,13.5,12.5,1.0,0.8335550716949832,0.835719947499022,2,27,allocation 3:3 | no multiplexing | doubled distance
3:3,False,0.8145739529872971,model TTL,82,14.0,12.5,1.5,0.8377782988764733,0.8411898540699042,3,28,allocation 3:3 | no multiplexing | doubled distance
3:3,False,0.8145739529872971,model TTL,84,14.0,12.0,2.0,0.8384390740238145,0.8426463766112349,4,28,allocation 3:3 | no multiplexing | doubled distance
3:3,False,0.8145739529872971,model TTL,85,12.0,10.5,1.5,0.8358327621979751,0.8402581850893182,3,24,allocation 3:3 | no multiplexing | doubled distance
3:3,False,0.8145739529872971,model TTL,88,9.5,8.0,1.5,0.8316112936144864,0.8353262510686132,3,19,allocation 3:3 | no multiplexing | doubled distance
3:3,False,0.8145739529872971,model TTL,87,10.0,9.5,0.5,0.8282925402293985,0.8298094111077132,1,20,allocation 3:3 | no multiplexing | doubled distance
3:3,False,0.8145739529872971,model TTL,92,13.5,11.0,2.5,0.8360256556411322,0.8428111609948499,5,27,allocation 3:3 | no multiplexing | doubled distance
3:3,False,0.8145739529872971,model TTL,90,12.0,9.5,2.5,0.8291379620391461,0.8345691358681173,5,24,allocation 3:3 | no multiplexing | doubled distance
3:3,False,0.8145739529872971,model TTL,89,12.5,10.5,2.0,0.8375032165867506,0.8422744205623622,4,25,allocation 3:3 | no multiplexing | doubled distance
3:3,False,0.8145739529872971,model TTL,91,15.5,15.0,0.5,0.8426760152155637,0.8437523285468401,1,31,allocation 3:3 | no multiplexing | doubled distance
3:3,False,0.8145739529872971,model TTL,93,11.0,10.5,0.5,0.8431605058222749,0.8449367382572394,1,22,allocation 3:3 | no multiplexing | doubled distance
3:3,False,0.8145739529872971,model TTL,95,14.0,12.0,2.0,0.8349552553139573,0.8398077461077876,4,28,allocation 3:3 | no multiplexing | doubled distance
3:3,False,0.8145739529872971,model TTL,94,8.5,7.5,1.0,0.8329426434420544,0.8363139574101763,2,17,allocation 3:3 | no multiplexing | doubled distance
3:3,False,0.8145739529872971,model TTL,96,11.5,10.0,1.5,0.8345187033475039,0.8383720313816161,3,23,allocation 3:3 | no multiplexing | doubled distance
3:3,False,0.8145739529872971,model TTL,97,13.0,12.5,0.5,0.8402590759096981,0.8415016581782757,1,26,allocation 3:3 | no multiplexing | doubled distance
3:3,False,0.8145739529872971,model TTL,99,13.5,12.0,1.5,0.8313907457443274,0.8346408168310143,3,27,allocation 3:3 | no multiplexing | doubled distance
3:3,False,0.8145739529872971,model TTL,98,13.0,12.0,1.0,0.837083901315314,0.8394569349988429,2,26,allocation 3:3 | no multiplexing | doubled distance
3:3,False,0.8468609294809456,no TTL,4,9.5,0.5,9.0,0.6400093251524837,0.8526422286074373,18,19,allocation 3:3 | no multiplexing | doubled distance
3:3,False,0.8468609294809456,no TTL,15,14.0,0.5,13.5,0.667644900319597,0.8501497020543809,27,28,allocation 3:3 | no multiplexing | doubled distance
3:3,False,0.8468609294809456,no TTL,8,10.0,0.5,9.5,0.600329473086885,0.8474091282931663,19,20,allocation 3:3 | no multiplexing | doubled distance
3:3,False,0.8468609294809456,no TTL,14,13.5,0.0,13.5,0.6190569758837583,,27,27,allocation 3:3 | no multiplexing | doubled distance
3:3,False,0.8468609294809456,no TTL,23,10.0,0.0,10.0,0.568635510795247,,20,20,allocation 3:3 | no multiplexing | doubled distance
3:3,False,0.8468609294809456,no TTL,21,10.0,0.0,10.0,0.5846667108230981,,20,20,allocation 3:3 | no multiplexing | doubled distance
3:3,False,0.8468609294809456,no TTL,3,16.0,0.0,16.0,0.6222286437139952,,32,32,allocation 3:3 | no multiplexing | doubled distance
3:3,False,0.8468609294809456,no TTL,18,9.5,0.5,9.0,0.6332803223289545,0.8591525354370041,18,19,allocation 3:3 | no multiplexing | doubled distance
3:3,False,0.8468609294809456,no TTL,17,9.5,0.0,9.5,0.5632389990398726,,19,19,allocation 3:3 | no multiplexing | doubled distance
3:3,False,0.8468609294809456,no TTL,12,9.5,0.5,9.0,0.6320089712943265,0.8534761226240162,18,19,allocation 3:3 | no multiplexing | doubled distance
3:3,False,0.8468609294809456,no TTL,6,10.5,0.0,10.5,0.5915509011455841,,21,21,allocation 3:3 | no multiplexing | doubled distance
3:3,False,0.8468609294809456,no TTL,22,13.0,1.0,12.0,0.6276327181749144,0.8509693889237786,24,26,allocation 3:3 | no multiplexing | doubled distance
3:3,False,0.8468609294809456,no TTL,10,17.5,0.5,17.0,0.611101625324474,0.8590011643138811,34,35,allocation 3:3 | no multiplexing | doubled distance
3:3,False,0.8468609294809456,no TTL,5,14.0,0.5,13.5,0.6197502903174708,0.8611910345711682,27,28,allocation 3:3 | no multiplexing | doubled distance
3:3,False,0.8468609294809456,no TTL,0,14.5,0.0,14.5,0.6516040684118604,,29,29,allocation 3:3 | no multiplexing | doubled distance
3:3,False,0.8468609294809456,no TTL,20,16.0,1.5,14.5,0.6499541101403846,0.8506838945741376,29,32,allocation 3:3 | no multiplexing | doubled distance
3:3,False,0.8468609294809456,no TTL,2,11.5,1.0,10.5,0.6134023551252135,0.8554493239435341,21,23,allocation 3:3 | no multiplexing | doubled distance
3:3,False,0.8468609294809456,no TTL,27,14.5,0.5,14.0,0.6571556490500865,0.854383121154302,28,29,allocation 3:3 | no multiplexing | doubled distance
3:3,False,0.8468609294809456,no TTL,28,14.5,0.0,14.5,0.6463411924683768,,29,29,allocation 3:3 | no multiplexing | doubled distance
3:3,False,0.8468609294809456,no TTL,24,13.5,0.0,13.5,0.658468131343742,,27,27,allocation 3:3 | no multiplexing | doubled distance
3:3,False,0.8468609294809456,no TTL,30,12.0,0.0,12.0,0.6091031010816366,,24,24,allocation 3:3 | no multiplexing | doubled distance
3:3,False,0.8468609294809456,no TTL,16,19.0,0.5,18.5,0.6139776977945103,0.8496532827359442,37,38,allocation 3:3 | no multiplexing | doubled distance
3:3,False,0.8468609294809456,no TTL,19,11.5,1.5,10.0,0.6675017799611318,0.8579555280344557,20,23,allocation 3:3 | no multiplexing | doubled distance
3:3,False,0.8468609294809456,no TTL,13,14.5,1.0,13.5,0.6181826889890357,0.8521016622140352,27,29,allocation 3:3 | no multiplexing | doubled distance
3:3,False,0.8468609294809456,no TTL,29,16.5,0.0,16.5,0.6240751538640746,,33,33,allocation 3:3 | no multiplexing | doubled distance
3:3,False,0.8468609294809456,no TTL,9,13.5,0.0,13.5,0.5991191814834838,,27,27,allocation 3:3 | no multiplexing | doubled distance
3:3,False,0.8468609294809456,no TTL,11,13.0,0.0,13.0,0.6041007032979452,,26,26,allocation 3:3 | no multiplexing | doubled distance
3:3,False,0.8468609294809456,no TTL,1,15.5,0.0,15.5,0.5793822131044839,,31,31,allocation 3:3 | no multiplexing | doubled distance
3:3,False,0.8468609294809456,no TTL,26,16.5,0.0,16.5,0.6272412254998799,,33,33,allocation 3:3 | no multiplexing | doubled distance
3:3,False,0.8468609294809456,no TTL,25,13.0,0.5,12.5,0.6264050272286963,0.8482361356446015,25,26,allocation 3:3 | no multiplexing | doubled distance
3:3,False,0.8468609294809456,no TTL,7,17.5,0.5,17.0,0.5863866667232753,0.8499036183000025,34,35,allocation 3:3 | no multiplexing | doubled distance
3:3,False,0.8468609294809456,no TTL,32,12.5,0.0,12.5,0.6218135627706277,,25,25,allocation 3:3 | no multiplexing | doubled distance
3:3,False,0.8468609294809456,no TTL,31,14.5,0.5,14.0,0.6142041909183215,0.8472856574603896,28,29,allocation 3:3 | no multiplexing | doubled distance
3:3,False,0.8468609294809456,no TTL,36,12.5,0.0,12.5,0.6023910225019975,,25,25,allocation 3:3 | no multiplexing | doubled distance
3:3,False,0.8468609294809456,no TTL,34,11.0,0.0,11.0,0.5390797391427784,,22,22,allocation 3:3 | no multiplexing | doubled distance
3:3,False,0.8468609294809456,no TTL,33,11.5,0.5,11.0,0.6145271559160143,0.860880065391821,22,23,allocation 3:3 | no multiplexing | doubled distance
3:3,False,0.8468609294809456,no TTL,49,16.0,1.0,15.0,0.5972733683471643,0.8547957748633535,30,32,allocation 3:3 | no multiplexing | doubled distance
3:3,False,0.8468609294809456,no TTL,46,14.5,0.0,14.5,0.6045363313885825,,29,29,allocation 3:3 | no multiplexing | doubled distance
3:3,False,0.8468609294809456,no TTL,43,12.0,0.5,11.5,0.6549408678022316,0.8614461243799747,23,24,allocation 3:3 | no multiplexing | doubled distance
3:3,False,0.8468609294809456,no TTL,48,11.0,0.5,10.5,0.6223230373313119,0.8511451841111324,21,22,allocation 3:3 | no multiplexing | doubled distance
3:3,False,0.8468609294809456,no TTL,61,11.5,0.5,11.0,0.6210427269370367,0.8551575615800897,22,23,allocation 3:3 | no multiplexing | doubled distance
3:3,False,0.8468609294809456,no TTL,37,11.0,0.0,11.0,0.609466081708668,,22,22,allocation 3:3 | no multiplexing | doubled distance
3:3,False,0.8468609294809456,no TTL,40,11.0,1.0,10.0,0.634094313454167,0.8540851477814233,20,22,allocation 3:3 | no multiplexing | doubled distance
3:3,False,0.8468609294809456,no TTL,51,12.0,1.5,10.5,0.6319162594391124,0.8516614870558027,21,24,allocation 3:3 | no multiplexing | doubled distance
3:3,False,0.8468609294809456,no TTL,35,10.5,0.0,10.5,0.6184713673812022,,21,21,allocation 3:3 | no multiplexing | doubled distance
3:3,False,0.8468609294809456,no TTL,53,11.5,1.0,10.5,0.6371298304613809,0.8554718753084545,21,23,allocation 3:3 | no multiplexing | doubled distance
3:3,False,0.8468609294809456,no TTL,38,22.0,1.0,21.0,0.6281390794258122,0.8538184614446672,42,44,allocation 3:3 | no multiplexing | doubled distance
3:3,False,0.8468609294809456,no TTL,59,13.0,0.5,12.5,0.6140387029132841,0.8569764298408208,25,26,allocation 3:3 | no multiplexing | doubled distance
3:3,False,0.8468609294809456,no TTL,54,13.5,1.0,12.5,0.6716148419627225,0.8509459194588703,25,27,allocation 3:3 | no multiplexing | doubled distance
3:3,False,0.8468609294809456,no TTL,47,13.5,1.0,12.5,0.6377805987197431,0.8603081934450254,25,27,allocation 3:3 | no multiplexing | doubled distance
3:3,False,0.8468609294809456,no TTL,44,16.0,0.5,15.5,0.6163788420515275,0.8502327190069217,31,32,allocation 3:3 | no multiplexing | doubled distance
3:3,False,0.8468609294809456,no TTL,57,12.5,0.5,12.0,0.605182644628141,0.8492300029217372,24,25,allocation 3:3 | no multiplexing | doubled distance
3:3,False,0.8468609294809456,no TTL,45,12.5,0.0,12.5,0.6302494533878928,,25,25,allocation 3:3 | no multiplexing | doubled distance
3:3,False,0.8468609294809456,no TTL,50,11.0,0.5,10.5,0.6506765325645683,0.8503987861639921,21,22,allocation 3:3 | no multiplexing | doubled distance
3:3,False,0.8468609294809456,no TTL,42,12.5,1.5,11.0,0.6687732531252885,0.8599545047664615,22,25,allocation 3:3 | no multiplexing | doubled distance
3:3,False,0.8468609294809456,no TTL,41,13.0,0.0,13.0,0.6270794751954245,,26,26,allocation 3:3 | no multiplexing | doubled distance
3:3,False,0.8468609294809456,no TTL,58,17.0,0.5,16.5,0.6102030805558827,0.8491195980450349,33,34,allocation 3:3 | no multiplexing | doubled distance
3:3,False,0.8468609294809456,no TTL,52,15.0,0.0,15.0,0.5781883968983289,,30,30,allocation 3:3 | no multiplexing | doubled distance
3:3,False,0.8468609294809456,no TTL,56,9.5,0.5,9.0,0.5790923871262655,0.8481635088969456,18,19,allocation 3:3 | no multiplexing | doubled distance
3:3,False,0.8468609294809456,no TTL,39,11.5,0.0,11.5,0.6486037759213107,,23,23,allocation 3:3 | no multiplexing | doubled distance
3:3,False,0.8468609294809456,no TTL,55,15.0,0.5,14.5,0.6409865297228786,0.8610235625251319,29,30,allocation 3:3 | no multiplexing | doubled distance
3:3,False,0.8468609294809456,no TTL,60,12.5,1.0,11.5,0.6717447591052553,0.8567334416738264,23,25,allocation 3:3 | no multiplexing | doubled distance
3:3,False,0.8468609294809456,no TTL,62,11.0,1.0,10.0,0.6181093778782312,0.8558106838841861,20,22,allocation 3:3 | no multiplexing | doubled distance
3:3,False,0.8468609294809456,no TTL,93,14.5,0.0,14.5,0.6052426198346172,,29,29,allocation 3:3 | no multiplexing | doubled distance
3:3,False,0.8468609294809456,no TTL,63,11.5,0.0,11.5,0.587195883437648,,23,23,allocation 3:3 | no multiplexing | doubled distance
3:3,False,0.8468609294809456,no TTL,65,12.5,0.0,12.5,0.5822568398153698,,25,25,allocation 3:3 | no multiplexing | doubled distance
3:3,False,0.8468609294809456,no TTL,64,16.0,1.0,15.0,0.6186620775398075,0.8530689166321799,30,32,allocation 3:3 | no multiplexing | doubled distance
3:3,False,0.8468609294809456,no TTL,66,15.0,1.0,14.0,0.6370064105126249,0.8549004207697796,28,30,allocation 3:3 | no multiplexing | doubled distance
3:3,False,0.8468609294809456,no TTL,70,9.0,0.0,9.0,0.6441828909929895,,18,18,allocation 3:3 | no multiplexing | doubled distance
3:3,False,0.8468609294809456,no TTL,67,15.5,0.5,15.0,0.6303157679140934,0.8622041932140555,30,31,allocation 3:3 | no multiplexing | doubled distance
3:3,False,0.8468609294809456,no TTL,73,9.0,0.0,9.0,0.6370901900969694,,18,18,allocation 3:3 | no multiplexing | doubled distance
3:3,False,0.8468609294809456,no TTL,69,11.0,0.5,10.5,0.608213497656554,0.8587501065936248,21,22,allocation 3:3 | no multiplexing | doubled distance
3:3,False,0.8468609294809456,no TTL,72,13.5,0.5,13.0,0.5605500205001339,0.8538921840019491,26,27,allocation 3:3 | no multiplexing | doubled distance
3:3,False,0.8468609294809456,no TTL,75,14.5,0.5,14.0,0.562505725027061,0.8597372581980918,28,29,allocation 3:3 | no multiplexing | doubled distance
3:3,False,0.8468609294809456,no TTL,78,11.5,0.0,11.5,0.6104164213426387,,23,23,allocation 3:3 | no multiplexing | doubled distance
3:3,False,0.8468609294809456,no TTL,77,13.5,0.5,13.0,0.6087290938715737,0.8477412440177312,26,27,allocation 3:3 | no multiplexing | doubled distance
3:3,False,0.8468609294809456,no TTL,82,16.0,0.5,15.5,0.607672866914907,0.846894793593121,31,32,allocation 3:3 | no multiplexing | doubled distance
3:3,False,0.8468609294809456,no TTL,71,14.0,0.0,14.0,0.6374595356883006,,28,28,allocation 3:3 | no multiplexing | doubled distance
3:3,False,0.8468609294809456,no TTL,68,13.0,0.5,12.5,0.6314345299596201,0.8511451841111324,25,26,allocation 3:3 | no multiplexing | doubled distance
3:3,False,0.8468609294809456,no TTL,86,9.5,0.5,9.0,0.564302017557799,0.8499837013938902,18,19,allocation 3:3 | no multiplexing | doubled distance
3:3,False,0.8468609294809456,no TTL,80,15.5,0.5,15.0,0.6010164496211471,0.8518648341646962,30,31,allocation 3:3 | no multiplexing | doubled distance
3:3,False,0.8468609294809456,no TTL,83,14.0,0.0,14.0,0.6192283445297374,,28,28,allocation 3:3 | no multiplexing | doubled distance
3:3,False,0.8468609294809456,no TTL,79,15.5,1.0,14.5,0.6299613472430893,0.8556362690195287,29,31,allocation 3:3 | no multiplexing | doubled distance
3:3,False,0.8468609294809456,no TTL,74,13.5,0.0,13.5,0.6200118472485179,,27,27,allocation 3:3 | no multiplexing | doubled distance
3:3,False,0.8468609294809456,no TTL,87,12.0,0.5,11.5,0.6179251320254346,0.8606843249604182,23,24,allocation 3:3 | no multiplexing | doubled distance
3:3,False,0.8468609294809456,no TTL,84,12.0,0.5,11.5,0.6165481666614526,0.8564730947767736,23,24,allocation 3:3 | no multiplexing | doubled distance
3:3,False,0.8468609294809456,no TTL,81,17.0,1.0,16.0,0.6480924435734979,0.8579072968852335,32,34,allocation 3:3 | no multiplexing | doubled distance
3:3,False,0.8468609294809456,no TTL,91,10.0,0.5,9.5,0.6198556926509347,0.8562025329830983,19,20,allocation 3:3 | no multiplexing | doubled distance
3:3,False,0.8468609294809456,no TTL,89,13.0,0.0,13.0,0.5795608159659044,,26,26,allocation 3:3 | no multiplexing | doubled distance
3:3,False,0.8468609294809456,no TTL,76,15.0,1.5,13.5,0.6197639450912498,0.8583486620372776,27,30,allocation 3:3 | no multiplexing | doubled distance
3:3,False,0.8468609294809456,no TTL,88,14.0,0.0,14.0,0.5975878118156353,,28,28,allocation 3:3 | no multiplexing | doubled distance
3:3,False,0.8468609294809456,no TTL,85,12.0,1.5,10.5,0.6669499231077914,0.854476804200059,21,24,allocation 3:3 | no multiplexing | doubled distance
3:3,False,0.8468609294809456,no TTL,90,13.0,0.5,12.5,0.6238384073037111,0.8482462606749998,25,26,allocation 3:3 | no multiplexing | doubled distance
3:3,False,0.8468609294809456,no TTL,92,14.0,0.0,14.0,0.6329638582338234,,28,28,allocation 3:3 | no multiplexing | doubled distance
3:3,False,0.8468609294809456,no TTL,94,16.5,1.0,15.5,0.6430938267873736,0.8533918576430108,31,33,allocation 3:3 | no multiplexing | doubled distance
3:3,False,0.8468609294809456,no TTL,95,12.0,0.0,12.0,0.5878215586130782,,24,24,allocation 3:3 | no multiplexing | doubled distance
3:3,False,0.8468609294809456,no TTL,96,16.0,0.5,15.5,0.6239043418753951,0.8517289208663051,31,32,allocation 3:3 | no multiplexing | doubled distance
3:3,False,0.8468609294809456,no TTL,97,16.5,0.0,16.5,0.6160773664268425,,33,33,allocation 3:3 | no multiplexing | doubled distance
3:3,False,0.8468609294809456,no TTL,99,15.5,0.5,15.0,0.6398997203226325,0.8594119626794253,30,31,allocation 3:3 | no multiplexing | doubled distance
3:3,False,0.8468609294809456,no TTL,98,15.5,0.5,15.0,0.6121493266379398,0.8497260840456613,30,31,allocation 3:3 | no multiplexing | doubled distance
3:3,False,0.8468609294809456,model TTL,16,12.5,12.0,0.5,0.8541947999944075,0.8545011000565488,1,25,allocation 3:3 | no multiplexing | doubled distance
3:3,False,0.8468609294809456,model TTL,2,4.0,4.0,0.0,0.8549629755267721,0.8549629755267721,0,8,allocation 3:3 | no multiplexing | doubled distance
3:3,False,0.8468609294809456,model TTL,1,4.5,4.0,0.5,0.8529267183609218,0.8539368572714297,1,9,allocation 3:3 | no multiplexing | doubled distance
3:3,False,0.8468609294809456,model TTL,0,8.5,7.5,1.0,0.8544282938679459,0.8555579626241536,2,17,allocation 3:3 | no multiplexing | doubled distance
3:3,False,0.8468609294809456,model TTL,7,6.5,6.0,0.5,0.8559662894139372,0.8568064275761437,1,13,allocation 3:3 | no multiplexing | doubled distance
3:3,False,0.8468609294809456,model TTL,3,6.5,6.5,0.0,0.8582294422756073,0.8582294422756073,0,13,allocation 3:3 | no multiplexing | doubled distance
3:3,False,0.8468609294809456,model TTL,8,9.5,9.0,0.5,0.8552883702192584,0.8558872793163536,1,19,allocation 3:3 | no multiplexing | doubled distance
3:3,False,0.8468609294809456,model TTL,4,7.5,7.5,0.0,0.8561702498489457,0.8561702498489457,0,15,allocation 3:3 | no multiplexing | doubled distance
3:3,False,0.8468609294809456,model TTL,11,6.0,5.0,1.0,0.8558696158037811,0.8577525930014606,2,12,allocation 3:3 | no multiplexing | doubled distance
3:3,False,0.8468609294809456,model TTL,5,6.0,5.5,0.5,0.8560370173198337,0.8570659672668449,1,12,allocation 3:3 | no multiplexing | doubled distance
3:3,False,0.8468609294809456,model TTL,6,8.0,7.5,0.5,0.8553926731182864,0.8560500626255211,1,16,allocation 3:3 | no multiplexing | doubled distance
3:3,False,0.8468609294809456,model TTL,12,5.0,4.5,0.5,0.854218135228945,0.8551868232295288,1,10,allocation 3:3 | no multiplexing | doubled distance
3:3,False,0.8468609294809456,model TTL,10,6.0,5.0,1.0,0.8534396450023918,0.8550267324046192,2,12,allocation 3:3 | no multiplexing | doubled distance
3:3,False,0.8468609294809456,model TTL,9,7.5,7.5,0.0,0.8565276075673646,0.8565276075673646,0,15,allocation 3:3 | no multiplexing | doubled distance
3:3,False,0.8468609294809456,model TTL,14,7.5,7.0,0.5,0.8560041172979675,0.8567587600847086,1,15,allocation 3:3 | no multiplexing | doubled distance
3:3,False,0.8468609294809456,model TTL,13,8.5,7.0,1.5,0.8552477243460558,0.8573917688715545,3,17,allocation 3:3 | no multiplexing | doubled distance
3:3,False,0.8468609294809456,model TTL,17,4.5,4.0,0.5,0.8525653205255389,0.8535607360168789,1,9,allocation 3:3 | no multiplexing | doubled distance
3:3,False,0.8468609294809456,model TTL,15,7.0,7.0,0.0,0.8562607742031999,0.8562607742031999,0,14,allocation 3:3 | no multiplexing | doubled distance
3:3,False,0.8468609294809456,model TTL,25,8.0,7.5,0.5,0.8563493971608129,0.8570017305166314,1,16,allocation 3:3 | no multiplexing | doubled distance
3:3,False,0.8468609294809456,model TTL,18,8.0,7.5,0.5,0.8535944821284029,0.8541694553402499,1,16,allocation 3:3 | no multiplexing | doubled distance
3:3,False,0.8468609294809456,model TTL,20,9.5,8.5,1.0,0.8517635747984377,0.8525474982632518,2,19,allocation 3:3 | no multiplexing | doubled distance
3:3,False,0.8468609294809456,model TTL,21,7.0,6.5,0.5,0.8538952223395002,0.8544457099879647,1,14,allocation 3:3 | no multiplexing | doubled distance
3:3,False,0.8468609294809456,model TTL,22,6.0,5.5,0.5,0.8547726496693017,0.8556450921065153,1,12,allocation 3:3 | no multiplexing | doubled distance
3:3,False,0.8468609294809456,model TTL,23,5.5,5.5,0.0,0.8571517469360683,0.8571517469360683,0,11,allocation 3:3 | no multiplexing | doubled distance
3:3,False,0.8468609294809456,model TTL,19,8.0,7.5,0.5,0.8527045747008815,0.8532643389943468,1,16,allocation 3:3 | no multiplexing | doubled distance
3:3,False,0.8468609294809456,model TTL,24,5.5,4.5,1.0,0.8539870161080227,0.8559101466486336,2,11,allocation 3:3 | no multiplexing | doubled distance
3:3,False,0.8468609294809456,model TTL,27,4.5,4.0,0.5,0.854121523561344,0.8552048187979915,1,9,allocation 3:3 | no multiplexing | doubled distance
3:3,False,0.8468609294809456,model TTL,26,6.0,5.5,0.5,0.8546908225584299,0.8555064959972495,1,12,allocation 3:3 | no multiplexing | doubled distance
3:3,False,0.8468609294809456,model TTL,29,6.0,5.5,0.5,0.8547213453110818,0.8555541548521758,1,12,allocation 3:3 | no multiplexing | doubled distance
3:3,False,0.8468609294809456,model TTL,28,6.5,6.0,0.5,0.8539490454820529,0.8545982287836116,1,13,allocation 3:3 | no multiplexing | doubled distance
3:3,False,0.8468609294809456,model TTL,30,3.0,3.0,0.0,0.8552041101461417,0.8552041101461417,0,6,allocation 3:3 | no multiplexing | doubled distance
3:3,False,0.8468609294809456,model TTL,31,5.0,4.5,0.5,0.8557327892738275,0.8569114283727942,1,10,allocation 3:3 | no multiplexing | doubled distance
3:3,False,0.8468609294809456,model TTL,49,9.0,8.5,0.5,0.8529092051973662,0.8533284519355772,1,18,allocation 3:3 | no multiplexing | doubled distance
3:3,False,0.8468609294809456,model TTL,46,5.0,4.5,0.5,0.8538877390278278,0.8548021460465554,1,10,allocation 3:3 | no multiplexing | doubled distance
3:3,False,0.8468609294809456,model TTL,34,9.5,7.5,2.0,0.8542990263965843,0.8568281647145776,4,19,allocation 3:3 | no multiplexing | doubled distance
3:3,False,0.8468609294809456,model TTL,37,7.5,7.0,0.5,0.8555692921460021,0.8563277406905645,1,15,allocation 3:3 | no multiplexing | doubled distance
3:3,False,0.8468609294809456,model TTL,42,2.0,2.0,0.0,0.8515148265878031,0.8515148265878031,0,4,allocation 3:3 | no multiplexing | doubled distance
3:3,False,0.8468609294809456,model TTL,33,8.0,7.5,0.5,0.8531772985490065,0.8537640302483862,1,16,allocation 3:3 | no multiplexing | doubled distance
3:3,False,0.8468609294809456,model TTL,35,6.0,5.5,0.5,0.8556261476788295,0.8566336618435615,1,12,allocation 3:3 | no multiplexing | doubled distance
3:3,False,0.8468609294809456,model TTL,39,7.0,6.5,0.5,0.8543682944889226,0.8550123320204552,1,14,allocation 3:3 | no multiplexing | doubled distance
3:3,False,0.8468609294809456,model TTL,36,9.5,8.5,1.0,0.854344064411718,0.8554443224628501,2,19,allocation 3:3 | no multiplexing | doubled distance
3:3,False,0.8468609294809456,model TTL,41,7.0,6.5,0.5,0.8533755311332416,0.8540295254355605,1,14,allocation 3:3 | no multiplexing | doubled distance
3:3,False,0.8468609294809456,model TTL,40,7.0,6.0,1.0,0.8540390928031797,0.8555533323958963,2,14,allocation 3:3 | no multiplexing | doubled distance
3:3,False,0.8468609294809456,model TTL,43,5.0,4.5,0.5,0.851682821160993,0.85244946554329,1,10,allocation 3:3 | no multiplexing | doubled distance
3:3,False,0.8468609294809456,model TTL,44,5.5,5.5,0.0,0.8572138856537963,0.8572138856537963,0,11,allocation 3:3 | no multiplexing | doubled distance
3:3,False,0.8468609294809456,model TTL,38,4.5,4.0,0.5,0.855627991625221,0.8567348436354829,1,9,allocation 3:3 | no multiplexing | doubled distance
3:3,False,0.8468609294809456,model TTL,47,6.0,6.0,0.0,0.8567509191598383,0.8567509191598383,0,12,allocation 3:3 | no multiplexing | doubled distance
3:3,False,0.8468609294809456,model TTL,45,5.0,5.0,0.0,0.855781757128697,0.855781757128697,0,10,allocation 3:3 | no multiplexing | doubled distance
3:3,False,0.8468609294809456,model TTL,48,5.5,5.0,0.5,0.8543329317757066,0.8553361740479144,1,11,allocation 3:3 | no multiplexing | doubled distance
3:3,False,0.8468609294809456,model TTL,50,7.5,7.5,0.0,0.8556151340296669,0.8556151340296669,0,15,allocation 3:3 | no multiplexing | doubled distance
3:3,False,0.8468609294809456,model TTL,52,6.0,6.0,0.0,0.8559730497199665,0.8559730497199665,0,12,allocation 3:3 | no multiplexing | doubled distance
3:3,False,0.8468609294809456,model TTL,53,4.5,4.0,0.5,0.8551366990235184,0.8564929330200114,1,9,allocation 3:3 | no multiplexing | doubled distance
3:3,False,0.8468609294809456,model TTL,51,12.0,11.0,1.0,0.8557394855642853,0.8567441365909924,2,24,allocation 3:3 | no multiplexing | doubled distance
3:3,False,0.8468609294809456,model TTL,54,5.5,4.5,1.0,0.8546949332386446,0.8568473949468127,2,11,allocation 3:3 | no multiplexing | doubled distance
3:3,False,0.8468609294809456,model TTL,32,7.0,7.0,0.0,0.8566358220889297,0.8566358220889297,0,14,allocation 3:3 | no multiplexing | doubled distance
3:3,False,0.8468609294809456,model TTL,55,6.0,5.5,0.5,0.8530572881799788,0.8537746098458219,1,12,allocation 3:3 | no multiplexing | doubled distance
3:3,False,0.8468609294809456,model TTL,56,5.0,4.0,1.0,0.8539044991011933,0.8559821789717698,2,10,allocation 3:3 | no multiplexing | doubled distance
3:3,False,0.8468609294809456,model TTL,58,9.0,8.5,0.5,0.8554495322366206,0.8560385652752158,1,18,allocation 3:3 | no multiplexing | doubled distance
3:3,False,0.8468609294809456,model TTL,57,9.5,9.5,0.0,0.8535733040436554,0.8535733040436554,0,19,allocation 3:3 | no multiplexing | doubled distance
3:3,False,0.8468609294809456,model TTL,59,5.0,4.5,0.5,0.8574338436635598,0.8587368785895527,1,10,allocation 3:3 | no multiplexing | doubled distance
3:3,False,0.8468609294809456,model TTL,61,7.5,6.5,1.0,0.8535157836141428,0.8548599949370843,2,15,allocation 3:3 | no multiplexing | doubled distance
3:3,False,0.8468609294809456,model TTL,60,6.0,6.0,0.0,0.8555146606194569,0.8555146606194569,0,12,allocation 3:3 | no multiplexing | doubled distance
3:3,False,0.8468609294809456,model TTL,64,8.0,7.0,1.0,0.8536431736768252,0.8549558356049445,2,16,allocation 3:3 | no multiplexing | doubled distance
3:3,False,0.8468609294809456,model TTL,63,7.0,6.0,1.0,0.8544402485128912,0.8561010596991182,2,14,allocation 3:3 | no multiplexing | doubled distance
3:3,False,0.8468609294809456,model TTL,62,7.5,6.5,1.0,0.8540297064888622,0.8553411572315864,2,15,allocation 3:3 | no multiplexing | doubled distance
3:3,False,0.8468609294809456,model TTL,67,7.0,6.0,1.0,0.8532876011515654,0.8546056390408787,2,14,allocation 3:3 | no multiplexing | doubled distance
3:3,False,0.8468609294809456,model TTL,68,4.5,3.5,1.0,0.852676130635134,0.8544127048423288,2,9,allocation 3:3 | no multiplexing | doubled distance
3:3,False,0.8468609294809456,model TTL,70,6.0,6.0,0.0,0.8551704347465132,0.8551704347465132,0,12,allocation 3:3 | no multiplexing | doubled distance
3:3,False,0.8468609294809456,model TTL,65,9.0,8.5,0.5,0.8541004349609114,0.8546557427397,1,18,allocation 3:3 | no multiplexing | doubled distance
3:3,False,0.8468609294809456,model TTL,66,7.5,6.5,1.0,0.8529910507557572,0.8540994025745602,2,15,allocation 3:3 | no multiplexing | doubled distance
3:3,False,0.8468609294809456,model TTL,69,5.0,5.0,0.0,0.8559941844511808,0.8559941844511808,0,10,allocation 3:3 | no multiplexing | doubled distance
3:3,False,0.8468609294809456,model TTL,72,7.5,7.5,0.0,0.8561459452157371,0.8561459452157371,0,15,allocation 3:3 | no multiplexing | doubled distance
3:3,False,0.8468609294809456,model TTL,71,6.0,6.0,0.0,0.8542008154069647,0.8542008154069647,0,12,allocation 3:3 | no multiplexing | doubled distance
3:3,False,0.8468609294809456,model TTL,74,4.5,3.5,1.0,0.8510507856047657,0.8525046390970313,2,9,allocation 3:3 | no multiplexing | doubled distance
3:3,False,0.8468609294809456,model TTL,77,6.0,5.5,0.5,0.8559440532645008,0.8569374803975512,1,12,allocation 3:3 | no multiplexing | doubled distance
3:3,False,0.8468609294809456,model TTL,78,7.0,7.0,0.0,0.8562729037107728,0.8562729037107728,0,14,allocation 3:3 | no multiplexing | doubled distance
3:3,False,0.8468609294809456,model TTL,75,9.0,8.5,0.5,0.855419140728698,0.856090569966403,1,18,allocation 3:3 | no multiplexing | doubled distance
3:3,False,0.8468609294809456,model TTL,73,11.5,10.5,1.0,0.8546860056480744,0.8554825112627059,2,23,allocation 3:3 | no multiplexing | doubled distance
3:3,False,0.8468609294809456,model TTL,79,3.5,3.5,0.0,0.8547852725228441,0.8547852725228441,0,7,allocation 3:3 | no multiplexing | doubled distance
3:3,False,0.8468609294809456,model TTL,83,7.0,5.5,1.5,0.8532758032880475,0.8555130688472468,3,14,allocation 3:3 | no multiplexing | doubled distance
3:3,False,0.8468609294809456,model TTL,76,11.0,10.5,0.5,0.8552982829363177,0.8558258664250552,1,22,allocation 3:3 | no multiplexing | doubled distance
3:3,False,0.8468609294809456,model TTL,82,6.5,6.0,0.5,0.8567004861414813,0.8577186551308815,1,13,allocation 3:3 | no multiplexing | doubled distance
3:3,False,0.8468609294809456,model TTL,84,8.0,7.0,1.0,0.8534278370187679,0.8545809206602313,2,16,allocation 3:3 | no multiplexing | doubled distance
3:3,False,0.8468609294809456,model TTL,80,10.5,9.5,1.0,0.8535928349373683,0.8543961293405038,2,21,allocation 3:3 | no multiplexing | doubled distance
3:3,False,0.8468609294809456,model TTL,81,7.5,7.5,0.0,0.8557110545523984,0.8557110545523984,0,15,allocation 3:3 | no multiplexing | doubled distance
3:3,False,0.8468609294809456,model TTL,85,6.0,6.0,0.0,0.8546600699440243,0.8546600699440243,0,12,allocation 3:3 | no multiplexing | doubled distance
3:3,False,0.8468609294809456,model TTL,94,3.5,2.5,1.0,0.8539396706416871,0.8577615812812612,2,7,allocation 3:3 | no multiplexing | doubled distance
3:3,False,0.8468609294809456,model TTL,86,5.5,5.0,0.5,0.8567815663759748,0.8579816135577076,1,11,allocation 3:3 | no multiplexing | doubled distance
3:3,False,0.8468609294809456,model TTL,87,5.0,5.0,0.0,0.8548859094796211,0.8548859094796211,0,10,allocation 3:3 | no multiplexing | doubled distance
3:3,False,0.8468609294809456,model TTL,88,2.0,2.0,0.0,0.8518365926268026,0.8518365926268026,0,4,allocation 3:3 | no multiplexing | doubled distance
3:3,False,0.8468609294809456,model TTL,89,6.5,6.5,0.0,0.8551074638083017,0.8551074638083017,0,13,allocation 3:3 | no multiplexing | doubled distance
3:3,False,0.8468609294809456,model TTL,93,8.0,6.5,1.5,0.8538882628390267,0.8557377679142849,3,16,allocation 3:3 | no multiplexing | doubled distance
3:3,False,0.8468609294809456,model TTL,90,7.0,7.0,0.0,0.8538720672072073,0.8538720672072073,0,14,allocation 3:3 | no multiplexing | doubled distance
3:3,False,0.8468609294809456,model TTL,91,7.5,6.5,1.0,0.8536265386621281,0.8549263393106983,2,15,allocation 3:3 | no multiplexing | doubled distance
3:3,False,0.8468609294809456,model TTL,92,5.5,5.5,0.0,0.8535108163062708,0.8535108163062708,0,11,allocation 3:3 | no multiplexing | doubled distance
3:3,False,0.8468609294809456,model TTL,95,9.0,8.0,1.0,0.8526335869459514,0.8538546822429652,2,18,allocation 3:3 | no multiplexing | doubled distance
3:3,False,0.8468609294809456,model TTL,98,6.5,5.5,1.0,0.8509733484646935,0.8521200937797652,2,13,allocation 3:3 | no multiplexing | doubled distance
3:3,False,0.8468609294809456,model TTL,99,8.5,8.0,0.5,0.8545665343926216,0.8550984697273514,1,17,allocation 3:3 | no multiplexing | doubled distance
3:3,False,0.8468609294809456,model TTL,96,8.0,7.0,1.0,0.8552916459003846,0.856871515973471,2,16,allocation 3:3 | no multiplexing | doubled distance
3:3,False,0.8468609294809456,model TTL,97,7.0,6.0,1.0,0.8533427936691904,0.8547348855432206,2,14,allocation 3:3 | no multiplexing | doubled distance
3:3,False,0.8791479059745941,no TTL,0,14.5,0.0,14.5,0.6516040684118604,,29,29,allocation 3:3 | no multiplexing | doubled distance
3:3,False,0.8791479059745941,no TTL,20,16.0,0.0,16.0,0.6499541101403846,,32,32,allocation 3:3 | no multiplexing | doubled distance
3:3,False,0.8791479059745941,no TTL,8,10.0,0.0,10.0,0.600329473086885,,20,20,allocation 3:3 | no multiplexing | doubled distance
3:3,False,0.8791479059745941,no TTL,14,13.5,0.0,13.5,0.6190569758837583,,27,27,allocation 3:3 | no multiplexing | doubled distance
3:3,False,0.8791479059745941,no TTL,17,9.5,0.0,9.5,0.5632389990398726,,19,19,allocation 3:3 | no multiplexing | doubled distance
3:3,False,0.8791479059745941,no TTL,9,13.5,0.0,13.5,0.5991191814834838,,27,27,allocation 3:3 | no multiplexing | doubled distance
3:3,False,0.8791479059745941,no TTL,23,10.0,0.0,10.0,0.568635510795247,,20,20,allocation 3:3 | no multiplexing | doubled distance
3:3,False,0.8791479059745941,no TTL,4,9.5,0.0,9.5,0.6400093251524837,,19,19,allocation 3:3 | no multiplexing | doubled distance
3:3,False,0.8791479059745941,no TTL,21,10.0,0.0,10.0,0.5846667108230981,,20,20,allocation 3:3 | no multiplexing | doubled distance
3:3,False,0.8791479059745941,no TTL,15,14.0,0.0,14.0,0.667644900319597,,28,28,allocation 3:3 | no multiplexing | doubled distance
3:3,False,0.8791479059745941,no TTL,5,14.0,0.0,14.0,0.6197502903174708,,28,28,allocation 3:3 | no multiplexing | doubled distance
3:3,False,0.8791479059745941,no TTL,10,17.5,0.0,17.5,0.611101625324474,,35,35,allocation 3:3 | no multiplexing | doubled distance
3:3,False,0.8791479059745941,no TTL,18,9.5,0.0,9.5,0.6332803223289545,,19,19,allocation 3:3 | no multiplexing | doubled distance
3:3,False,0.8791479059745941,no TTL,12,9.5,0.0,9.5,0.6320089712943265,,19,19,allocation 3:3 | no multiplexing | doubled distance
3:3,False,0.8791479059745941,no TTL,22,13.0,0.0,13.0,0.6276327181749144,,26,26,allocation 3:3 | no multiplexing | doubled distance
3:3,False,0.8791479059745941,no TTL,6,10.5,0.0,10.5,0.5915509011455841,,21,21,allocation 3:3 | no multiplexing | doubled distance
3:3,False,0.8791479059745941,no TTL,2,11.5,0.0,11.5,0.6134023551252135,,23,23,allocation 3:3 | no multiplexing | doubled distance
3:3,False,0.8791479059745941,no TTL,25,13.0,0.0,13.0,0.6264050272286963,,26,26,allocation 3:3 | no multiplexing | doubled distance
3:3,False,0.8791479059745941,no TTL,13,14.5,0.0,14.5,0.6181826889890357,,29,29,allocation 3:3 | no multiplexing | doubled distance
3:3,False,0.8791479059745941,no TTL,1,15.5,0.0,15.5,0.5793822131044839,,31,31,allocation 3:3 | no multiplexing | doubled distance
3:3,False,0.8791479059745941,no TTL,24,13.5,0.0,13.5,0.658468131343742,,27,27,allocation 3:3 | no multiplexing | doubled distance
3:3,False,0.8791479059745941,no TTL,28,14.5,0.0,14.5,0.6463411924683768,,29,29,allocation 3:3 | no multiplexing | doubled distance
3:3,False,0.8791479059745941,no TTL,19,11.5,0.0,11.5,0.6675017799611318,,23,23,allocation 3:3 | no multiplexing | doubled distance
3:3,False,0.8791479059745941,no TTL,30,12.0,0.0,12.0,0.6091031010816366,,24,24,allocation 3:3 | no multiplexing | doubled distance
3:3,False,0.8791479059745941,no TTL,11,13.0,0.0,13.0,0.6041007032979452,,26,26,allocation 3:3 | no multiplexing | doubled distance
3:3,False,0.8791479059745941,no TTL,27,14.5,0.0,14.5,0.6571556490500865,,29,29,allocation 3:3 | no multiplexing | doubled distance
3:3,False,0.8791479059745941,no TTL,29,16.5,0.0,16.5,0.6240751538640746,,33,33,allocation 3:3 | no multiplexing | doubled distance
3:3,False,0.8791479059745941,no TTL,26,16.5,0.0,16.5,0.6272412254998799,,33,33,allocation 3:3 | no multiplexing | doubled distance
3:3,False,0.8791479059745941,no TTL,3,16.0,0.0,16.0,0.6222286437139952,,32,32,allocation 3:3 | no multiplexing | doubled distance
3:3,False,0.8791479059745941,no TTL,7,17.5,0.0,17.5,0.5863866667232753,,35,35,allocation 3:3 | no multiplexing | doubled distance
3:3,False,0.8791479059745941,no TTL,16,19.0,0.0,19.0,0.6139776977945103,,38,38,allocation 3:3 | no multiplexing | doubled distance
3:3,False,0.8791479059745941,no TTL,32,12.5,0.0,12.5,0.6218135627706277,,25,25,allocation 3:3 | no multiplexing | doubled distance
3:3,False,0.8791479059745941,no TTL,31,14.5,0.0,14.5,0.6142041909183215,,29,29,allocation 3:3 | no multiplexing | doubled distance
3:3,False,0.8791479059745941,no TTL,36,12.5,0.0,12.5,0.6023910225019975,,25,25,allocation 3:3 | no multiplexing | doubled distance
3:3,False,0.8791479059745941,no TTL,33,11.5,0.0,11.5,0.6145271559160143,,23,23,allocation 3:3 | no multiplexing | doubled distance
3:3,False,0.8791479059745941,no TTL,34,11.0,0.0,11.0,0.5390797391427784,,22,22,allocation 3:3 | no multiplexing | doubled distance
3:3,False,0.8791479059745941,no TTL,46,14.5,0.0,14.5,0.6045363313885825,,29,29,allocation 3:3 | no multiplexing | doubled distance
3:3,False,0.8791479059745941,no TTL,43,12.0,0.0,12.0,0.6549408678022316,,24,24,allocation 3:3 | no multiplexing | doubled distance
3:3,False,0.8791479059745941,no TTL,37,11.0,0.0,11.0,0.609466081708668,,22,22,allocation 3:3 | no multiplexing | doubled distance
3:3,False,0.8791479059745941,no TTL,40,11.0,0.0,11.0,0.634094313454167,,22,22,allocation 3:3 | no multiplexing | doubled distance
3:3,False,0.8791479059745941,no TTL,35,10.5,0.0,10.5,0.6184713673812022,,21,21,allocation 3:3 | no multiplexing | doubled distance
3:3,False,0.8791479059745941,no TTL,48,11.0,0.0,11.0,0.6223230373313119,,22,22,allocation 3:3 | no multiplexing | doubled distance
3:3,False,0.8791479059745941,no TTL,51,12.0,0.0,12.0,0.6319162594391124,,24,24,allocation 3:3 | no multiplexing | doubled distance
3:3,False,0.8791479059745941,no TTL,56,9.5,0.0,9.5,0.5790923871262655,,19,19,allocation 3:3 | no multiplexing | doubled distance
3:3,False,0.8791479059745941,no TTL,38,22.0,0.0,22.0,0.6281390794258122,,44,44,allocation 3:3 | no multiplexing | doubled distance
3:3,False,0.8791479059745941,no TTL,53,11.5,0.0,11.5,0.6371298304613809,,23,23,allocation 3:3 | no multiplexing | doubled distance
3:3,False,0.8791479059745941,no TTL,57,12.5,0.0,12.5,0.605182644628141,,25,25,allocation 3:3 | no multiplexing | doubled distance
3:3,False,0.8791479059745941,no TTL,47,13.5,0.0,13.5,0.6377805987197431,,27,27,allocation 3:3 | no multiplexing | doubled distance
3:3,False,0.8791479059745941,no TTL,49,16.0,0.0,16.0,0.5972733683471643,,32,32,allocation 3:3 | no multiplexing | doubled distance
3:3,False,0.8791479059745941,no TTL,45,12.5,0.0,12.5,0.6302494533878928,,25,25,allocation 3:3 | no multiplexing | doubled distance
3:3,False,0.8791479059745941,no TTL,54,13.5,0.0,13.5,0.6716148419627225,,27,27,allocation 3:3 | no multiplexing | doubled distance
3:3,False,0.8791479059745941,no TTL,44,16.0,0.0,16.0,0.6163788420515275,,32,32,allocation 3:3 | no multiplexing | doubled distance
3:3,False,0.8791479059745941,no TTL,42,12.5,0.0,12.5,0.6687732531252885,,25,25,allocation 3:3 | no multiplexing | doubled distance
3:3,False,0.8791479059745941,no TTL,41,13.0,0.0,13.0,0.6270794751954245,,26,26,allocation 3:3 | no multiplexing | doubled distance
3:3,False,0.8791479059745941,no TTL,50,11.0,0.0,11.0,0.6506765325645683,,22,22,allocation 3:3 | no multiplexing | doubled distance
3:3,False,0.8791479059745941,no TTL,58,17.0,0.0,17.0,0.6102030805558827,,34,34,allocation 3:3 | no multiplexing | doubled distance
3:3,False,0.8791479059745941,no TTL,59,13.0,0.0,13.0,0.6140387029132841,,26,26,allocation 3:3 | no multiplexing | doubled distance
3:3,False,0.8791479059745941,no TTL,52,15.0,0.0,15.0,0.5781883968983289,,30,30,allocation 3:3 | no multiplexing | doubled distance
3:3,False,0.8791479059745941,no TTL,60,12.5,0.0,12.5,0.6717447591052553,,25,25,allocation 3:3 | no multiplexing | doubled distance
3:3,False,0.8791479059745941,no TTL,39,11.5,0.0,11.5,0.6486037759213107,,23,23,allocation 3:3 | no multiplexing | doubled distance
3:3,False,0.8791479059745941,no TTL,55,15.0,0.0,15.0,0.6409865297228786,,30,30,allocation 3:3 | no multiplexing | doubled distance
3:3,False,0.8791479059745941,no TTL,61,11.5,0.0,11.5,0.6210427269370367,,23,23,allocation 3:3 | no multiplexing | doubled distance
3:3,False,0.8791479059745941,no TTL,62,11.0,0.0,11.0,0.6181093778782312,,22,22,allocation 3:3 | no multiplexing | doubled distance
3:3,False,0.8791479059745941,no TTL,63,11.5,0.0,11.5,0.587195883437648,,23,23,allocation 3:3 | no multiplexing | doubled distance
3:3,False,0.8791479059745941,no TTL,70,9.0,0.0,9.0,0.6441828909929895,,18,18,allocation 3:3 | no multiplexing | doubled distance
3:3,False,0.8791479059745941,no TTL,93,14.5,0.0,14.5,0.6052426198346172,,29,29,allocation 3:3 | no multiplexing | doubled distance
3:3,False,0.8791479059745941,no TTL,65,12.5,0.0,12.5,0.5822568398153698,,25,25,allocation 3:3 | no multiplexing | doubled distance
3:3,False,0.8791479059745941,no TTL,64,16.0,0.0,16.0,0.6186620775398075,,32,32,allocation 3:3 | no multiplexing | doubled distance
3:3,False,0.8791479059745941,no TTL,66,15.0,0.0,15.0,0.6370064105126249,,30,30,allocation 3:3 | no multiplexing | doubled distance
3:3,False,0.8791479059745941,no TTL,72,13.5,0.0,13.5,0.5605500205001339,,27,27,allocation 3:3 | no multiplexing | doubled distance
3:3,False,0.8791479059745941,no TTL,67,15.5,0.0,15.5,0.6303157679140934,,31,31,allocation 3:3 | no multiplexing | doubled distance
3:3,False,0.8791479059745941,no TTL,69,11.0,0.0,11.0,0.608213497656554,,22,22,allocation 3:3 | no multiplexing | doubled distance
3:3,False,0.8791479059745941,no TTL,73,9.0,0.0,9.0,0.6370901900969694,,18,18,allocation 3:3 | no multiplexing | doubled distance
3:3,False,0.8791479059745941,no TTL,78,11.5,0.0,11.5,0.6104164213426387,,23,23,allocation 3:3 | no multiplexing | doubled distance
3:3,False,0.8791479059745941,no TTL,75,14.5,0.0,14.5,0.562505725027061,,29,29,allocation 3:3 | no multiplexing | doubled distance
3:3,False,0.8791479059745941,no TTL,77,13.5,0.0,13.5,0.6087290938715737,,27,27,allocation 3:3 | no multiplexing | doubled distance
3:3,False,0.8791479059745941,no TTL,86,9.5,0.0,9.5,0.564302017557799,,19,19,allocation 3:3 | no multiplexing | doubled distance
3:3,False,0.8791479059745941,no TTL,82,16.0,0.0,16.0,0.607672866914907,,32,32,allocation 3:3 | no multiplexing | doubled distance
3:3,False,0.8791479059745941,no TTL,68,13.0,0.0,13.0,0.6314345299596201,,26,26,allocation 3:3 | no multiplexing | doubled distance
3:3,False,0.8791479059745941,no TTL,71,14.0,0.0,14.0,0.6374595356883006,,28,28,allocation 3:3 | no multiplexing | doubled distance
3:3,False,0.8791479059745941,no TTL,83,14.0,0.0,14.0,0.6192283445297374,,28,28,allocation 3:3 | no multiplexing | doubled distance
3:3,False,0.8791479059745941,no TTL,89,13.0,0.0,13.0,0.5795608159659044,,26,26,allocation 3:3 | no multiplexing | doubled distance
3:3,False,0.8791479059745941,no TTL,74,13.5,0.0,13.5,0.6200118472485179,,27,27,allocation 3:3 | no multiplexing | doubled distance
3:3,False,0.8791479059745941,no TTL,79,15.5,0.0,15.5,0.6299613472430893,,31,31,allocation 3:3 | no multiplexing | doubled distance
3:3,False,0.8791479059745941,no TTL,84,12.0,0.0,12.0,0.6165481666614526,,24,24,allocation 3:3 | no multiplexing | doubled distance
3:3,False,0.8791479059745941,no TTL,91,10.0,0.0,10.0,0.6198556926509347,,20,20,allocation 3:3 | no multiplexing | doubled distance
3:3,False,0.8791479059745941,no TTL,80,15.5,0.0,15.5,0.6010164496211471,,31,31,allocation 3:3 | no multiplexing | doubled distance
3:3,False,0.8791479059745941,no TTL,81,17.0,0.0,17.0,0.6480924435734979,,34,34,allocation 3:3 | no multiplexing | doubled distance
3:3,False,0.8791479059745941,no TTL,76,15.0,0.0,15.0,0.6197639450912498,,30,30,allocation 3:3 | no multiplexing | doubled distance
3:3,False,0.8791479059745941,no TTL,87,12.0,0.0,12.0,0.6179251320254346,,24,24,allocation 3:3 | no multiplexing | doubled distance
3:3,False,0.8791479059745941,no TTL,85,12.0,0.0,12.0,0.6669499231077914,,24,24,allocation 3:3 | no multiplexing | doubled distance
3:3,False,0.8791479059745941,no TTL,90,13.0,0.0,13.0,0.6238384073037111,,26,26,allocation 3:3 | no multiplexing | doubled distance
3:3,False,0.8791479059745941,no TTL,88,14.0,0.0,14.0,0.5975878118156353,,28,28,allocation 3:3 | no multiplexing | doubled distance
3:3,False,0.8791479059745941,no TTL,92,14.0,0.0,14.0,0.6329638582338234,,28,28,allocation 3:3 | no multiplexing | doubled distance
3:3,False,0.8791479059745941,no TTL,96,16.0,0.0,16.0,0.6239043418753951,,32,32,allocation 3:3 | no multiplexing | doubled distance
3:3,False,0.8791479059745941,no TTL,94,16.5,0.0,16.5,0.6430938267873736,,33,33,allocation 3:3 | no multiplexing | doubled distance
3:3,False,0.8791479059745941,no TTL,95,12.0,0.0,12.0,0.5878215586130782,,24,24,allocation 3:3 | no multiplexing | doubled distance
3:3,False,0.8791479059745941,no TTL,97,16.5,0.0,16.5,0.6160773664268425,,33,33,allocation 3:3 | no multiplexing | doubled distance
3:3,False,0.8791479059745941,no TTL,99,15.5,0.0,15.5,0.6398997203226325,,31,31,allocation 3:3 | no multiplexing | doubled distance
3:3,False,0.8791479059745941,no TTL,98,15.5,0.0,15.5,0.6121493266379398,,31,31,allocation 3:3 | no multiplexing | doubled distance
3:3,False,0.8791479059745941,model TTL,25,0.0,0.0,0.0,,,0,0,allocation 3:3 | no multiplexing | doubled distance
3:3,False,0.8791479059745941,model TTL,2,0.0,0.0,0.0,,,0,0,allocation 3:3 | no multiplexing | doubled distance
3:3,False,0.8791479059745941,model TTL,1,0.0,0.0,0.0,,,0,0,allocation 3:3 | no multiplexing | doubled distance
3:3,False,0.8791479059745941,model TTL,4,0.0,0.0,0.0,,,0,0,allocation 3:3 | no multiplexing | doubled distance
3:3,False,0.8791479059745941,model TTL,0,0.0,0.0,0.0,,,0,0,allocation 3:3 | no multiplexing | doubled distance
3:3,False,0.8791479059745941,model TTL,7,0.0,0.0,0.0,,,0,0,allocation 3:3 | no multiplexing | doubled distance
3:3,False,0.8791479059745941,model TTL,8,0.0,0.0,0.0,,,0,0,allocation 3:3 | no multiplexing | doubled distance
3:3,False,0.8791479059745941,model TTL,6,0.0,0.0,0.0,,,0,0,allocation 3:3 | no multiplexing | doubled distance
3:3,False,0.8791479059745941,model TTL,3,0.0,0.0,0.0,,,0,0,allocation 3:3 | no multiplexing | doubled distance
3:3,False,0.8791479059745941,model TTL,5,0.0,0.0,0.0,,,0,0,allocation 3:3 | no multiplexing | doubled distance
3:3,False,0.8791479059745941,model TTL,9,0.0,0.0,0.0,,,0,0,allocation 3:3 | no multiplexing | doubled distance
3:3,False,0.8791479059745941,model TTL,12,0.0,0.0,0.0,,,0,0,allocation 3:3 | no multiplexing | doubled distance
3:3,False,0.8791479059745941,model TTL,11,0.0,0.0,0.0,,,0,0,allocation 3:3 | no multiplexing | doubled distance
3:3,False,0.8791479059745941,model TTL,13,0.0,0.0,0.0,,,0,0,allocation 3:3 | no multiplexing | doubled distance
3:3,False,0.8791479059745941,model TTL,14,0.0,0.0,0.0,,,0,0,allocation 3:3 | no multiplexing | doubled distance
3:3,False,0.8791479059745941,model TTL,10,0.0,0.0,0.0,,,0,0,allocation 3:3 | no multiplexing | doubled distance
3:3,False,0.8791479059745941,model TTL,15,0.0,0.0,0.0,,,0,0,allocation 3:3 | no multiplexing | doubled distance
3:3,False,0.8791479059745941,model TTL,23,0.0,0.0,0.0,,,0,0,allocation 3:3 | no multiplexing | doubled distance
3:3,False,0.8791479059745941,model TTL,17,0.0,0.0,0.0,,,0,0,allocation 3:3 | no multiplexing | doubled distance
3:3,False,0.8791479059745941,model TTL,16,0.0,0.0,0.0,,,0,0,allocation 3:3 | no multiplexing | doubled distance
3:3,False,0.8791479059745941,model TTL,18,0.0,0.0,0.0,,,0,0,allocation 3:3 | no multiplexing | doubled distance
3:3,False,0.8791479059745941,model TTL,19,0.0,0.0,0.0,,,0,0,allocation 3:3 | no multiplexing | doubled distance
3:3,False,0.8791479059745941,model TTL,21,0.0,0.0,0.0,,,0,0,allocation 3:3 | no multiplexing | doubled distance
3:3,False,0.8791479059745941,model TTL,22,0.0,0.0,0.0,,,0,0,allocation 3:3 | no multiplexing | doubled distance
3:3,False,0.8791479059745941,model TTL,20,0.0,0.0,0.0,,,0,0,allocation 3:3 | no multiplexing | doubled distance
3:3,False,0.8791479059745941,model TTL,24,0.0,0.0,0.0,,,0,0,allocation 3:3 | no multiplexing | doubled distance
3:3,False,0.8791479059745941,model TTL,26,0.0,0.0,0.0,,,0,0,allocation 3:3 | no multiplexing | doubled distance
3:3,False,0.8791479059745941,model TTL,27,0.0,0.0,0.0,,,0,0,allocation 3:3 | no multiplexing | doubled distance
3:3,False,0.8791479059745941,model TTL,28,0.0,0.0,0.0,,,0,0,allocation 3:3 | no multiplexing | doubled distance
3:3,False,0.8791479059745941,model TTL,31,0.0,0.0,0.0,,,0,0,allocation 3:3 | no multiplexing | doubled distance
3:3,False,0.8791479059745941,model TTL,29,0.0,0.0,0.0,,,0,0,allocation 3:3 | no multiplexing | doubled distance
3:3,False,0.8791479059745941,model TTL,30,0.0,0.0,0.0,,,0,0,allocation 3:3 | no multiplexing | doubled distance
3:3,False,0.8791479059745941,model TTL,46,0.0,0.0,0.0,,,0,0,allocation 3:3 | no multiplexing | doubled distance
3:3,False,0.8791479059745941,model TTL,35,0.0,0.0,0.0,,,0,0,allocation 3:3 | no multiplexing | doubled distance
3:3,False,0.8791479059745941,model TTL,34,0.0,0.0,0.0,,,0,0,allocation 3:3 | no multiplexing | doubled distance
3:3,False,0.8791479059745941,model TTL,32,0.0,0.0,0.0,,,0,0,allocation 3:3 | no multiplexing | doubled distance
3:3,False,0.8791479059745941,model TTL,37,0.0,0.0,0.0,,,0,0,allocation 3:3 | no multiplexing | doubled distance
3:3,False,0.8791479059745941,model TTL,33,0.0,0.0,0.0,,,0,0,allocation 3:3 | no multiplexing | doubled distance
3:3,False,0.8791479059745941,model TTL,38,0.0,0.0,0.0,,,0,0,allocation 3:3 | no multiplexing | doubled distance
3:3,False,0.8791479059745941,model TTL,42,0.0,0.0,0.0,,,0,0,allocation 3:3 | no multiplexing | doubled distance
3:3,False,0.8791479059745941,model TTL,36,0.0,0.0,0.0,,,0,0,allocation 3:3 | no multiplexing | doubled distance
3:3,False,0.8791479059745941,model TTL,40,0.0,0.0,0.0,,,0,0,allocation 3:3 | no multiplexing | doubled distance
3:3,False,0.8791479059745941,model TTL,41,0.0,0.0,0.0,,,0,0,allocation 3:3 | no multiplexing | doubled distance
3:3,False,0.8791479059745941,model TTL,43,0.0,0.0,0.0,,,0,0,allocation 3:3 | no multiplexing | doubled distance
3:3,False,0.8791479059745941,model TTL,39,0.0,0.0,0.0,,,0,0,allocation 3:3 | no multiplexing | doubled distance
3:3,False,0.8791479059745941,model TTL,44,0.0,0.0,0.0,,,0,0,allocation 3:3 | no multiplexing | doubled distance
3:3,False,0.8791479059745941,model TTL,47,0.0,0.0,0.0,,,0,0,allocation 3:3 | no multiplexing | doubled distance
3:3,False,0.8791479059745941,model TTL,45,0.0,0.0,0.0,,,0,0,allocation 3:3 | no multiplexing | doubled distance
3:3,False,0.8791479059745941,model TTL,48,0.0,0.0,0.0,,,0,0,allocation 3:3 | no multiplexing | doubled distance
3:3,False,0.8791479059745941,model TTL,50,0.0,0.0,0.0,,,0,0,allocation 3:3 | no multiplexing | doubled distance
3:3,False,0.8791479059745941,model TTL,53,0.0,0.0,0.0,,,0,0,allocation 3:3 | no multiplexing | doubled distance
3:3,False,0.8791479059745941,model TTL,52,0.0,0.0,0.0,,,0,0,allocation 3:3 | no multiplexing | doubled distance
3:3,False,0.8791479059745941,model TTL,51,0.0,0.0,0.0,,,0,0,allocation 3:3 | no multiplexing | doubled distance
3:3,False,0.8791479059745941,model TTL,49,0.0,0.0,0.0,,,0,0,allocation 3:3 | no multiplexing | doubled distance
3:3,False,0.8791479059745941,model TTL,54,0.0,0.0,0.0,,,0,0,allocation 3:3 | no multiplexing | doubled distance
3:3,False,0.8791479059745941,model TTL,55,0.0,0.0,0.0,,,0,0,allocation 3:3 | no multiplexing | doubled distance
3:3,False,0.8791479059745941,model TTL,56,0.0,0.0,0.0,,,0,0,allocation 3:3 | no multiplexing | doubled distance
3:3,False,0.8791479059745941,model TTL,57,0.0,0.0,0.0,,,0,0,allocation 3:3 | no multiplexing | doubled distance
3:3,False,0.8791479059745941,model TTL,60,0.0,0.0,0.0,,,0,0,allocation 3:3 | no multiplexing | doubled distance
3:3,False,0.8791479059745941,model TTL,58,0.0,0.0,0.0,,,0,0,allocation 3:3 | no multiplexing | doubled distance
3:3,False,0.8791479059745941,model TTL,59,0.0,0.0,0.0,,,0,0,allocation 3:3 | no multiplexing | doubled distance
3:3,False,0.8791479059745941,model TTL,61,0.0,0.0,0.0,,,0,0,allocation 3:3 | no multiplexing | doubled distance
3:3,False,0.8791479059745941,model TTL,62,0.0,0.0,0.0,,,0,0,allocation 3:3 | no multiplexing | doubled distance
3:3,False,0.8791479059745941,model TTL,74,0.0,0.0,0.0,,,0,0,allocation 3:3 | no multiplexing | doubled distance
3:3,False,0.8791479059745941,model TTL,63,0.0,0.0,0.0,,,0,0,allocation 3:3 | no multiplexing | doubled distance
3:3,False,0.8791479059745941,model TTL,64,0.0,0.0,0.0,,,0,0,allocation 3:3 | no multiplexing | doubled distance
3:3,False,0.8791479059745941,model TTL,67,0.0,0.0,0.0,,,0,0,allocation 3:3 | no multiplexing | doubled distance
3:3,False,0.8791479059745941,model TTL,68,0.0,0.0,0.0,,,0,0,allocation 3:3 | no multiplexing | doubled distance
3:3,False,0.8791479059745941,model TTL,66,0.0,0.0,0.0,,,0,0,allocation 3:3 | no multiplexing | doubled distance
3:3,False,0.8791479059745941,model TTL,71,0.0,0.0,0.0,,,0,0,allocation 3:3 | no multiplexing | doubled distance
3:3,False,0.8791479059745941,model TTL,70,0.0,0.0,0.0,,,0,0,allocation 3:3 | no multiplexing | doubled distance
3:3,False,0.8791479059745941,model TTL,65,0.0,0.0,0.0,,,0,0,allocation 3:3 | no multiplexing | doubled distance
3:3,False,0.8791479059745941,model TTL,76,0.0,0.0,0.0,,,0,0,allocation 3:3 | no multiplexing | doubled distance
3:3,False,0.8791479059745941,model TTL,69,0.0,0.0,0.0,,,0,0,allocation 3:3 | no multiplexing | doubled distance
3:3,False,0.8791479059745941,model TTL,78,0.0,0.0,0.0,,,0,0,allocation 3:3 | no multiplexing | doubled distance
3:3,False,0.8791479059745941,model TTL,72,0.0,0.0,0.0,,,0,0,allocation 3:3 | no multiplexing | doubled distance
3:3,False,0.8791479059745941,model TTL,73,0.0,0.0,0.0,,,0,0,allocation 3:3 | no multiplexing | doubled distance
3:3,False,0.8791479059745941,model TTL,77,0.0,0.0,0.0,,,0,0,allocation 3:3 | no multiplexing | doubled distance
3:3,False,0.8791479059745941,model TTL,75,0.0,0.0,0.0,,,0,0,allocation 3:3 | no multiplexing | doubled distance
3:3,False,0.8791479059745941,model TTL,80,0.0,0.0,0.0,,,0,0,allocation 3:3 | no multiplexing | doubled distance
3:3,False,0.8791479059745941,model TTL,81,0.0,0.0,0.0,,,0,0,allocation 3:3 | no multiplexing | doubled distance
3:3,False,0.8791479059745941,model TTL,85,0.0,0.0,0.0,,,0,0,allocation 3:3 | no multiplexing | doubled distance
3:3,False,0.8791479059745941,model TTL,83,0.0,0.0,0.0,,,0,0,allocation 3:3 | no multiplexing | doubled distance
3:3,False,0.8791479059745941,model TTL,79,0.0,0.0,0.0,,,0,0,allocation 3:3 | no multiplexing | doubled distance
3:3,False,0.8791479059745941,model TTL,82,0.0,0.0,0.0,,,0,0,allocation 3:3 | no multiplexing | doubled distance
3:3,False,0.8791479059745941,model TTL,84,0.0,0.0,0.0,,,0,0,allocation 3:3 | no multiplexing | doubled distance
3:3,False,0.8791479059745941,model TTL,89,0.0,0.0,0.0,,,0,0,allocation 3:3 | no multiplexing | doubled distance
3:3,False,0.8791479059745941,model TTL,88,0.0,0.0,0.0,,,0,0,allocation 3:3 | no multiplexing | doubled distance
3:3,False,0.8791479059745941,model TTL,86,0.0,0.0,0.0,,,0,0,allocation 3:3 | no multiplexing | doubled distance
3:3,False,0.8791479059745941,model TTL,90,0.0,0.0,0.0,,,0,0,allocation 3:3 | no multiplexing | doubled distance
3:3,False,0.8791479059745941,model TTL,87,0.0,0.0,0.0,,,0,0,allocation 3:3 | no multiplexing | doubled distance
3:3,False,0.8791479059745941,model TTL,92,0.0,0.0,0.0,,,0,0,allocation 3:3 | no multiplexing | doubled distance
3:3,False,0.8791479059745941,model TTL,91,0.0,0.0,0.0,,,0,0,allocation 3:3 | no multiplexing | doubled distance
3:3,False,0.8791479059745941,model TTL,93,0.0,0.0,0.0,,,0,0,allocation 3:3 | no multiplexing | doubled distance
3:3,False,0.8791479059745941,model TTL,94,0.0,0.0,0.0,,,0,0,allocation 3:3 | no multiplexing | doubled distance
3:3,False,0.8791479059745941,model TTL,95,0.0,0.0,0.0,,,0,0,allocation 3:3 | no multiplexing | doubled distance
3:3,False,0.8791479059745941,model TTL,96,0.0,0.0,0.0,,,0,0,allocation 3:3 | no multiplexing | doubled distance
3:3,False,0.8791479059745941,model TTL,97,0.0,0.0,0.0,,,0,0,allocation 3:3 | no multiplexing | doubled distance
3:3,False,0.8791479059745941,model TTL,98,0.0,0.0,0.0,,,0,0,allocation 3:3 | no multiplexing | doubled distance
3:3,False,0.8791479059745941,model TTL,99,0.0,0.0,0.0,,,0,0,allocation 3:3 | no multiplexing | doubled distance
3:3,True,0.75,no TTL,7,32.5,11.5,21.0,0.6737644916865372,0.8021040697174442,42,65,allocation 3:3 | multiplexing | doubled distance
3:3,True,0.75,no TTL,23,39.0,15.5,23.5,0.6852928708945029,0.8092272005938,47,78,allocation 3:3 | multiplexing | doubled distance
3:3,True,0.75,no TTL,16,31.5,13.5,18.0,0.6948986163644213,0.8186140417153702,36,63,allocation 3:3 | multiplexing | doubled distance
3:3,True,0.75,no TTL,20,35.5,17.0,18.5,0.7024356939606701,0.8065775789988442,37,71,allocation 3:3 | multiplexing | doubled distance
3:3,True,0.75,no TTL,6,34.0,12.0,22.0,0.6782748643929993,0.8055744969629555,44,68,allocation 3:3 | multiplexing | doubled distance
3:3,True,0.75,no TTL,3,39.5,14.0,25.5,0.6688793500358775,0.8167299815128557,51,79,allocation 3:3 | multiplexing | doubled distance
3:3,True,0.75,no TTL,30,30.0,11.5,18.5,0.6887869020800755,0.8113798402116573,37,60,allocation 3:3 | multiplexing | doubled distance
3:3,True,0.75,no TTL,24,33.0,12.0,21.0,0.6683625922442958,0.8076114533362336,42,66,allocation 3:3 | multiplexing | doubled distance
3:3,True,0.75,no TTL,9,47.5,17.5,30.0,0.6804260053117842,0.8117362786133459,60,95,allocation 3:3 | multiplexing | doubled distance
3:3,True,0.75,no TTL,17,35.5,12.5,23.0,0.678091357821887,0.8044695413544558,46,71,allocation 3:3 | multiplexing | doubled distance
3:3,True,0.75,no TTL,14,42.5,18.5,24.0,0.6969797769623016,0.8114277898539576,48,85,allocation 3:3 | multiplexing | doubled distance
3:3,True,0.75,no TTL,0,35.0,11.0,24.0,0.6741618360623228,0.8084565142378805,48,70,allocation 3:3 | multiplexing | doubled distance
3:3,True,0.75,no TTL,5,37.5,14.0,23.5,0.6944517128990289,0.8145438662610002,47,75,allocation 3:3 | multiplexing | doubled distance
3:3,True,0.75,no TTL,2,38.0,14.5,23.5,0.6982073285777899,0.8098625843330688,47,76,allocation 3:3 | multiplexing | doubled distance
3:3,True,0.75,no TTL,4,40.0,13.5,26.5,0.6757302491622772,0.7976990291016205,53,80,allocation 3:3 | multiplexing | doubled distance
3:3,True,0.75,no TTL,19,40.5,16.5,24.0,0.681177483517975,0.8081199253074962,48,81,allocation 3:3 | multiplexing | doubled distance
3:3,True,0.75,no TTL,8,40.5,15.0,25.5,0.685029969647598,0.8117982721741779,51,81,allocation 3:3 | multiplexing | doubled distance
3:3,True,0.75,no TTL,11,38.0,18.0,20.0,0.7126190157849048,0.8126463921463078,40,76,allocation 3:3 | multiplexing | doubled distance
3:3,True,0.75,no TTL,10,50.5,21.5,29.0,0.6907782919699832,0.8137124520646208,58,101,allocation 3:3 | multiplexing | doubled distance
3:3,True,0.75,no TTL,28,38.5,16.0,22.5,0.6935398889246959,0.7978996109250883,45,77,allocation 3:3 | multiplexing | doubled distance
3:3,True,0.75,no TTL,27,36.5,14.5,22.0,0.6893001767093266,0.8181977135957286,44,73,allocation 3:3 | multiplexing | doubled distance
3:3,True,0.75,no TTL,18,37.0,15.5,21.5,0.7020686040889189,0.8167696273167905,43,74,allocation 3:3 | multiplexing | doubled distance
3:3,True,0.75,no TTL,12,43.5,20.5,23.0,0.7060410138096239,0.8148672838322928,46,87,allocation 3:3 | multiplexing | doubled distance
3:3,True,0.75,no TTL,15,44.5,22.0,22.5,0.7145882222652569,0.8094520622367807,45,89,allocation 3:3 | multiplexing | doubled distance
3:3,True,0.75,no TTL,22,42.0,15.0,27.0,0.6963747819170337,0.8167085853103742,54,84,allocation 3:3 | multiplexing | doubled distance
3:3,True,0.75,no TTL,13,36.5,13.0,23.5,0.6887832037001153,0.8094336443337894,47,73,allocation 3:3 | multiplexing | doubled distance
3:3,True,0.75,no TTL,29,38.0,16.5,21.5,0.7039155469189255,0.8206311130631663,43,76,allocation 3:3 | multiplexing | doubled distance
3:3,True,0.75,no TTL,25,37.0,16.5,20.5,0.7112718571669998,0.8162569698812989,41,74,allocation 3:3 | multiplexing | doubled distance
3:3,True,0.75,no TTL,1,49.0,25.5,23.5,0.7294484300145779,0.8136935450242492,47,98,allocation 3:3 | multiplexing | doubled distance
3:3,True,0.75,no TTL,26,44.0,17.0,27.0,0.6889266554655539,0.8108482627894172,54,88,allocation 3:3 | multiplexing | doubled distance
3:3,True,0.75,no TTL,21,40.5,17.0,23.5,0.7006898702393214,0.8000706985905068,47,81,allocation 3:3 | multiplexing | doubled distance
3:3,True,0.75,no TTL,32,38.5,16.5,22.0,0.6977319903678324,0.8153127733745404,44,77,allocation 3:3 | multiplexing | doubled distance
3:3,True,0.75,no TTL,31,41.5,16.5,25.0,0.6944665490776717,0.8119850407021593,50,83,allocation 3:3 | multiplexing | doubled distance
3:3,True,0.75,no TTL,39,40.0,16.5,23.5,0.6969520403615602,0.8101205262864485,47,80,allocation 3:3 | multiplexing | doubled distance
3:3,True,0.75,no TTL,35,37.0,13.5,23.5,0.6803734533628338,0.8110637149726861,47,74,allocation 3:3 | multiplexing | doubled distance
3:3,True,0.75,no TTL,38,33.0,12.0,21.0,0.6738069903376088,0.8096797948668609,42,66,allocation 3:3 | multiplexing | doubled distance
3:3,True,0.75,no TTL,42,41.0,17.0,24.0,0.6952131857654948,0.814130587117593,48,82,allocation 3:3 | multiplexing | doubled distance
3:3,True,0.75,no TTL,36,38.5,19.0,19.5,0.7097297354604662,0.8110559231726554,39,77,allocation 3:3 | multiplexing | doubled distance
3:3,True,0.75,no TTL,53,35.0,13.5,21.5,0.6999561871334457,0.8107462742521748,43,70,allocation 3:3 | multiplexing | doubled distance
3:3,True,0.75,no TTL,37,41.5,17.5,24.0,0.6970664312807019,0.812607080910653,48,83,allocation 3:3 | multiplexing | doubled distance
3:3,True,0.75,no TTL,58,36.5,13.0,23.5,0.6931028507759945,0.8167688455265918,47,73,allocation 3:3 | multiplexing | doubled distance
3:3,True,0.75,no TTL,33,47.0,22.0,25.0,0.707937978073068,0.8101398362697835,50,94,allocation 3:3 | multiplexing | doubled distance
3:3,True,0.75,no TTL,43,50.0,20.0,30.0,0.6888848892033786,0.809611875099504,60,100,allocation 3:3 | multiplexing | doubled distance
3:3,True,0.75,no TTL,45,31.0,10.5,20.5,0.6736285548938462,0.8139927774514512,41,62,allocation 3:3 | multiplexing | doubled distance
3:3,True,0.75,no TTL,47,30.5,13.5,17.0,0.6965561266568071,0.8044610191254438,34,61,allocation 3:3 | multiplexing | doubled distance
3:3,True,0.75,no TTL,48,36.0,14.5,21.5,0.6882811696271351,0.8076246235205743,43,72,allocation 3:3 | multiplexing | doubled distance
3:3,True,0.75,no TTL,52,35.0,13.0,22.0,0.6778862537448125,0.8027271563006722,44,70,allocation 3:3 | multiplexing | doubled distance
3:3,True,0.75,no TTL,34,47.0,19.5,27.5,0.6962867842147559,0.808390915277019,55,94,allocation 3:3 | multiplexing | doubled distance
3:3,True,0.75,no TTL,40,35.5,10.0,25.5,0.6613824856749587,0.7943303600202767,51,71,allocation 3:3 | multiplexing | doubled distance
3:3,True,0.75,no TTL,46,36.5,16.0,20.5,0.6864940170147901,0.81188817238443,41,73,allocation 3:3 | multiplexing | doubled distance
3:3,True,0.75,no TTL,54,37.5,13.0,24.5,0.6816804271421666,0.8128879961687314,49,75,allocation 3:3 | multiplexing | doubled distance
3:3,True,0.75,no TTL,44,42.5,18.0,24.5,0.710188530289941,0.8146722445086907,49,85,allocation 3:3 | multiplexing | doubled distance
3:3,True,0.75,no TTL,55,35.5,13.0,22.5,0.7002799923996381,0.8151321757676527,45,71,allocation 3:3 | multiplexing | doubled distance
3:3,True,0.75,no TTL,50,38.0,14.5,23.5,0.6843409198591883,0.8095212859780193,47,76,allocation 3:3 | multiplexing | doubled distance
3:3,True,0.75,no TTL,57,40.5,16.0,24.5,0.6959017615230528,0.8077061557117697,49,81,allocation 3:3 | multiplexing | doubled distance
3:3,True,0.75,no TTL,59,34.5,13.5,21.0,0.6771075571283229,0.8090597494434127,42,69,allocation 3:3 | multiplexing | doubled distance
3:3,True,0.75,no TTL,51,44.5,19.0,25.5,0.7089808827474063,0.8074424372994902,51,89,allocation 3:3 | multiplexing | doubled distance
3:3,True,0.75,no TTL,41,43.5,22.0,21.5,0.7150235247860526,0.8141777087729561,43,87,allocation 3:3 | multiplexing | doubled distance
3:3,True,0.75,no TTL,56,41.0,18.5,22.5,0.7004672889201232,0.8120247954865172,45,82,allocation 3:3 | multiplexing | doubled distance
3:3,True,0.75,no TTL,49,45.0,19.5,25.5,0.7089147419958981,0.8186854262296324,51,90,allocation 3:3 | multiplexing | doubled distance
3:3,True,0.75,no TTL,60,32.5,11.5,21.0,0.681250114863779,0.80478630357356,42,65,allocation 3:3 | multiplexing | doubled distance
3:3,True,0.75,no TTL,61,35.0,12.0,23.0,0.6858604193320319,0.816084825293752,46,70,allocation 3:3 | multiplexing | doubled distance
3:3,True,0.75,no TTL,62,33.5,16.5,17.0,0.6888225692440735,0.8110720980496801,34,67,allocation 3:3 | multiplexing | doubled distance
3:3,True,0.75,no TTL,63,38.5,13.0,25.5,0.6627110246155745,0.8218480554664652,51,77,allocation 3:3 | multiplexing | doubled distance
3:3,True,0.75,no TTL,64,39.5,16.5,23.0,0.6991326026596233,0.8129535001337596,46,79,allocation 3:3 | multiplexing | doubled distance
3:3,True,0.75,no TTL,85,41.0,17.5,23.5,0.6810369141592022,0.8144736162580424,47,82,allocation 3:3 | multiplexing | doubled distance
3:3,True,0.75,no TTL,65,40.5,14.5,26.0,0.674636389881962,0.8168647870773712,52,81,allocation 3:3 | multiplexing | doubled distance
3:3,True,0.75,no TTL,69,42.0,19.0,23.0,0.7135450728278596,0.8159302092391926,46,84,allocation 3:3 | multiplexing | doubled distance
3:3,True,0.75,no TTL,74,36.5,15.5,21.0,0.6786520024689889,0.8148081153346375,42,73,allocation 3:3 | multiplexing | doubled distance
3:3,True,0.75,no TTL,71,38.0,12.5,25.5,0.6894960904290607,0.8156379626638638,51,76,allocation 3:3 | multiplexing | doubled distance
3:3,True,0.75,no TTL,68,34.5,17.0,17.5,0.7123659908872453,0.8028644523784276,35,69,allocation 3:3 | multiplexing | doubled distance
3:3,True,0.75,no TTL,66,43.0,16.5,26.5,0.6845809080230372,0.8150347858046646,53,86,allocation 3:3 | multiplexing | doubled distance
3:3,True,0.75,no TTL,81,34.0,10.5,23.5,0.6544310157361904,0.8016896182804952,47,68,allocation 3:3 | multiplexing | doubled distance
3:3,True,0.75,no TTL,76,38.5,16.0,22.5,0.6771187646156624,0.8136761921524311,45,77,allocation 3:3 | multiplexing | doubled distance
3:3,True,0.75,no TTL,80,33.5,9.0,24.5,0.6697661512649574,0.8143992777836698,49,67,allocation 3:3 | multiplexing | doubled distance
3:3,True,0.75,no TTL,79,39.5,17.0,22.5,0.68867405410791,0.8113906214943538,45,79,allocation 3:3 | multiplexing | doubled distance
3:3,True,0.75,no TTL,67,39.5,18.0,21.5,0.6884215320823046,0.8065823967418354,43,79,allocation 3:3 | multiplexing | doubled distance
3:3,True,0.75,no TTL,70,39.5,18.0,21.5,0.7137003871933706,0.8046269412153929,43,79,allocation 3:3 | multiplexing | doubled distance
3:3,True,0.75,no TTL,72,41.0,17.5,23.5,0.7002184755326935,0.8080851589372685,47,82,allocation 3:3 | multiplexing | doubled distance
3:3,True,0.75,no TTL,78,30.5,9.5,21.0,0.6681542717524013,0.8212040010338711,42,61,allocation 3:3 | multiplexing | doubled distance
3:3,True,0.75,no TTL,73,46.0,18.0,28.0,0.6943053581542603,0.7992980610555838,56,92,allocation 3:3 | multiplexing | doubled distance
3:3,True,0.75,no TTL,84,42.0,20.0,22.0,0.7023451508818342,0.8072795961539231,44,84,allocation 3:3 | multiplexing | doubled distance
3:3,True,0.75,no TTL,75,38.0,14.5,23.5,0.6871941503581876,0.8014886043548569,47,76,allocation 3:3 | multiplexing | doubled distance
3:3,True,0.75,no TTL,77,34.0,14.5,19.5,0.6886713612438174,0.8165116202455489,39,68,allocation 3:3 | multiplexing | doubled distance
3:3,True,0.75,no TTL,87,34.5,13.0,21.5,0.6722532877812777,0.807884487180129,43,69,allocation 3:3 | multiplexing | doubled distance
3:3,True,0.75,no TTL,89,38.0,16.5,21.5,0.6922739198889766,0.8036547779533698,43,76,allocation 3:3 | multiplexing | doubled distance
3:3,True,0.75,no TTL,86,39.5,18.0,21.5,0.6897178282008463,0.8091830754328329,43,79,allocation 3:3 | multiplexing | doubled distance
3:3,True,0.75,no TTL,93,42.5,21.5,21.0,0.7051304479179867,0.8046841984802031,42,85,allocation 3:3 | multiplexing | doubled distance
3:3,True,0.75,no TTL,83,40.5,18.0,22.5,0.7004537121062248,0.8088836273516355,45,81,allocation 3:3 | multiplexing | doubled distance
3:3,True,0.75,no TTL,88,41.5,21.5,20.0,0.706823674098779,0.8111023691846266,40,83,allocation 3:3 | multiplexing | doubled distance
3:3,True,0.75,no TTL,82,46.5,22.0,24.5,0.7099810077562104,0.8147693678654441,49,93,allocation 3:3 | multiplexing | doubled distance
3:3,True,0.75,no TTL,90,47.5,22.5,25.0,0.7087168256187345,0.8136271116522581,50,95,allocation 3:3 | multiplexing | doubled distance
3:3,True,0.75,no TTL,91,45.0,20.0,25.0,0.7040594477663723,0.8123909637369137,50,90,allocation 3:3 | multiplexing | doubled distance
3:3,True,0.75,no TTL,92,39.0,13.5,25.5,0.6886323287692492,0.8177872964389429,51,78,allocation 3:3 | multiplexing | doubled distance
3:3,True,0.75,no TTL,95,31.5,10.5,21.0,0.67187056057461,0.8043734525977491,42,63,allocation 3:3 | multiplexing | doubled distance
3:3,True,0.75,no TTL,94,34.5,13.0,21.5,0.6989531712624751,0.8129989237008932,43,69,allocation 3:3 | multiplexing | doubled distance
3:3,True,0.75,no TTL,96,36.0,14.0,22.0,0.6879528204532289,0.810351374867336,44,72,allocation 3:3 | multiplexing | doubled distance
3:3,True,0.75,no TTL,99,35.5,15.5,20.0,0.6965687861373514,0.8014210577283298,40,71,allocation 3:3 | multiplexing | doubled distance
3:3,True,0.75,no TTL,97,32.5,13.0,19.5,0.6912386943870609,0.8114572140676097,39,65,allocation 3:3 | multiplexing | doubled distance
3:3,True,0.75,no TTL,98,42.5,17.5,25.0,0.717067911369209,0.8243661270232405,50,85,allocation 3:3 | multiplexing | doubled distance
3:3,True,0.75,model TTL,18,48.5,46.5,2.0,0.814418835222036,0.8175731873521381,4,97,allocation 3:3 | multiplexing | doubled distance
3:3,True,0.75,model TTL,13,39.5,32.5,7.0,0.8013782390370829,0.8144638056431533,14,79,allocation 3:3 | multiplexing | doubled distance
3:3,True,0.75,model TTL,0,41.5,36.0,5.5,0.7975931396302757,0.8063044081069681,11,83,allocation 3:3 | multiplexing | doubled distance
3:3,True,0.75,model TTL,2,43.5,39.0,4.5,0.8118354170493165,0.8202914853282914,9,87,allocation 3:3 | multiplexing | doubled distance
3:3,True,0.75,model TTL,1,35.5,32.5,3.0,0.8093488930229038,0.8158538768011363,6,71,allocation 3:3 | multiplexing | doubled distance
3:3,True,0.75,model TTL,7,37.0,33.5,3.5,0.8112725694857316,0.8186795624512079,7,74,allocation 3:3 | multiplexing | doubled distance
3:3,True,0.75,model TTL,3,38.5,35.5,3.0,0.8086211564775495,0.8141275673394777,6,77,allocation 3:3 | multiplexing | doubled distance
3:3,True,0.75,model TTL,8,37.5,31.5,6.0,0.805299061815305,0.8177767822681367,12,75,allocation 3:3 | multiplexing | doubled distance
3:3,True,0.75,model TTL,5,32.5,28.0,4.5,0.7983684402680763,0.8077526921653815,9,65,allocation 3:3 | multiplexing | doubled distance
3:3,True,0.75,model TTL,9,38.5,36.5,2.0,0.8124381927004796,0.8162372330965183,4,77,allocation 3:3 | multiplexing | doubled distance
3:3,True,0.75,model TTL,11,35.5,30.0,5.5,0.8036982811286388,0.815405744078471,11,71,allocation 3:3 | multiplexing | doubled distance
3:3,True,0.75,model TTL,14,37.5,35.0,2.5,0.8143419452266762,0.8194388113947764,5,75,allocation 3:3 | multiplexing | doubled distance
3:3,True,0.75,model TTL,16,32.0,29.5,2.5,0.8087669754133281,0.8143402507721166,5,64,allocation 3:3 | multiplexing | doubled distance
3:3,True,0.75,model TTL,12,42.0,38.0,4.0,0.8094284271996508,0.8165626269000485,8,84,allocation 3:3 | multiplexing | doubled distance
3:3,True,0.75,model TTL,6,38.5,38.0,0.5,0.8193034682421569,0.8203046679226047,1,77,allocation 3:3 | multiplexing | doubled distance
3:3,True,0.75,model TTL,4,38.0,36.0,2.0,0.8137114201200004,0.8176284611222289,4,76,allocation 3:3 | multiplexing | doubled distance
3:3,True,0.75,model TTL,10,45.0,40.5,4.5,0.8047416235953799,0.8118408899398527,9,90,allocation 3:3 | multiplexing | doubled distance
3:3,True,0.75,model TTL,15,53.0,44.5,8.5,0.7998012424616509,0.8107750371979486,17,106,allocation 3:3 | multiplexing | doubled distance
3:3,True,0.75,model TTL,17,37.0,32.0,5.0,0.801783587906194,0.8117577123977858,10,74,allocation 3:3 | multiplexing | doubled distance
3:3,True,0.75,model TTL,20,39.0,34.5,4.5,0.8065655399265448,0.8148196194432132,9,78,allocation 3:3 | multiplexing | doubled distance
3:3,True,0.75,model TTL,19,36.0,35.0,1.0,0.810767300946279,0.8128068549976347,2,72,allocation 3:3 | multiplexing | doubled distance
3:3,True,0.75,model TTL,21,37.5,33.0,4.5,0.806633683898953,0.8158036189965995,9,75,allocation 3:3 | multiplexing | doubled distance
3:3,True,0.75,model TTL,22,38.0,34.0,4.0,0.8092773422003651,0.8171129377151897,8,76,allocation 3:3 | multiplexing | doubled distance
3:3,True,0.75,model TTL,23,37.0,33.5,3.5,0.8073162181794927,0.8140802029837818,7,74,allocation 3:3 | multiplexing | doubled distance
3:3,True,0.75,model TTL,24,44.0,40.0,4.0,0.8120691418207883,0.8189521433123875,8,88,allocation 3:3 | multiplexing | doubled distance
3:3,True,0.75,model TTL,26,33.5,31.5,2.0,0.8031366178397163,0.8069653718586646,4,67,allocation 3:3 | multiplexing | doubled distance
3:3,True,0.75,model TTL,27,38.5,35.5,3.0,0.8091787175491566,0.814743591017683,6,77,allocation 3:3 | multiplexing | doubled distance
3:3,True,0.75,model TTL,25,32.5,30.0,2.5,0.8098072303988288,0.8154011001903815,5,65,allocation 3:3 | multiplexing | doubled distance
3:3,True,0.75,model TTL,30,37.0,35.5,1.5,0.81189172610417,0.8150068049951974,3,74,allocation 3:3 | multiplexing | doubled distance
3:3,True,0.75,model TTL,29,38.0,30.0,8.0,0.8028543787628826,0.8190620864565066,16,76,allocation 3:3 | multiplexing | doubled distance
3:3,True,0.75,model TTL,28,48.5,44.5,4.0,0.8085013847644387,0.8147271446225884,8,97,allocation 3:3 | multiplexing | doubled distance
3:3,True,0.75,model TTL,34,30.0,25.5,4.5,0.8067259659601694,0.8182355748875119,9,60,allocation 3:3 | multiplexing | doubled distance
3:3,True,0.75,model TTL,31,34.5,28.5,6.0,0.7972531188503554,0.809053735202675,12,69,allocation 3:3 | multiplexing | doubled distance
3:3,True,0.75,model TTL,32,33.5,31.0,2.5,0.8157944427348842,0.8217852435613207,5,67,allocation 3:3 | multiplexing | doubled distance
3:3,True,0.75,model TTL,33,34.5,30.0,4.5,0.7987489949415377,0.8073954467472239,9,69,allocation 3:3 | multiplexing | doubled distance
3:3,True,0.75,model TTL,35,39.0,32.0,7.0,0.7985663711643376,0.8115326730736051,14,78,allocation 3:3 | multiplexing | doubled distance
3:3,True,0.75,model TTL,38,39.5,35.0,4.5,0.8064645861652624,0.8150297628836259,9,79,allocation 3:3 | multiplexing | doubled distance
3:3,True,0.75,model TTL,36,37.5,35.0,2.5,0.8180576162353884,0.8233914627238482,5,75,allocation 3:3 | multiplexing | doubled distance
3:3,True,0.75,model TTL,45,40.5,34.5,6.0,0.7981296984981561,0.8077243183277735,12,81,allocation 3:3 | multiplexing | doubled distance
3:3,True,0.75,model TTL,40,36.5,33.0,3.5,0.8049262091050876,0.8122484590340587,7,73,allocation 3:3 | multiplexing | doubled distance
3:3,True,0.75,model TTL,44,32.0,27.5,4.5,0.8044486294041234,0.8147862265472077,9,64,allocation 3:3 | multiplexing | doubled distance
3:3,True,0.75,model TTL,41,46.5,42.5,4.0,0.8052396635191659,0.8111466598018928,8,93,allocation 3:3 | multiplexing | doubled distance
3:3,True,0.75,model TTL,37,46.0,39.5,6.5,0.8059284063263732,0.8170860035641744,13,92,allocation 3:3 | multiplexing | doubled distance
3:3,True,0.75,model TTL,50,34.5,31.5,3.0,0.80345553158872,0.8097513392754003,6,69,allocation 3:3 | multiplexing | doubled distance
3:3,True,0.75,model TTL,42,47.0,42.0,5.0,0.8111297950555968,0.8194918118113238,10,94,allocation 3:3 | multiplexing | doubled distance
3:3,True,0.75,model TTL,51,37.5,35.5,2.0,0.8064162864263708,0.8102137973706935,4,75,allocation 3:3 | multiplexing | doubled distance
3:3,True,0.75,model TTL,43,39.0,33.0,6.0,0.8015718646954845,0.8122596997755874,12,78,allocation 3:3 | multiplexing | doubled distance
3:3,True,0.75,model TTL,49,41.0,38.0,3.0,0.8067547282099617,0.8120014686705277,6,82,allocation 3:3 | multiplexing | doubled distance
3:3,True,0.75,model TTL,39,43.0,36.5,6.5,0.7974362678901151,0.8077259507528622,13,86,allocation 3:3 | multiplexing | doubled distance
3:3,True,0.75,model TTL,46,34.0,31.5,2.5,0.812403888640004,0.8179574645068249,5,68,allocation 3:3 | multiplexing | doubled distance
3:3,True,0.75,model TTL,53,38.0,33.0,5.0,0.8029152804914454,0.8122810218919707,10,76,allocation 3:3 | multiplexing | doubled distance
3:3,True,0.75,model TTL,48,43.0,38.5,4.5,0.8081408989437767,0.8159342443017108,9,86,allocation 3:3 | multiplexing | doubled distance
3:3,True,0.75,model TTL,52,33.5,28.0,5.5,0.8006989954063474,0.8124508306504228,11,67,allocation 3:3 | multiplexing | doubled distance
3:3,True,0.75,model TTL,47,34.5,32.5,2.0,0.8079540963509587,0.8120472897340909,4,69,allocation 3:3 | multiplexing | doubled distance
3:3,True,0.75,model TTL,54,41.0,38.0,3.0,0.8114699893628337,0.8172279762709476,6,82,allocation 3:3 | multiplexing | doubled distance
3:3,True,0.75,model TTL,55,43.0,39.5,3.5,0.8062864214792707,0.8119452174974433,7,86,allocation 3:3 | multiplexing | doubled distance
3:3,True,0.75,model TTL,56,34.5,31.0,3.5,0.8116195508217618,0.8195944615632452,7,69,allocation 3:3 | multiplexing | doubled distance
3:3,True,0.75,model TTL,57,43.5,38.0,5.5,0.7995271367079961,0.8084041550563686,11,87,allocation 3:3 | multiplexing | doubled distance
3:3,True,0.75,model TTL,60,28.5,24.5,4.0,0.8052902655809081,0.8158538803412736,8,57,allocation 3:3 | multiplexing | doubled distance
3:3,True,0.75,model TTL,58,43.5,39.0,4.5,0.8092348518832331,0.8171753863868322,9,87,allocation 3:3 | multiplexing | doubled distance
3:3,True,0.75,model TTL,59,42.0,37.0,5.0,0.806279062351008,0.8150738907279427,10,84,allocation 3:3 | multiplexing | doubled distance
3:3,True,0.75,model TTL,61,38.0,36.0,2.0,0.8089384004394891,0.8127529896323489,4,76,allocation 3:3 | multiplexing | doubled distance
3:3,True,0.75,model TTL,63,36.0,32.0,4.0,0.8030194330066547,0.8102396386417338,8,72,allocation 3:3 | multiplexing | doubled distance
3:3,True,0.75,model TTL,62,39.0,34.5,4.5,0.8080420833848795,0.8165941662881075,9,78,allocation 3:3 | multiplexing | doubled distance
3:3,True,0.75,model TTL,65,29.5,25.0,4.5,0.796833405996161,0.8067621971316844,9,59,allocation 3:3 | multiplexing | doubled distance
3:3,True,0.75,model TTL,64,45.5,38.5,7.0,0.8069452875300017,0.8184387375524146,14,91,allocation 3:3 | multiplexing | doubled distance
3:3,True,0.75,model TTL,66,39.0,35.5,3.5,0.8006712179814819,0.806359297943454,7,78,allocation 3:3 | multiplexing | doubled distance
3:3,True,0.75,model TTL,68,39.0,34.5,4.5,0.803750321886636,0.8116770991135615,9,78,allocation 3:3 | multiplexing | doubled distance
3:3,True,0.75,model TTL,67,44.0,36.0,8.0,0.7969736589737639,0.8093517195674121,16,88,allocation 3:3 | multiplexing | doubled distance
3:3,True,0.75,model TTL,69,36.5,31.0,5.5,0.8027120079262865,0.8134961891282302,11,73,allocation 3:3 | multiplexing | doubled distance
3:3,True,0.75,model TTL,70,41.0,37.0,4.0,0.8023216456985851,0.8087273031472303,8,82,allocation 3:3 | multiplexing | doubled distance
3:3,True,0.75,model TTL,71,34.0,31.5,2.5,0.8112842504892004,0.8169465963320895,5,68,allocation 3:3 | multiplexing | doubled distance
3:3,True,0.75,model TTL,75,37.0,33.5,3.5,0.8072679453938458,0.8142424909366524,7,74,allocation 3:3 | multiplexing | doubled distance
3:3,True,0.75,model TTL,79,29.0,25.0,4.0,0.805853068263851,0.8164971107141011,8,58,allocation 3:3 | multiplexing | doubled distance
3:3,True,0.75,model TTL,72,40.0,34.5,5.5,0.8109301221735888,0.8221941143967847,11,80,allocation 3:3 | multiplexing | doubled distance
3:3,True,0.75,model TTL,73,45.0,40.0,5.0,0.807195593981486,0.8154402147294907,10,90,allocation 3:3 | multiplexing | doubled distance
3:3,True,0.75,model TTL,76,44.0,40.5,3.5,0.8100098264859815,0.8160628981990317,7,88,allocation 3:3 | multiplexing | doubled distance
3:3,True,0.75,model TTL,77,40.0,36.0,4.0,0.8096886800290408,0.8169030356577063,8,80,allocation 3:3 | multiplexing | doubled distance
3:3,True,0.75,model TTL,74,41.5,40.0,1.5,0.8102709324602917,0.8127899910910753,3,83,allocation 3:3 | multiplexing | doubled distance
3:3,True,0.75,model TTL,78,41.0,38.0,3.0,0.8062623568485205,0.8112754696553361,6,82,allocation 3:3 | multiplexing | doubled distance
3:3,True,0.75,model TTL,82,44.0,40.0,4.0,0.8030234605131471,0.8092841940544111,8,88,allocation 3:3 | multiplexing | doubled distance
3:3,True,0.75,model TTL,87,36.5,33.5,3.0,0.8018951225176062,0.8075648003068373,6,73,allocation 3:3 | multiplexing | doubled distance
3:3,True,0.75,model TTL,83,43.5,38.0,5.5,0.8018707864022098,0.8109516736035233,11,87,allocation 3:3 | multiplexing | doubled distance
3:3,True,0.75,model TTL,81,35.0,32.0,3.0,0.8038029743339211,0.8098158201011152,6,70,allocation 3:3 | multiplexing | doubled distance
3:3,True,0.75,model TTL,80,36.0,34.0,2.0,0.8100005246483915,0.8138491021544889,4,72,allocation 3:3 | multiplexing | doubled distance
3:3,True,0.75,model TTL,84,38.5,34.0,4.5,0.804837678596749,0.8132304434169614,9,77,allocation 3:3 | multiplexing | doubled distance
3:3,True,0.75,model TTL,86,40.0,37.5,2.5,0.8089612406640727,0.8135525060711057,5,80,allocation 3:3 | multiplexing | doubled distance
3:3,True,0.75,model TTL,85,35.0,32.5,2.5,0.8059131299431663,0.8108780110968901,5,70,allocation 3:3 | multiplexing | doubled distance
3:3,True,0.75,model TTL,88,39.5,35.0,4.5,0.7966423101797109,0.803753277401014,9,79,allocation 3:3 | multiplexing | doubled distance
3:3,True,0.75,model TTL,90,39.5,36.0,3.5,0.7976101931767873,0.803224503254194,7,79,allocation 3:3 | multiplexing | doubled distance
3:3,True,0.75,model TTL,89,37.0,35.0,2.0,0.8068048400398904,0.81040763098892,4,74,allocation 3:3 | multiplexing | doubled distance
3:3,True,0.75,model TTL,91,35.5,32.0,3.5,0.803183483903645,0.809810256952285,7,71,allocation 3:3 | multiplexing | doubled distance
3:3,True,0.75,model TTL,92,44.0,39.5,4.5,0.8095441350922231,0.8172643910882706,9,88,allocation 3:3 | multiplexing | doubled distance
3:3,True,0.75,model TTL,93,39.0,33.5,5.5,0.8086826153493495,0.8197580503745837,11,78,allocation 3:3 | multiplexing | doubled distance
3:3,True,0.75,model TTL,94,33.5,29.5,4.0,0.8089716877145645,0.8180162428031533,8,67,allocation 3:3 | multiplexing | doubled distance
3:3,True,0.75,model TTL,95,40.5,37.0,3.5,0.8046441367222044,0.8103030410068499,7,81,allocation 3:3 | multiplexing | doubled distance
3:3,True,0.75,model TTL,99,37.5,35.5,2.0,0.8090586532756523,0.8128478873176659,4,75,allocation 3:3 | multiplexing | doubled distance
3:3,True,0.75,model TTL,96,38.5,36.5,2.0,0.8076315633702205,0.8109987447660069,4,77,allocation 3:3 | multiplexing | doubled distance
3:3,True,0.75,model TTL,97,39.5,35.5,4.0,0.8095809592919413,0.8173033833208831,8,79,allocation 3:3 | multiplexing | doubled distance
3:3,True,0.75,model TTL,98,38.5,35.0,3.5,0.8108674695640513,0.8179554223195658,7,77,allocation 3:3 | multiplexing | doubled distance
3:3,True,0.7822869764936485,no TTL,24,33.0,10.5,22.5,0.6683625922442958,0.8141938968140935,45,66,allocation 3:3 | multiplexing | doubled distance
3:3,True,0.7822869764936485,no TTL,16,31.5,11.5,20.0,0.6948986163644213,0.8262106544359701,40,63,allocation 3:3 | multiplexing | doubled distance
3:3,True,0.7822869764936485,no TTL,20,35.5,12.0,23.5,0.7024356939606701,0.8229949186907403,47,71,allocation 3:3 | multiplexing | doubled distance
3:3,True,0.7822869764936485,no TTL,6,34.0,9.0,25.0,0.6782748643929993,0.8184693236654323,50,68,allocation 3:3 | multiplexing | doubled distance
3:3,True,0.7822869764936485,no TTL,7,32.5,10.0,22.5,0.6737644916865372,0.8074741465496688,45,65,allocation 3:3 | multiplexing | doubled distance
3:3,True,0.7822869764936485,no TTL,30,30.0,8.0,22.0,0.6887869020800755,0.8318931500924879,44,60,allocation 3:3 | multiplexing | doubled distance
3:3,True,0.7822869764936485,no TTL,3,39.5,12.5,27.0,0.6688793500358775,0.8234826478948015,54,79,allocation 3:3 | multiplexing | doubled distance
3:3,True,0.7822869764936485,no TTL,26,44.0,13.5,30.5,0.6889266554655539,0.8233067809445037,61,88,allocation 3:3 | multiplexing | doubled distance
3:3,True,0.7822869764936485,no TTL,9,47.5,13.5,34.0,0.6804260053117842,0.824947383332433,68,95,allocation 3:3 | multiplexing | doubled distance
3:3,True,0.7822869764936485,no TTL,5,37.5,12.0,25.5,0.6944517128990289,0.8222168481492469,51,75,allocation 3:3 | multiplexing | doubled distance
3:3,True,0.7822869764936485,no TTL,17,35.5,8.5,27.0,0.678091357821887,0.8214278445912525,54,71,allocation 3:3 | multiplexing | doubled distance
3:3,True,0.7822869764936485,no TTL,23,39.0,10.5,28.5,0.6852928708945029,0.8299777216158403,57,78,allocation 3:3 | multiplexing | doubled distance
3:3,True,0.7822869764936485,no TTL,14,42.5,15.0,27.5,0.6969797769623016,0.8226256112307396,55,85,allocation 3:3 | multiplexing | doubled distance
3:3,True,0.7822869764936485,no TTL,0,35.0,8.5,26.5,0.6741618360623228,0.8215123046843346,53,70,allocation 3:3 | multiplexing | doubled distance
3:3,True,0.7822869764936485,no TTL,4,40.0,9.0,31.0,0.6757302491622772,0.8156879250991655,62,80,allocation 3:3 | multiplexing | doubled distance
3:3,True,0.7822869764936485,no TTL,8,40.5,10.5,30.0,0.685029969647598,0.8295652503799336,60,81,allocation 3:3 | multiplexing | doubled distance
3:3,True,0.7822869764936485,no TTL,19,40.5,12.0,28.5,0.681177483517975,0.8241776948712288,57,81,allocation 3:3 | multiplexing | doubled distance
3:3,True,0.7822869764936485,no TTL,10,50.5,17.5,33.0,0.6907782919699832,0.8241270414677764,66,101,allocation 3:3 | multiplexing | doubled distance
3:3,True,0.7822869764936485,no TTL,2,38.0,11.0,27.0,0.6982073285777899,0.8243214471615257,54,76,allocation 3:3 | multiplexing | doubled distance
3:3,True,0.7822869764936485,no TTL,27,36.5,12.5,24.0,0.6893001767093266,0.8255798503915761,48,73,allocation 3:3 | multiplexing | doubled distance
3:3,True,0.7822869764936485,no TTL,18,37.0,13.0,24.0,0.7020686040889189,0.8253599848661931,48,74,allocation 3:3 | multiplexing | doubled distance
3:3,True,0.7822869764936485,no TTL,25,37.0,13.5,23.5,0.7112718571669998,0.8268219603387973,47,74,allocation 3:3 | multiplexing | doubled distance
3:3,True,0.7822869764936485,no TTL,11,38.0,13.0,25.0,0.7126190157849048,0.8304593986151504,50,76,allocation 3:3 | multiplexing | doubled distance
3:3,True,0.7822869764936485,no TTL,22,42.0,12.0,30.0,0.6963747819170337,0.8277343552150102,60,84,allocation 3:3 | multiplexing | doubled distance
3:3,True,0.7822869764936485,no TTL,13,36.5,8.5,28.0,0.6887832037001153,0.8327396506108597,56,73,allocation 3:3 | multiplexing | doubled distance
3:3,True,0.7822869764936485,no TTL,15,44.5,17.0,27.5,0.7145882222652569,0.8213805844612067,55,89,allocation 3:3 | multiplexing | doubled distance
3:3,True,0.7822869764936485,no TTL,29,38.0,13.5,24.5,0.7039155469189255,0.8329070692387477,49,76,allocation 3:3 | multiplexing | doubled distance
3:3,True,0.7822869764936485,no TTL,21,40.5,11.0,29.5,0.7006898702393214,0.8174325410253517,59,81,allocation 3:3 | multiplexing | doubled distance
3:3,True,0.7822869764936485,no TTL,1,49.0,21.0,28.0,0.7294484300145779,0.8238645363978406,56,98,allocation 3:3 | multiplexing | doubled distance
3:3,True,0.7822869764936485,no TTL,28,38.5,10.5,28.0,0.6935398889246959,0.8141102427327299,56,77,allocation 3:3 | multiplexing | doubled distance
3:3,True,0.7822869764936485,no TTL,12,43.5,17.5,26.0,0.7060410138096239,0.8243690816986216,52,87,allocation 3:3 | multiplexing | doubled distance
3:3,True,0.7822869764936485,no TTL,31,41.5,11.5,30.0,0.6944665490776717,0.8316983413066383,60,83,allocation 3:3 | multiplexing | doubled distance
3:3,True,0.7822869764936485,no TTL,42,41.0,13.0,28.0,0.6952131857654948,0.8271741820062444,56,82,allocation 3:3 | multiplexing | doubled distance
3:3,True,0.7822869764936485,no TTL,38,33.0,9.5,23.5,0.6738069903376088,0.8196170435533859,47,66,allocation 3:3 | multiplexing | doubled distance
3:3,True,0.7822869764936485,no TTL,35,37.0,10.5,26.5,0.6803734533628338,0.8223053459846489,53,74,allocation 3:3 | multiplexing | doubled distance
3:3,True,0.7822869764936485,no TTL,32,38.5,13.5,25.0,0.6977319903678324,0.8260108141563619,50,77,allocation 3:3 | multiplexing | doubled distance
3:3,True,0.7822869764936485,no TTL,36,38.5,14.5,24.0,0.7097297354604662,0.8242422786779424,48,77,allocation 3:3 | multiplexing | doubled distance
3:3,True,0.7822869764936485,no TTL,37,41.5,14.0,27.5,0.6970664312807019,0.8256699329569002,55,83,allocation 3:3 | multiplexing | doubled distance
3:3,True,0.7822869764936485,no TTL,45,31.0,7.5,23.5,0.6736285548938462,0.8304005311320254,47,62,allocation 3:3 | multiplexing | doubled distance
3:3,True,0.7822869764936485,no TTL,47,30.5,8.5,22.0,0.6965561266568071,0.8249271906226062,44,61,allocation 3:3 | multiplexing | doubled distance
3:3,True,0.7822869764936485,no TTL,39,40.0,12.5,27.5,0.6969520403615602,0.8245704470446276,55,80,allocation 3:3 | multiplexing | doubled distance
3:3,True,0.7822869764936485,no TTL,43,50.0,14.0,36.0,0.6888848892033786,0.827026231740193,72,100,allocation 3:3 | multiplexing | doubled distance
3:3,True,0.7822869764936485,no TTL,46,36.5,12.5,24.0,0.6864940170147901,0.8246505886051628,48,73,allocation 3:3 | multiplexing | doubled distance
3:3,True,0.7822869764936485,no TTL,40,35.5,4.5,31.0,0.6613824856749587,0.8325945865264832,62,71,allocation 3:3 | multiplexing | doubled distance
3:3,True,0.7822869764936485,no TTL,48,36.0,10.5,25.5,0.6882811696271351,0.8215127911893374,51,72,allocation 3:3 | multiplexing | doubled distance
3:3,True,0.7822869764936485,no TTL,34,47.0,14.0,33.0,0.6962867842147559,0.8245758626442883,66,94,allocation 3:3 | multiplexing | doubled distance
3:3,True,0.7822869764936485,no TTL,54,37.5,11.5,26.0,0.6816804271421666,0.8188189131492566,52,75,allocation 3:3 | multiplexing | doubled distance
3:3,True,0.7822869764936485,no TTL,50,38.0,12.0,26.0,0.6843409198591883,0.8192342110541544,52,76,allocation 3:3 | multiplexing | doubled distance
3:3,True,0.7822869764936485,no TTL,55,35.5,11.5,24.0,0.7002799923996381,0.8214916981058785,48,71,allocation 3:3 | multiplexing | doubled distance
3:3,True,0.7822869764936485,no TTL,44,42.5,14.0,28.5,0.710188530289941,0.8279894378692133,57,85,allocation 3:3 | multiplexing | doubled distance
3:3,True,0.7822869764936485,no TTL,53,35.0,10.0,25.0,0.6999561871334457,0.827648438455554,50,70,allocation 3:3 | multiplexing | doubled distance
3:3,True,0.7822869764936485,no TTL,52,35.0,9.0,26.0,0.6778862537448125,0.8189898630660798,52,70,allocation 3:3 | multiplexing | doubled distance
3:3,True,0.7822869764936485,no TTL,56,41.0,13.5,27.5,0.7004672889201232,0.8280390741117636,55,82,allocation 3:3 | multiplexing | doubled distance
3:3,True,0.7822869764936485,no TTL,59,34.5,10.5,24.0,0.6771075571283229,0.8212184399960949,48,69,allocation 3:3 | multiplexing | doubled distance
3:3,True,0.7822869764936485,no TTL,41,43.5,17.0,26.5,0.7150235247860526,0.8278505717923148,53,87,allocation 3:3 | multiplexing | doubled distance
3:3,True,0.7822869764936485,no TTL,33,47.0,16.5,30.5,0.707937978073068,0.8237451252743265,61,94,allocation 3:3 | multiplexing | doubled distance
3:3,True,0.7822869764936485,no TTL,57,40.5,12.0,28.5,0.6959017615230528,0.8209813733051166,57,81,allocation 3:3 | multiplexing | doubled distance
3:3,True,0.7822869764936485,no TTL,51,44.5,13.5,31.0,0.7089808827474063,0.8235905842087402,62,89,allocation 3:3 | multiplexing | doubled distance
3:3,True,0.7822869764936485,no TTL,58,36.5,12.0,24.5,0.6931028507759945,0.8201325411092449,49,73,allocation 3:3 | multiplexing | doubled distance
3:3,True,0.7822869764936485,no TTL,49,45.0,16.5,28.5,0.7089147419958981,0.8278215728591355,57,90,allocation 3:3 | multiplexing | doubled distance
3:3,True,0.7822869764936485,no TTL,61,35.0,10.0,25.0,0.6858604193320319,0.8275466067876804,50,70,allocation 3:3 | multiplexing | doubled distance
3:3,True,0.7822869764936485,no TTL,60,32.5,7.5,25.0,0.681250114863779,0.8283212695148249,50,65,allocation 3:3 | multiplexing | doubled distance
3:3,True,0.7822869764936485,no TTL,63,38.5,10.0,28.5,0.6627110246155745,0.8385883123768412,57,77,allocation 3:3 | multiplexing | doubled distance
3:3,True,0.7822869764936485,no TTL,62,33.5,12.0,21.5,0.6888225692440735,0.8262882487231188,43,67,allocation 3:3 | multiplexing | doubled distance
3:3,True,0.7822869764936485,no TTL,76,38.5,14.0,24.5,0.6771187646156624,0.8195815918093651,49,77,allocation 3:3 | multiplexing | doubled distance
3:3,True,0.7822869764936485,no TTL,65,40.5,10.0,30.5,0.674636389881962,0.8375738364988243,61,81,allocation 3:3 | multiplexing | doubled distance
3:3,True,0.7822869764936485,no TTL,64,39.5,13.0,26.5,0.6991326026596233,0.8254618306281232,53,79,allocation 3:3 | multiplexing | doubled distance
3:3,True,0.7822869764936485,no TTL,74,36.5,11.5,25.0,0.6786520024689889,0.8306138576203439,50,73,allocation 3:3 | multiplexing | doubled distance
3:3,True,0.7822869764936485,no TTL,68,34.5,10.5,24.0,0.7123659908872453,0.8233402362284005,48,69,allocation 3:3 | multiplexing | doubled distance
3:3,True,0.7822869764936485,no TTL,66,43.0,12.0,31.0,0.6845809080230372,0.8329145526302564,62,86,allocation 3:3 | multiplexing | doubled distance
3:3,True,0.7822869764936485,no TTL,69,42.0,16.0,26.0,0.7135450728278596,0.8252558295974972,52,84,allocation 3:3 | multiplexing | doubled distance
3:3,True,0.7822869764936485,no TTL,67,39.5,14.0,25.5,0.6884215320823046,0.8194217090480795,51,79,allocation 3:3 | multiplexing | doubled distance
3:3,True,0.7822869764936485,no TTL,87,34.5,8.5,26.0,0.6722532877812777,0.829261149392138,52,69,allocation 3:3 | multiplexing | doubled distance
3:3,True,0.7822869764936485,no TTL,80,33.5,8.0,25.5,0.6697661512649574,0.8216392687456688,51,67,allocation 3:3 | multiplexing | doubled distance
3:3,True,0.7822869764936485,no TTL,72,41.0,13.5,27.5,0.7002184755326935,0.8203424395521899,55,82,allocation 3:3 | multiplexing | doubled distance
3:3,True,0.7822869764936485,no TTL,70,39.5,12.5,27.0,0.7137003871933706,0.820619533542749,54,79,allocation 3:3 | multiplexing | doubled distance
3:3,True,0.7822869764936485,no TTL,88,41.5,17.5,24.0,0.706823674098779,0.8208216806312585,48,83,allocation 3:3 | multiplexing | doubled distance
3:3,True,0.7822869764936485,no TTL,73,46.0,9.5,36.5,0.6943053581542603,0.8276098659527938,73,92,allocation 3:3 | multiplexing | doubled distance
3:3,True,0.7822869764936485,no TTL,79,39.5,13.0,26.5,0.68867405410791,0.8244689713237225,53,79,allocation 3:3 | multiplexing | doubled distance
3:3,True,0.7822869764936485,no TTL,71,38.0,9.0,29.0,0.6894960904290607,0.8341093393164046,58,76,allocation 3:3 | multiplexing | doubled distance
3:3,True,0.7822869764936485,no TTL,77,34.0,11.5,22.5,0.6886713612438174,0.8291967878826403,45,68,allocation 3:3 | multiplexing | doubled distance
3:3,True,0.7822869764936485,no TTL,78,30.5,8.5,22.0,0.6681542717524013,0.828356894551339,44,61,allocation 3:3 | multiplexing | doubled distance
3:3,True,0.7822869764936485,no TTL,84,42.0,14.0,28.0,0.7023451508818342,0.824671840433288,56,84,allocation 3:3 | multiplexing | doubled distance
3:3,True,0.7822869764936485,no TTL,85,41.0,12.0,29.0,0.6810369141592022,0.8345108545744088,58,82,allocation 3:3 | multiplexing | doubled distance
3:3,True,0.7822869764936485,no TTL,89,38.0,11.5,26.5,0.6922739198889766,0.8218725425642215,53,76,allocation 3:3 | multiplexing | doubled distance
3:3,True,0.7822869764936485,no TTL,75,38.0,8.0,30.0,0.6871941503581876,0.8307380275079747,60,76,allocation 3:3 | multiplexing | doubled distance
3:3,True,0.7822869764936485,no TTL,82,46.5,17.0,29.5,0.7099810077562104,0.8284904146129528,59,93,allocation 3:3 | multiplexing | doubled distance
3:3,True,0.7822869764936485,no TTL,81,34.0,8.0,26.0,0.6544310157361904,0.8147505611946467,52,68,allocation 3:3 | multiplexing | doubled distance
3:3,True,0.7822869764936485,no TTL,86,39.5,12.5,27.0,0.6897178282008463,0.8288653519199837,54,79,allocation 3:3 | multiplexing | doubled distance
3:3,True,0.7822869764936485,no TTL,91,45.0,17.5,27.5,0.7040594477663723,0.8193065024994679,55,90,allocation 3:3 | multiplexing | doubled distance
3:3,True,0.7822869764936485,no TTL,83,40.5,13.5,27.0,0.7004537121062248,0.8244451123429959,54,81,allocation 3:3 | multiplexing | doubled distance
3:3,True,0.7822869764936485,no TTL,90,47.5,17.5,30.0,0.7087168256187345,0.826792525137979,60,95,allocation 3:3 | multiplexing | doubled distance
3:3,True,0.7822869764936485,no TTL,92,39.0,11.0,28.0,0.6886323287692492,0.8281009545585027,56,78,allocation 3:3 | multiplexing | doubled distance
3:3,True,0.7822869764936485,no TTL,93,42.5,15.0,27.5,0.7051304479179867,0.8203438482047086,55,85,allocation 3:3 | multiplexing | doubled distance
3:3,True,0.7822869764936485,no TTL,94,34.5,10.0,24.5,0.6989531712624751,0.8268652527716248,49,69,allocation 3:3 | multiplexing | doubled distance
3:3,True,0.7822869764936485,no TTL,96,36.0,9.5,26.5,0.6879528204532289,0.8278115898793206,53,72,allocation 3:3 | multiplexing | doubled distance
3:3,True,0.7822869764936485,no TTL,95,31.5,7.0,24.5,0.67187056057461,0.8241793205950911,49,63,allocation 3:3 | multiplexing | doubled distance
3:3,True,0.7822869764936485,no TTL,99,35.5,12.0,23.5,0.6965687861373514,0.8116093045473086,47,71,allocation 3:3 | multiplexing | doubled distance
3:3,True,0.7822869764936485,no TTL,97,32.5,10.0,22.5,0.6912386943870609,0.825323517333741,45,65,allocation 3:3 | multiplexing | doubled distance
3:3,True,0.7822869764936485,no TTL,98,42.5,15.0,27.5,0.717067911369209,0.8343253631681612,55,85,allocation 3:3 | multiplexing | doubled distance
3:3,True,0.7822869764936485,model TTL,1,42.0,37.0,5.0,0.8180491784660635,0.8235973605067878,10,84,allocation 3:3 | multiplexing | doubled distance
3:3,True,0.7822869764936485,model TTL,0,38.0,35.5,2.5,0.8232291268306591,0.8264115896518299,5,76,allocation 3:3 | multiplexing | doubled distance
3:3,True,0.7822869764936485,model TTL,7,40.5,35.0,5.5,0.8245109625392745,0.8319663257610828,11,81,allocation 3:3 | multiplexing | doubled distance
3:3,True,0.7822869764936485,model TTL,8,40.5,36.5,4.0,0.8240880022523349,0.8291069125305934,8,81,allocation 3:3 | multiplexing | doubled distance
3:3,True,0.7822869764936485,model TTL,4,39.5,36.0,3.5,0.8224084066099474,0.826732679252347,7,79,allocation 3:3 | multiplexing | doubled distance
3:3,True,0.7822869764936485,model TTL,2,47.0,43.0,4.0,0.8258359046384889,0.830141712035958,8,94,allocation 3:3 | multiplexing | doubled distance
3:3,True,0.7822869764936485,model TTL,5,42.0,38.0,4.0,0.8224744499737175,0.8272367976197955,8,84,allocation 3:3 | multiplexing | doubled distance
3:3,True,0.7822869764936485,model TTL,3,39.0,37.0,2.0,0.827291957712991,0.8303159707042078,4,78,allocation 3:3 | multiplexing | doubled distance
3:3,True,0.7822869764936485,model TTL,11,38.0,34.5,3.5,0.8194104524024635,0.823724310987484,7,76,allocation 3:3 | multiplexing | doubled distance
3:3,True,0.7822869764936485,model TTL,17,36.0,32.0,4.0,0.8168684720608198,0.8217938080041864,8,72,allocation 3:3 | multiplexing | doubled distance
3:3,True,0.7822869764936485,model TTL,9,44.0,39.5,4.5,0.823045919255698,0.8281911683857934,9,88,allocation 3:3 | multiplexing | doubled distance
3:3,True,0.7822869764936485,model TTL,6,43.0,40.5,2.5,0.8246065730335755,0.8274540839855319,5,86,allocation 3:3 | multiplexing | doubled distance
3:3,True,0.7822869764936485,model TTL,16,38.5,35.5,3.0,0.8220318230217848,0.8258846162196538,6,77,allocation 3:3 | multiplexing | doubled distance
3:3,True,0.7822869764936485,model TTL,24,47.0,43.0,4.0,0.8256698880593136,0.8301317607567924,8,94,allocation 3:3 | multiplexing | doubled distance
3:3,True,0.7822869764936485,model TTL,12,40.5,36.5,4.0,0.822192733208873,0.8270442284692681,8,81,allocation 3:3 | multiplexing | doubled distance
3:3,True,0.7822869764936485,model TTL,14,48.5,44.0,4.5,0.8233304203433169,0.8281647208227341,9,97,allocation 3:3 | multiplexing | doubled distance
3:3,True,0.7822869764936485,model TTL,10,42.0,39.5,2.5,0.8258651292436939,0.8290304498268158,5,84,allocation 3:3 | multiplexing | doubled distance
3:3,True,0.7822869764936485,model TTL,13,42.0,39.5,2.5,0.8286818201970184,0.8318397278509106,5,84,allocation 3:3 | multiplexing | doubled distance
3:3,True,0.7822869764936485,model TTL,15,41.0,37.5,3.5,0.8273219448821622,0.8320550425222014,7,82,allocation 3:3 | multiplexing | doubled distance
3:3,True,0.7822869764936485,model TTL,19,38.0,35.0,3.0,0.8252767282158634,0.8294017425110871,6,76,allocation 3:3 | multiplexing | doubled distance
3:3,True,0.7822869764936485,model TTL,20,36.0,35.5,0.5,0.8266843169882461,0.8273275707862469,1,72,allocation 3:3 | multiplexing | doubled distance
3:3,True,0.7822869764936485,model TTL,21,31.5,29.5,2.0,0.823376490771208,0.8263655275454282,4,63,allocation 3:3 | multiplexing | doubled distance
3:3,True,0.7822869764936485,model TTL,22,37.0,35.5,1.5,0.8251366087337701,0.8270463328773302,3,74,allocation 3:3 | multiplexing | doubled distance
3:3,True,0.7822869764936485,model TTL,18,50.5,49.0,1.5,0.8222590849984649,0.8237078829054818,3,101,allocation 3:3 | multiplexing | doubled distance
3:3,True,0.7822869764936485,model TTL,23,38.0,34.5,3.5,0.8206790341520213,0.8250768747788012,7,76,allocation 3:3 | multiplexing | doubled distance
3:3,True,0.7822869764936485,model TTL,25,44.0,40.5,3.5,0.8259337840819109,0.830177926229067,7,88,allocation 3:3 | multiplexing | doubled distance
3:3,True,0.7822869764936485,model TTL,26,40.0,35.0,5.0,0.8185314663296647,0.8243771623988657,10,80,allocation 3:3 | multiplexing | doubled distance
3:3,True,0.7822869764936485,model TTL,27,34.5,32.0,2.5,0.8226646932437996,0.8261535509172477,5,69,allocation 3:3 | multiplexing | doubled distance
3:3,True,0.7822869764936485,model TTL,31,32.0,29.5,2.5,0.8238352425488813,0.8275610013302437,5,64,allocation 3:3 | multiplexing | doubled distance
3:3,True,0.7822869764936485,model TTL,29,32.0,26.0,6.0,0.8156909781701779,0.8247620387803493,12,64,allocation 3:3 | multiplexing | doubled distance
3:3,True,0.7822869764936485,model TTL,30,34.5,31.5,3.0,0.8239740811214059,0.8285842812471749,6,69,allocation 3:3 | multiplexing | doubled distance
3:3,True,0.7822869764936485,model TTL,28,38.0,36.0,2.0,0.8227925516931307,0.825365233781102,4,76,allocation 3:3 | multiplexing | doubled distance
3:3,True,0.7822869764936485,model TTL,38,39.5,33.5,6.0,0.8200034157770018,0.8278532567720214,12,79,allocation 3:3 | multiplexing | doubled distance
3:3,True,0.7822869764936485,model TTL,44,36.0,34.0,2.0,0.8239242006375066,0.8268639877557812,4,72,allocation 3:3 | multiplexing | doubled distance
3:3,True,0.7822869764936485,model TTL,32,38.5,34.0,4.5,0.8193102340920803,0.8247186279622571,9,77,allocation 3:3 | multiplexing | doubled distance
3:3,True,0.7822869764936485,model TTL,34,37.5,33.0,4.5,0.823205352395545,0.8295446538567394,9,75,allocation 3:3 | multiplexing | doubled distance
3:3,True,0.7822869764936485,model TTL,36,38.0,32.5,5.5,0.8231735036055292,0.8309895269585181,11,76,allocation 3:3 | multiplexing | doubled distance
3:3,True,0.7822869764936485,model TTL,33,36.5,33.0,3.5,0.8231563258403383,0.8280234899452787,7,73,allocation 3:3 | multiplexing | doubled distance
3:3,True,0.7822869764936485,model TTL,35,43.5,39.0,4.5,0.8232139825753435,0.8284757419078878,9,87,allocation 3:3 | multiplexing | doubled distance
3:3,True,0.7822869764936485,model TTL,40,42.0,39.0,3.0,0.8234331683596186,0.8270717477963982,6,84,allocation 3:3 | multiplexing | doubled distance
3:3,True,0.7822869764936485,model TTL,37,42.0,38.5,3.5,0.8236111362303098,0.827880867568543,7,84,allocation 3:3 | multiplexing | doubled distance
3:3,True,0.7822869764936485,model TTL,41,42.0,39.0,3.0,0.8210157797916343,0.82448841621946,6,84,allocation 3:3 | multiplexing | doubled distance
3:3,True,0.7822869764936485,model TTL,43,33.0,29.5,3.5,0.8210106469755019,0.8260580096733263,7,66,allocation 3:3 | multiplexing | doubled distance
3:3,True,0.7822869764936485,model TTL,46,31.0,29.0,2.0,0.822439585405809,0.8254233856472633,4,62,allocation 3:3 | multiplexing | doubled distance
3:3,True,0.7822869764936485,model TTL,45,41.0,38.5,2.5,0.8187190483693779,0.8215394172293968,5,82,allocation 3:3 | multiplexing | doubled distance
3:3,True,0.7822869764936485,model TTL,39,43.5,42.5,1.0,0.8248694028325422,0.825989239383883,2,87,allocation 3:3 | multiplexing | doubled distance
3:3,True,0.7822869764936485,model TTL,50,41.0,34.0,7.0,0.8191968660909449,0.8275550295760019,14,82,allocation 3:3 | multiplexing | doubled distance
3:3,True,0.7822869764936485,model TTL,47,36.0,34.0,2.0,0.8272288818451026,0.8301966659768238,4,72,allocation 3:3 | multiplexing | doubled distance
3:3,True,0.7822869764936485,model TTL,49,37.0,34.5,2.5,0.8247588330361727,0.8282037987645676,5,74,allocation 3:3 | multiplexing | doubled distance
3:3,True,0.7822869764936485,model TTL,42,39.5,37.0,2.5,0.8282442404058841,0.8317228236030851,5,79,allocation 3:3 | multiplexing | doubled distance
3:3,True,0.7822869764936485,model TTL,48,42.0,39.5,2.5,0.8210888297188857,0.8239796446805213,5,84,allocation 3:3 | multiplexing | doubled distance
3:3,True,0.7822869764936485,model TTL,51,41.5,37.5,4.0,0.821709225432117,0.8262995988377326,8,83,allocation 3:3 | multiplexing | doubled distance
3:3,True,0.7822869764936485,model TTL,53,36.5,34.0,2.5,0.8229308420363953,0.8262675029548355,5,73,allocation 3:3 | multiplexing | doubled distance
3:3,True,0.7822869764936485,model TTL,52,38.0,33.5,4.5,0.820753384964908,0.8267053216145663,9,76,allocation 3:3 | multiplexing | doubled distance
3:3,True,0.7822869764936485,model TTL,54,40.0,36.0,4.0,0.8245729028521314,0.8297032406343319,8,80,allocation 3:3 | multiplexing | doubled distance
3:3,True,0.7822869764936485,model TTL,55,37.5,34.0,3.5,0.8225387111940444,0.8273758893326281,7,75,allocation 3:3 | multiplexing | doubled distance
3:3,True,0.7822869764936485,model TTL,59,41.0,38.5,2.5,0.8244180528901071,0.8273489473743404,5,82,allocation 3:3 | multiplexing | doubled distance
3:3,True,0.7822869764936485,model TTL,56,36.0,34.0,2.0,0.8261235762592691,0.8288419104101906,4,72,allocation 3:3 | multiplexing | doubled distance
3:3,True,0.7822869764936485,model TTL,57,42.0,38.5,3.5,0.8174267874808293,0.8211087939019309,7,84,allocation 3:3 | multiplexing | doubled distance
3:3,True,0.7822869764936485,model TTL,58,44.0,40.5,3.5,0.8228806618435153,0.8267689352714905,7,88,allocation 3:3 | multiplexing | doubled distance
3:3,True,0.7822869764936485,model TTL,60,29.5,25.5,4.0,0.8205400704360828,0.8273564373306972,8,59,allocation 3:3 | multiplexing | doubled distance
3:3,True,0.7822869764936485,model TTL,61,33.0,30.0,3.0,0.821596366668108,0.825844091180488,6,66,allocation 3:3 | multiplexing | doubled distance
3:3,True,0.7822869764936485,model TTL,62,40.0,36.0,4.0,0.8223483465134337,0.8272244987197681,8,80,allocation 3:3 | multiplexing | doubled distance
3:3,True,0.7822869764936485,model TTL,69,36.0,34.0,2.0,0.8254128571098631,0.8284405125439497,4,72,allocation 3:3 | multiplexing | doubled distance
3:3,True,0.7822869764936485,model TTL,63,41.5,38.0,3.5,0.8252026509120755,0.8296740303668962,7,83,allocation 3:3 | multiplexing | doubled distance
3:3,True,0.7822869764936485,model TTL,66,40.0,35.0,5.0,0.8193171274253852,0.8252268095431253,10,80,allocation 3:3 | multiplexing | doubled distance
3:3,True,0.7822869764936485,model TTL,67,42.5,36.5,6.0,0.8152486504975903,0.821302777586232,12,85,allocation 3:3 | multiplexing | doubled distance
3:3,True,0.7822869764936485,model TTL,65,34.5,33.0,1.5,0.8248576486987205,0.826963062133562,3,69,allocation 3:3 | multiplexing | doubled distance
3:3,True,0.7822869764936485,model TTL,72,41.0,37.5,3.5,0.8228050203142678,0.8272356119085206,7,82,allocation 3:3 | multiplexing | doubled distance
3:3,True,0.7822869764936485,model TTL,71,34.5,30.5,4.0,0.8237241636259469,0.829551820220031,8,69,allocation 3:3 | multiplexing | doubled distance
3:3,True,0.7822869764936485,model TTL,64,42.5,39.0,3.5,0.8241168195670665,0.8282171010667977,7,85,allocation 3:3 | multiplexing | doubled distance
3:3,True,0.7822869764936485,model TTL,70,37.0,35.0,2.0,0.82677326758341,0.8294939007309443,4,74,allocation 3:3 | multiplexing | doubled distance
3:3,True,0.7822869764936485,model TTL,73,38.0,35.0,3.0,0.8225979252732456,0.8265170965982277,6,76,allocation 3:3 | multiplexing | doubled distance
3:3,True,0.7822869764936485,model TTL,77,39.0,36.5,2.5,0.8196016781163089,0.8226222994099737,5,78,allocation 3:3 | multiplexing | doubled distance
3:3,True,0.7822869764936485,model TTL,79,29.5,27.0,2.5,0.8233564729533664,0.8278182429988131,5,59,allocation 3:3 | multiplexing | doubled distance
3:3,True,0.7822869764936485,model TTL,68,37.5,33.5,4.0,0.8218146396555946,0.8269297792874072,8,75,allocation 3:3 | multiplexing | doubled distance
3:3,True,0.7822869764936485,model TTL,78,42.5,39.0,3.5,0.8224104645799556,0.8264001515478933,7,85,allocation 3:3 | multiplexing | doubled distance
3:3,True,0.7822869764936485,model TTL,74,44.0,39.5,4.5,0.8194350411240551,0.8242947161753752,9,88,allocation 3:3 | multiplexing | doubled distance
3:3,True,0.7822869764936485,model TTL,76,46.5,44.5,2.0,0.8276282259390402,0.8300594873849683,4,93,allocation 3:3 | multiplexing | doubled distance
3:3,True,0.7822869764936485,model TTL,82,35.0,31.5,3.5,0.8167328835862131,0.8210525053973776,7,70,allocation 3:3 | multiplexing | doubled distance
3:3,True,0.7822869764936485,model TTL,75,34.5,33.5,1.0,0.8266302595438506,0.828145066136292,2,69,allocation 3:3 | multiplexing | doubled distance
3:3,True,0.7822869764936485,model TTL,80,37.0,33.0,4.0,0.8183196920975346,0.8232357876812975,8,74,allocation 3:3 | multiplexing | doubled distance
3:3,True,0.7822869764936485,model TTL,84,41.0,36.0,5.0,0.8207180388779732,0.8269247714523988,10,82,allocation 3:3 | multiplexing | doubled distance
3:3,True,0.7822869764936485,model TTL,81,43.5,39.5,4.0,0.8273019848751658,0.8324407426448516,8,87,allocation 3:3 | multiplexing | doubled distance
3:3,True,0.7822869764936485,model TTL,87,42.5,37.0,5.5,0.8184015971711612,0.8244031977479154,11,85,allocation 3:3 | multiplexing | doubled distance
3:3,True,0.7822869764936485,model TTL,83,43.5,41.0,2.5,0.8232599143460134,0.8261585316374779,5,87,allocation 3:3 | multiplexing | doubled distance
3:3,True,0.7822869764936485,model TTL,85,33.0,30.5,2.5,0.8194996149167244,0.8229615420053052,5,66,allocation 3:3 | multiplexing | doubled distance
3:3,True,0.7822869764936485,model TTL,86,44.5,39.5,5.0,0.820325074069358,0.8257338749066494,10,89,allocation 3:3 | multiplexing | doubled distance
3:3,True,0.7822869764936485,model TTL,88,40.5,37.5,3.0,0.8207260868500514,0.824157653749954,6,81,allocation 3:3 | multiplexing | doubled distance
3:3,True,0.7822869764936485,model TTL,89,38.5,34.0,4.5,0.8243831608456654,0.8303574776210799,9,77,allocation 3:3 | multiplexing | doubled distance
3:3,True,0.7822869764936485,model TTL,90,42.0,38.5,3.5,0.8208858476973265,0.8249217870546736,7,84,allocation 3:3 | multiplexing | doubled distance
3:3,True,0.7822869764936485,model TTL,94,37.0,34.0,3.0,0.8234794667488028,0.827643286371056,6,74,allocation 3:3 | multiplexing | doubled distance
3:3,True,0.7822869764936485,model TTL,91,38.5,32.0,6.5,0.8225129830669067,0.831594701370002,13,77,allocation 3:3 | multiplexing | doubled distance
3:3,True,0.7822869764936485,model TTL,92,41.5,37.5,4.0,0.8225799234037743,0.8273141830754669,8,83,allocation 3:3 | multiplexing | doubled distance
3:3,True,0.7822869764936485,model TTL,93,33.5,29.0,4.5,0.8189049756596565,0.8252699537697519,9,67,allocation 3:3 | multiplexing | doubled distance
3:3,True,0.7822869764936485,model TTL,95,46.0,44.0,2.0,0.8255362330986963,0.8276707690961569,4,92,allocation 3:3 | multiplexing | doubled distance
3:3,True,0.7822869764936485,model TTL,96,37.5,34.5,3.0,0.8235490492159476,0.8274881066997413,6,75,allocation 3:3 | multiplexing | doubled distance
3:3,True,0.7822869764936485,model TTL,97,44.5,41.0,3.5,0.8260380008914986,0.8300887867026274,7,89,allocation 3:3 | multiplexing | doubled distance
3:3,True,0.7822869764936485,model TTL,98,43.5,40.5,3.0,0.8204905961873095,0.8235907048848627,6,87,allocation 3:3 | multiplexing | doubled distance
3:3,True,0.7822869764936485,model TTL,99,39.0,34.5,4.5,0.8207488421134442,0.8264351997774587,9,78,allocation 3:3 | multiplexing | doubled distance
3:3,True,0.8145739529872971,no TTL,7,32.5,4.0,28.5,0.6737644916865372,0.8255252728076417,57,65,allocation 3:3 | multiplexing | doubled distance
3:3,True,0.8145739529872971,no TTL,16,31.5,6.5,25.0,0.6948986163644213,0.845664410058111,50,63,allocation 3:3 | multiplexing | doubled distance
3:3,True,0.8145739529872971,no TTL,20,35.5,7.0,28.5,0.7024356939606701,0.8392833452649708,57,71,allocation 3:3 | multiplexing | doubled distance
3:3,True,0.8145739529872971,no TTL,30,30.0,6.0,24.0,0.6887869020800755,0.8425518041146289,48,60,allocation 3:3 | multiplexing | doubled distance
3:3,True,0.8145739529872971,no TTL,11,38.0,9.5,28.5,0.7126190157849048,0.83919724717228,57,76,allocation 3:3 | multiplexing | doubled distance
3:3,True,0.8145739529872971,no TTL,6,34.0,5.5,28.5,0.6782748643929993,0.8308762008048144,57,68,allocation 3:3 | multiplexing | doubled distance
3:3,True,0.8145739529872971,no TTL,3,39.5,8.0,31.5,0.6688793500358775,0.8369373227258781,63,79,allocation 3:3 | multiplexing | doubled distance
3:3,True,0.8145739529872971,no TTL,19,40.5,7.0,33.5,0.681177483517975,0.8405485017471591,67,81,allocation 3:3 | multiplexing | doubled distance
3:3,True,0.8145739529872971,no TTL,9,47.5,9.0,38.5,0.6804260053117842,0.8387547971404621,77,95,allocation 3:3 | multiplexing | doubled distance
3:3,True,0.8145739529872971,no TTL,24,33.0,5.0,28.0,0.6683625922442958,0.8340941965135006,56,66,allocation 3:3 | multiplexing | doubled distance
3:3,True,0.8145739529872971,no TTL,23,39.0,8.0,31.0,0.6852928708945029,0.8423285518804198,62,78,allocation 3:3 | multiplexing | doubled distance
3:3,True,0.8145739529872971,no TTL,2,38.0,7.0,31.0,0.6982073285777899,0.8403711845335938,62,76,allocation 3:3 | multiplexing | doubled distance
3:3,True,0.8145739529872971,no TTL,17,35.5,4.5,31.0,0.678091357821887,0.8363250352311099,62,71,allocation 3:3 | multiplexing | doubled distance
3:3,True,0.8145739529872971,no TTL,5,37.5,7.5,30.0,0.6944517128990289,0.8370630208535969,60,75,allocation 3:3 | multiplexing | doubled distance
3:3,True,0.8145739529872971,no TTL,26,44.0,7.5,36.5,0.6889266554655539,0.8415796940894206,73,88,allocation 3:3 | multiplexing | doubled distance
3:3,True,0.8145739529872971,no TTL,4,40.0,3.5,36.5,0.6757302491622772,0.8456303868501532,73,80,allocation 3:3 | multiplexing | doubled distance
3:3,True,0.8145739529872971,no TTL,0,35.0,4.5,30.5,0.6741618360623228,0.8419023893088021,61,70,allocation 3:3 | multiplexing | doubled distance
3:3,True,0.8145739529872971,no TTL,14,42.5,9.5,33.0,0.6969797769623016,0.8392813842770397,66,85,allocation 3:3 | multiplexing | doubled distance
3:3,True,0.8145739529872971,no TTL,8,40.5,7.0,33.5,0.685029969647598,0.8417335903606679,67,81,allocation 3:3 | multiplexing | doubled distance
3:3,True,0.8145739529872971,no TTL,10,50.5,11.5,39.0,0.6907782919699832,0.8387948587012601,78,101,allocation 3:3 | multiplexing | doubled distance
3:3,True,0.8145739529872971,no TTL,27,36.5,8.5,28.0,0.6893001767093266,0.8396649717070469,56,73,allocation 3:3 | multiplexing | doubled distance
3:3,True,0.8145739529872971,no TTL,18,37.0,8.5,28.5,0.7020686040889189,0.8407250717426562,57,74,allocation 3:3 | multiplexing | doubled distance
3:3,True,0.8145739529872971,no TTL,25,37.0,8.5,28.5,0.7112718571669998,0.8413750322981844,57,74,allocation 3:3 | multiplexing | doubled distance
3:3,True,0.8145739529872971,no TTL,12,43.5,10.5,33.0,0.7060410138096239,0.8404057626628216,66,87,allocation 3:3 | multiplexing | doubled distance
3:3,True,0.8145739529872971,no TTL,28,38.5,4.0,34.5,0.6935398889246959,0.8403449090535703,69,77,allocation 3:3 | multiplexing | doubled distance
3:3,True,0.8145739529872971,no TTL,22,42.0,8.5,33.5,0.6963747819170337,0.8395888464429176,67,84,allocation 3:3 | multiplexing | doubled distance
3:3,True,0.8145739529872971,no TTL,13,36.5,7.0,29.5,0.6887832037001153,0.8401383185907525,59,73,allocation 3:3 | multiplexing | doubled distance
3:3,True,0.8145739529872971,no TTL,21,40.5,5.0,35.5,0.7006898702393214,0.8399997911609859,71,81,allocation 3:3 | multiplexing | doubled distance
3:3,True,0.8145739529872971,no TTL,29,38.0,9.5,28.5,0.7039155469189255,0.8445832329457473,57,76,allocation 3:3 | multiplexing | doubled distance
3:3,True,0.8145739529872971,no TTL,15,44.5,10.0,34.5,0.7145882222652569,0.8339677079962526,69,89,allocation 3:3 | multiplexing | doubled distance
3:3,True,0.8145739529872971,no TTL,1,49.0,13.0,36.0,0.7294484300145779,0.8376936995472969,72,98,allocation 3:3 | multiplexing | doubled distance
3:3,True,0.8145739529872971,no TTL,31,41.5,9.0,32.5,0.6944665490776717,0.8399276203483893,65,83,allocation 3:3 | multiplexing | doubled distance
3:3,True,0.8145739529872971,no TTL,35,37.0,6.5,30.5,0.6803734533628338,0.8354470451600132,61,74,allocation 3:3 | multiplexing | doubled distance
3:3,True,0.8145739529872971,no TTL,51,44.5,9.0,35.5,0.7089808827474063,0.8373811846819016,71,89,allocation 3:3 | multiplexing | doubled distance
3:3,True,0.8145739529872971,no TTL,32,38.5,9.0,29.5,0.6977319903678324,0.8401721470260125,59,77,allocation 3:3 | multiplexing | doubled distance
3:3,True,0.8145739529872971,no TTL,38,33.0,6.0,27.0,0.6738069903376088,0.8337055297065509,54,66,allocation 3:3 | multiplexing | doubled distance
3:3,True,0.8145739529872971,no TTL,42,41.0,8.0,33.0,0.6952131857654948,0.8472098326409468,66,82,allocation 3:3 | multiplexing | doubled distance
3:3,True,0.8145739529872971,no TTL,36,38.5,9.0,29.5,0.7097297354604662,0.8386561408214093,59,77,allocation 3:3 | multiplexing | doubled distance
3:3,True,0.8145739529872971,no TTL,37,41.5,9.0,32.5,0.6970664312807019,0.8415369637628947,65,83,allocation 3:3 | multiplexing | doubled distance
3:3,True,0.8145739529872971,no TTL,47,30.5,6.5,24.0,0.6965561266568071,0.8337398943399904,48,61,allocation 3:3 | multiplexing | doubled distance
3:3,True,0.8145739529872971,no TTL,45,31.0,6.0,25.0,0.6736285548938462,0.8395348964125273,50,62,allocation 3:3 | multiplexing | doubled distance
3:3,True,0.8145739529872971,no TTL,48,36.0,6.0,30.0,0.6882811696271351,0.8421857253291607,60,72,allocation 3:3 | multiplexing | doubled distance
3:3,True,0.8145739529872971,no TTL,53,35.0,7.0,28.0,0.6999561871334457,0.8389873616505257,56,70,allocation 3:3 | multiplexing | doubled distance
3:3,True,0.8145739529872971,no TTL,40,35.5,3.5,32.0,0.6613824856749587,0.8437624538844415,64,71,allocation 3:3 | multiplexing | doubled distance
3:3,True,0.8145739529872971,no TTL,43,50.0,9.5,40.5,0.6888848892033786,0.8408920387469896,81,100,allocation 3:3 | multiplexing | doubled distance
3:3,True,0.8145739529872971,no TTL,46,36.5,8.0,28.5,0.6864940170147901,0.8392681852533654,57,73,allocation 3:3 | multiplexing | doubled distance
3:3,True,0.8145739529872971,no TTL,39,40.0,7.5,32.5,0.6969520403615602,0.8404960989999142,65,80,allocation 3:3 | multiplexing | doubled distance
3:3,True,0.8145739529872971,no TTL,33,47.0,10.0,37.0,0.707937978073068,0.8417364857964909,74,94,allocation 3:3 | multiplexing | doubled distance
3:3,True,0.8145739529872971,no TTL,34,47.0,9.0,38.0,0.6962867842147559,0.8374985034328213,76,94,allocation 3:3 | multiplexing | doubled distance
3:3,True,0.8145739529872971,no TTL,54,37.5,6.0,31.5,0.6816804271421666,0.8397691075819809,63,75,allocation 3:3 | multiplexing | doubled distance
3:3,True,0.8145739529872971,no TTL,52,35.0,4.0,31.0,0.6778862537448125,0.8437696987167385,62,70,allocation 3:3 | multiplexing | doubled distance
3:3,True,0.8145739529872971,no TTL,50,38.0,6.5,31.5,0.6843409198591883,0.8355452120105258,63,76,allocation 3:3 | multiplexing | doubled distance
3:3,True,0.8145739529872971,no TTL,44,42.5,9.5,33.0,0.710188530289941,0.8413025406102864,66,85,allocation 3:3 | multiplexing | doubled distance
3:3,True,0.8145739529872971,no TTL,55,35.5,6.5,29.0,0.7002799923996381,0.8400718797768688,58,71,allocation 3:3 | multiplexing | doubled distance
3:3,True,0.8145739529872971,no TTL,59,34.5,6.5,28.0,0.6771075571283229,0.8350333305816254,56,69,allocation 3:3 | multiplexing | doubled distance
3:3,True,0.8145739529872971,no TTL,41,43.5,12.5,31.0,0.7150235247860526,0.8386292730634657,62,87,allocation 3:3 | multiplexing | doubled distance
3:3,True,0.8145739529872971,no TTL,58,36.5,6.0,30.5,0.6931028507759945,0.8362233242867341,61,73,allocation 3:3 | multiplexing | doubled distance
3:3,True,0.8145739529872971,no TTL,49,45.0,11.5,33.5,0.7089147419958981,0.8383064618618147,67,90,allocation 3:3 | multiplexing | doubled distance
3:3,True,0.8145739529872971,no TTL,57,40.5,7.0,33.5,0.6959017615230528,0.8364519016195295,67,81,allocation 3:3 | multiplexing | doubled distance
3:3,True,0.8145739529872971,no TTL,56,41.0,8.5,32.5,0.7004672889201232,0.8409488456005203,65,82,allocation 3:3 | multiplexing | doubled distance
3:3,True,0.8145739529872971,no TTL,60,32.5,6.0,26.5,0.681250114863779,0.8346599720184891,53,65,allocation 3:3 | multiplexing | doubled distance
3:3,True,0.8145739529872971,no TTL,61,35.0,6.5,28.5,0.6858604193320319,0.8443244445035821,57,70,allocation 3:3 | multiplexing | doubled distance
3:3,True,0.8145739529872971,no TTL,64,39.5,8.0,31.5,0.6991326026596233,0.8381881380842859,63,79,allocation 3:3 | multiplexing | doubled distance
3:3,True,0.8145739529872971,no TTL,62,33.5,8.0,25.5,0.6888225692440735,0.8397171193422666,51,67,allocation 3:3 | multiplexing | doubled distance
3:3,True,0.8145739529872971,no TTL,63,38.5,9.0,29.5,0.6627110246155745,0.8425568661243322,59,77,allocation 3:3 | multiplexing | doubled distance
3:3,True,0.8145739529872971,no TTL,65,40.5,9.0,31.5,0.674636389881962,0.8413755325038667,63,81,allocation 3:3 | multiplexing | doubled distance
3:3,True,0.8145739529872971,no TTL,68,34.5,6.5,28.0,0.7123659908872453,0.8394623247225789,56,69,allocation 3:3 | multiplexing | doubled distance
3:3,True,0.8145739529872971,no TTL,74,36.5,8.5,28.0,0.6786520024689889,0.8418915938046543,56,73,allocation 3:3 | multiplexing | doubled distance
3:3,True,0.8145739529872971,no TTL,66,43.0,9.5,33.5,0.6845809080230372,0.8416027307853727,67,86,allocation 3:3 | multiplexing | doubled distance
3:3,True,0.8145739529872971,no TTL,81,34.0,4.5,29.5,0.6544310157361904,0.8339606781476441,59,68,allocation 3:3 | multiplexing | doubled distance
3:3,True,0.8145739529872971,no TTL,69,42.0,11.0,31.0,0.7135450728278596,0.8370467767174082,62,84,allocation 3:3 | multiplexing | doubled distance
3:3,True,0.8145739529872971,no TTL,80,33.5,4.0,29.5,0.6697661512649574,0.8426824293990525,59,67,allocation 3:3 | multiplexing | doubled distance
3:3,True,0.8145739529872971,no TTL,76,38.5,7.5,31.0,0.6771187646156624,0.8377520450277687,62,77,allocation 3:3 | multiplexing | doubled distance
3:3,True,0.8145739529872971,no TTL,67,39.5,7.0,32.5,0.6884215320823046,0.8409221774559535,65,79,allocation 3:3 | multiplexing | doubled distance
3:3,True,0.8145739529872971,no TTL,93,42.5,8.0,34.5,0.7051304479179867,0.838202846923877,69,85,allocation 3:3 | multiplexing | doubled distance
3:3,True,0.8145739529872971,no TTL,79,39.5,8.0,31.5,0.68867405410791,0.8395937326215461,63,79,allocation 3:3 | multiplexing | doubled distance
3:3,True,0.8145739529872971,no TTL,72,41.0,8.5,32.5,0.7002184755326935,0.8348428942618585,65,82,allocation 3:3 | multiplexing | doubled distance
3:3,True,0.8145739529872971,no TTL,77,34.0,8.5,25.5,0.6886713612438174,0.8379940967455517,51,68,allocation 3:3 | multiplexing | doubled distance
3:3,True,0.8145739529872971,no TTL,71,38.0,7.5,30.5,0.6894960904290607,0.8404854743952048,61,76,allocation 3:3 | multiplexing | doubled distance
3:3,True,0.8145739529872971,no TTL,70,39.5,7.5,32.0,0.7137003871933706,0.8360236358956185,64,79,allocation 3:3 | multiplexing | doubled distance
3:3,True,0.8145739529872971,no TTL,78,30.5,6.0,24.5,0.6681542717524013,0.8392457198025879,49,61,allocation 3:3 | multiplexing | doubled distance
3:3,True,0.8145739529872971,no TTL,73,46.0,6.5,39.5,0.6943053581542603,0.8413704944869992,79,92,allocation 3:3 | multiplexing | doubled distance
3:3,True,0.8145739529872971,no TTL,84,42.0,9.0,33.0,0.7023451508818342,0.8400838605038361,66,84,allocation 3:3 | multiplexing | doubled distance
3:3,True,0.8145739529872971,no TTL,75,38.0,5.5,32.5,0.6871941503581876,0.841867604418689,65,76,allocation 3:3 | multiplexing | doubled distance
3:3,True,0.8145739529872971,no TTL,85,41.0,10.0,31.0,0.6810369141592022,0.8414462396440875,62,82,allocation 3:3 | multiplexing | doubled distance
3:3,True,0.8145739529872971,no TTL,89,38.0,6.0,32.0,0.6922739198889766,0.8407130911229357,64,76,allocation 3:3 | multiplexing | doubled distance
3:3,True,0.8145739529872971,no TTL,87,34.5,6.0,28.5,0.6722532877812777,0.841423867456612,57,69,allocation 3:3 | multiplexing | doubled distance
3:3,True,0.8145739529872971,no TTL,86,39.5,9.0,30.5,0.6897178282008463,0.8390089201465414,61,79,allocation 3:3 | multiplexing | doubled distance
3:3,True,0.8145739529872971,no TTL,83,40.5,9.5,31.0,0.7004537121062248,0.8337868664555628,62,81,allocation 3:3 | multiplexing | doubled distance
3:3,True,0.8145739529872971,no TTL,82,46.5,12.5,34.0,0.7099810077562104,0.8380163042222224,68,93,allocation 3:3 | multiplexing | doubled distance
3:3,True,0.8145739529872971,no TTL,88,41.5,9.0,32.5,0.706823674098779,0.8411500296535215,65,83,allocation 3:3 | multiplexing | doubled distance
3:3,True,0.8145739529872971,no TTL,90,47.5,11.5,36.0,0.7087168256187345,0.8420462746860062,72,95,allocation 3:3 | multiplexing | doubled distance
3:3,True,0.8145739529872971,no TTL,91,45.0,9.5,35.5,0.7040594477663723,0.8354185265221438,71,90,allocation 3:3 | multiplexing | doubled distance
3:3,True,0.8145739529872971,no TTL,92,39.0,7.0,32.0,0.6886323287692492,0.8438236879118428,64,78,allocation 3:3 | multiplexing | doubled distance
3:3,True,0.8145739529872971,no TTL,94,34.5,6.0,28.5,0.6989531712624751,0.84225210313674,57,69,allocation 3:3 | multiplexing | doubled distance
3:3,True,0.8145739529872971,no TTL,95,31.5,4.0,27.5,0.67187056057461,0.8378393271454214,55,63,allocation 3:3 | multiplexing | doubled distance
3:3,True,0.8145739529872971,no TTL,96,36.0,7.5,28.5,0.6879528204532289,0.8379777412136286,57,72,allocation 3:3 | multiplexing | doubled distance
3:3,True,0.8145739529872971,no TTL,99,35.5,5.5,30.0,0.6965687861373514,0.831266070340628,60,71,allocation 3:3 | multiplexing | doubled distance
3:3,True,0.8145739529872971,no TTL,97,32.5,6.0,26.5,0.6912386943870609,0.840608286019908,53,65,allocation 3:3 | multiplexing | doubled distance
3:3,True,0.8145739529872971,no TTL,98,42.5,13.0,29.5,0.717067911369209,0.8398796496538572,59,85,allocation 3:3 | multiplexing | doubled distance
3:3,True,0.8145739529872971,model TTL,19,37.0,36.0,1.0,0.8408796667213151,0.8417805458127723,2,74,allocation 3:3 | multiplexing | doubled distance
3:3,True,0.8145739529872971,model TTL,5,46.0,44.5,1.5,0.8396632748726233,0.8407255923203945,3,92,allocation 3:3 | multiplexing | doubled distance
3:3,True,0.8145739529872971,model TTL,1,33.5,29.5,4.0,0.8365557064674727,0.8405602761387997,8,67,allocation 3:3 | multiplexing | doubled distance
3:3,True,0.8145739529872971,model TTL,0,34.0,30.5,3.5,0.838547174656204,0.8415362936039904,7,68,allocation 3:3 | multiplexing | doubled distance
3:3,True,0.8145739529872971,model TTL,4,39.0,37.5,1.5,0.8401668723009266,0.8414555506773382,3,78,allocation 3:3 | multiplexing | doubled distance
3:3,True,0.8145739529872971,model TTL,2,41.0,39.0,2.0,0.8388581895858244,0.840331492819272,4,82,allocation 3:3 | multiplexing | doubled distance
3:3,True,0.8145739529872971,model TTL,3,40.0,37.5,2.5,0.8404871743624698,0.8424935481050352,5,80,allocation 3:3 | multiplexing | doubled distance
3:3,True,0.8145739529872971,model TTL,7,40.0,38.5,1.5,0.8394664649696733,0.8404638101792357,3,80,allocation 3:3 | multiplexing | doubled distance
3:3,True,0.8145739529872971,model TTL,8,34.5,31.5,3.0,0.8389855594052136,0.8418199667274835,6,69,allocation 3:3 | multiplexing | doubled distance
3:3,True,0.8145739529872971,model TTL,9,37.5,37.0,0.5,0.840370864106488,0.8408087749975965,1,75,allocation 3:3 | multiplexing | doubled distance
3:3,True,0.8145739529872971,model TTL,14,41.0,39.0,2.0,0.8405601421587114,0.8422243675638574,4,82,allocation 3:3 | multiplexing | doubled distance
3:3,True,0.8145739529872971,model TTL,10,43.0,42.0,1.0,0.843683354786317,0.8444573945275299,2,86,allocation 3:3 | multiplexing | doubled distance
3:3,True,0.8145739529872971,model TTL,12,37.5,35.5,2.0,0.839655876736667,0.8412376193148461,4,75,allocation 3:3 | multiplexing | doubled distance
3:3,True,0.8145739529872971,model TTL,13,42.5,41.5,1.0,0.8386214557973374,0.839273423370691,2,85,allocation 3:3 | multiplexing | doubled distance
3:3,True,0.8145739529872971,model TTL,11,39.0,38.0,1.0,0.8403940231463719,0.8413014578849066,2,78,allocation 3:3 | multiplexing | doubled distance
3:3,True,0.8145739529872971,model TTL,6,41.5,37.5,4.0,0.8367042081960412,0.83925951359247,8,83,allocation 3:3 | multiplexing | doubled distance
3:3,True,0.8145739529872971,model TTL,16,37.0,36.0,1.0,0.8383211241196261,0.8390541172728315,2,74,allocation 3:3 | multiplexing | doubled distance
3:3,True,0.8145739529872971,model TTL,17,34.0,32.5,1.5,0.8404515213494708,0.8417737174333924,3,68,allocation 3:3 | multiplexing | doubled distance
3:3,True,0.8145739529872971,model TTL,15,41.0,39.5,1.5,0.8429074157055454,0.844034817320267,3,82,allocation 3:3 | multiplexing | doubled distance
3:3,True,0.8145739529872971,model TTL,18,43.5,41.5,2.0,0.8424750829292309,0.8438736114309268,4,87,allocation 3:3 | multiplexing | doubled distance
3:3,True,0.8145739529872971,model TTL,20,32.5,30.5,2.0,0.8359017243222385,0.837663065151494,4,65,allocation 3:3 | multiplexing | doubled distance
3:3,True,0.8145739529872971,model TTL,21,36.0,33.5,2.5,0.8414666061749179,0.8435811663444449,5,72,allocation 3:3 | multiplexing | doubled distance
3:3,True,0.8145739529872971,model TTL,22,33.5,31.0,2.5,0.8398919065824981,0.8420477138173447,5,67,allocation 3:3 | multiplexing | doubled distance
3:3,True,0.8145739529872971,model TTL,23,33.0,31.0,2.0,0.8387450213263199,0.8403776932628849,4,66,allocation 3:3 | multiplexing | doubled distance
3:3,True,0.8145739529872971,model TTL,24,37.5,35.5,2.0,0.8390248055515082,0.8404851148481084,4,75,allocation 3:3 | multiplexing | doubled distance
3:3,True,0.8145739529872971,model TTL,25,36.5,35.0,1.5,0.840740736094164,0.8419018256162754,3,73,allocation 3:3 | multiplexing | doubled distance
3:3,True,0.8145739529872971,model TTL,26,32.5,31.5,1.0,0.842998695151985,0.8441242795882762,2,65,allocation 3:3 | multiplexing | doubled distance
3:3,True,0.8145739529872971,model TTL,27,39.0,39.0,0.0,0.8365256818081688,0.8365256818081688,0,78,allocation 3:3 | multiplexing | doubled distance
3:3,True,0.8145739529872971,model TTL,29,32.0,29.0,3.0,0.8407175215003364,0.8435696049083741,6,64,allocation 3:3 | multiplexing | doubled distance
3:3,True,0.8145739529872971,model TTL,28,45.5,44.5,1.0,0.8423911943467449,0.8431623547510678,2,91,allocation 3:3 | multiplexing | doubled distance
3:3,True,0.8145739529872971,model TTL,30,36.0,34.5,1.5,0.8401942808540466,0.8414285989520189,3,72,allocation 3:3 | multiplexing | doubled distance
3:3,True,0.8145739529872971,model TTL,36,42.0,39.5,2.5,0.8416359515708707,0.8434510025892268,5,84,allocation 3:3 | multiplexing | doubled distance
3:3,True,0.8145739529872971,model TTL,32,42.0,39.0,3.0,0.8374605346438699,0.8392822718410057,6,84,allocation 3:3 | multiplexing | doubled distance
3:3,True,0.8145739529872971,model TTL,31,38.0,34.5,3.5,0.8415665535107556,0.8447103697765316,7,76,allocation 3:3 | multiplexing | doubled distance
3:3,True,0.8145739529872971,model TTL,39,46.0,44.5,1.5,0.8390283616172145,0.8399289805904496,3,92,allocation 3:3 | multiplexing | doubled distance
3:3,True,0.8145739529872971,model TTL,33,34.0,31.0,3.0,0.8386793452773648,0.8413305976341293,6,68,allocation 3:3 | multiplexing | doubled distance
3:3,True,0.8145739529872971,model TTL,35,41.5,38.5,3.0,0.8367356332723721,0.8390388223513513,6,83,allocation 3:3 | multiplexing | doubled distance
3:3,True,0.8145739529872971,model TTL,37,41.0,38.5,2.5,0.8363011693299088,0.8378503681266606,5,82,allocation 3:3 | multiplexing | doubled distance
3:3,True,0.8145739529872971,model TTL,38,37.5,34.5,3.0,0.8368060478194028,0.8388998612473821,6,75,allocation 3:3 | multiplexing | doubled distance
3:3,True,0.8145739529872971,model TTL,34,34.0,32.0,2.0,0.8369754330773014,0.8386875132798044,4,68,allocation 3:3 | multiplexing | doubled distance
3:3,True,0.8145739529872971,model TTL,46,33.5,31.5,2.0,0.8394201847072786,0.8411572491602866,4,67,allocation 3:3 | multiplexing | doubled distance
3:3,True,0.8145739529872971,model TTL,40,42.5,41.5,1.0,0.8439272367244084,0.8446555289824864,2,85,allocation 3:3 | multiplexing | doubled distance
3:3,True,0.8145739529872971,model TTL,41,43.0,39.0,4.0,0.838247941126175,0.8409341990892722,8,86,allocation 3:3 | multiplexing | doubled distance
3:3,True,0.8145739529872971,model TTL,45,32.0,29.5,2.5,0.8387273825172958,0.8414446622273928,5,64,allocation 3:3 | multiplexing | doubled distance
3:3,True,0.8145739529872971,model TTL,43,37.5,33.5,4.0,0.8406639391780265,0.844246182565048,8,75,allocation 3:3 | multiplexing | doubled distance
3:3,True,0.8145739529872971,model TTL,47,32.5,29.5,3.0,0.8405375433502925,0.8433228787261752,6,65,allocation 3:3 | multiplexing | doubled distance
3:3,True,0.8145739529872971,model TTL,44,43.5,43.0,0.5,0.8394391134460525,0.8397425638950704,1,87,allocation 3:3 | multiplexing | doubled distance
3:3,True,0.8145739529872971,model TTL,49,36.0,35.5,0.5,0.8400699156022422,0.8404475654565308,1,72,allocation 3:3 | multiplexing | doubled distance
3:3,True,0.8145739529872971,model TTL,42,36.5,34.0,2.5,0.8371690003584331,0.8388943956191192,5,73,allocation 3:3 | multiplexing | doubled distance
3:3,True,0.8145739529872971,model TTL,48,46.0,44.5,1.5,0.8412400074493883,0.8421428454495967,3,92,allocation 3:3 | multiplexing | doubled distance
3:3,True,0.8145739529872971,model TTL,51,35.0,33.5,1.5,0.8391389788707524,0.8405212720653107,3,70,allocation 3:3 | multiplexing | doubled distance
3:3,True,0.8145739529872971,model TTL,50,39.5,37.0,2.5,0.839502337879528,0.8413087136533045,5,79,allocation 3:3 | multiplexing | doubled distance
3:3,True,0.8145739529872971,model TTL,52,37.5,36.0,1.5,0.839995956212707,0.8412215074798518,3,75,allocation 3:3 | multiplexing | doubled distance
3:3,True,0.8145739529872971,model TTL,53,39.0,37.5,1.5,0.8400140590145548,0.8412402244025693,3,78,allocation 3:3 | multiplexing | doubled distance
3:3,True,0.8145739529872971,model TTL,54,32.0,31.0,1.0,0.8420410704113928,0.8429722351901824,2,64,allocation 3:3 | multiplexing | doubled distance
3:3,True,0.8145739529872971,model TTL,55,41.5,38.0,3.5,0.8366852216388483,0.8391139911150347,7,83,allocation 3:3 | multiplexing | doubled distance
3:3,True,0.8145739529872971,model TTL,57,47.5,46.5,1.0,0.8405718247949016,0.8411479637423274,2,95,allocation 3:3 | multiplexing | doubled distance
3:3,True,0.8145739529872971,model TTL,56,32.5,30.5,2.0,0.8385099243152331,0.8403034680702132,4,65,allocation 3:3 | multiplexing | doubled distance
3:3,True,0.8145739529872971,model TTL,64,47.0,43.0,4.0,0.8371924338194215,0.8395253048050979,8,94,allocation 3:3 | multiplexing | doubled distance
3:3,True,0.8145739529872971,model TTL,58,40.0,37.5,2.5,0.8400130036673703,0.841811179509246,5,80,allocation 3:3 | multiplexing | doubled distance
3:3,True,0.8145739529872971,model TTL,63,31.0,29.0,2.0,0.8376359228670786,0.8392846529471779,4,62,allocation 3:3 | multiplexing | doubled distance
3:3,True,0.8145739529872971,model TTL,60,35.5,34.5,1.0,0.8397043137691089,0.8404904866307441,2,71,allocation 3:3 | multiplexing | doubled distance
3:3,True,0.8145739529872971,model TTL,61,36.0,35.0,1.0,0.8376625723424154,0.8383594879257702,2,72,allocation 3:3 | multiplexing | doubled distance
3:3,True,0.8145739529872971,model TTL,59,38.5,35.0,3.5,0.8397537306880982,0.8424435058685957,7,77,allocation 3:3 | multiplexing | doubled distance
3:3,True,0.8145739529872971,model TTL,62,41.5,39.0,2.5,0.8368056451659265,0.8385087252537095,5,83,allocation 3:3 | multiplexing | doubled distance
3:3,True,0.8145739529872971,model TTL,82,42.0,39.0,3.0,0.8395027976754929,0.8416535960525157,6,84,allocation 3:3 | multiplexing | doubled distance
3:3,True,0.8145739529872971,model TTL,65,30.0,29.5,0.5,0.8392387106802158,0.8396806305427307,1,60,allocation 3:3 | multiplexing | doubled distance
3:3,True,0.8145739529872971,model TTL,67,39.5,36.5,3.0,0.8370080796381852,0.839015543415207,6,79,allocation 3:3 | multiplexing | doubled distance
3:3,True,0.8145739529872971,model TTL,66,30.5,28.5,2.0,0.8433599576163224,0.8454788689242259,4,61,allocation 3:3 | multiplexing | doubled distance
3:3,True,0.8145739529872971,model TTL,69,38.5,35.0,3.5,0.8382576148065601,0.8411589094026006,7,77,allocation 3:3 | multiplexing | doubled distance
3:3,True,0.8145739529872971,model TTL,68,41.5,39.5,2.0,0.8406581298958677,0.8420826891756865,4,83,allocation 3:3 | multiplexing | doubled distance
3:3,True,0.8145739529872971,model TTL,70,39.5,37.0,2.5,0.8383346554163111,0.8403177214041929,5,79,allocation 3:3 | multiplexing | doubled distance
3:3,True,0.8145739529872971,model TTL,71,36.0,34.0,2.0,0.8398356554009935,0.8414258429162244,4,72,allocation 3:3 | multiplexing | doubled distance
3:3,True,0.8145739529872971,model TTL,73,43.0,42.5,0.5,0.8397781409522461,0.8400828141283194,1,86,allocation 3:3 | multiplexing | doubled distance
3:3,True,0.8145739529872971,model TTL,72,43.5,41.5,2.0,0.8417568312442066,0.8431318956097749,4,87,allocation 3:3 | multiplexing | doubled distance
3:3,True,0.8145739529872971,model TTL,75,40.0,38.5,1.5,0.8391995598695933,0.8402775502478762,3,80,allocation 3:3 | multiplexing | doubled distance
3:3,True,0.8145739529872971,model TTL,79,32.0,31.0,1.0,0.8420429257550264,0.8429887783242429,2,64,allocation 3:3 | multiplexing | doubled distance
3:3,True,0.8145739529872971,model TTL,74,35.5,33.5,2.0,0.8391571187224093,0.8408042751806679,4,71,allocation 3:3 | multiplexing | doubled distance
3:3,True,0.8145739529872971,model TTL,76,47.5,46.0,1.5,0.8405843582615761,0.8415484238087252,3,95,allocation 3:3 | multiplexing | doubled distance
3:3,True,0.8145739529872971,model TTL,78,37.0,36.0,1.0,0.842210055147911,0.8431149192505139,2,74,allocation 3:3 | multiplexing | doubled distance
3:3,True,0.8145739529872971,model TTL,77,34.5,33.5,1.0,0.8420816300604307,0.8429315777621907,2,69,allocation 3:3 | multiplexing | doubled distance
3:3,True,0.8145739529872971,model TTL,80,34.0,33.5,0.5,0.8404508873085588,0.8409428660239184,1,68,allocation 3:3 | multiplexing | doubled distance
3:3,True,0.8145739529872971,model TTL,83,45.0,42.0,3.0,0.8403565027319148,0.8424063834478923,6,90,allocation 3:3 | multiplexing | doubled distance
3:3,True,0.8145739529872971,model TTL,81,30.5,30.0,0.5,0.8437099693500247,0.8442243653056684,1,61,allocation 3:3 | multiplexing | doubled distance
3:3,True,0.8145739529872971,model TTL,84,40.5,38.5,2.0,0.8396390654556707,0.8410055610791387,4,81,allocation 3:3 | multiplexing | doubled distance
3:3,True,0.8145739529872971,model TTL,85,28.0,25.0,3.0,0.8386609096501142,0.8418787607593938,6,56,allocation 3:3 | multiplexing | doubled distance
3:3,True,0.8145739529872971,model TTL,86,37.5,36.0,1.5,0.8412583458739322,0.8427581979822926,3,75,allocation 3:3 | multiplexing | doubled distance
3:3,True,0.8145739529872971,model TTL,87,40.5,37.5,3.0,0.8406037751763288,0.8428800241789202,6,81,allocation 3:3 | multiplexing | doubled distance
3:3,True,0.8145739529872971,model TTL,89,39.0,37.5,1.5,0.8384714165943393,0.8395293807437207,3,78,allocation 3:3 | multiplexing | doubled distance
3:3,True,0.8145739529872971,model TTL,88,36.0,32.0,4.0,0.8375727017434103,0.8407193355717804,8,72,allocation 3:3 | multiplexing | doubled distance
3:3,True,0.8145739529872971,model TTL,90,43.5,42.5,1.0,0.8431106059491261,0.8438777445477257,2,87,allocation 3:3 | multiplexing | doubled distance
3:3,True,0.8145739529872971,model TTL,92,41.5,41.5,0.0,0.8421141609122853,0.8421141609122853,0,83,allocation 3:3 | multiplexing | doubled distance
3:3,True,0.8145739529872971,model TTL,91,31.0,29.5,1.5,0.8375693139205442,0.839203664106709,3,62,allocation 3:3 | multiplexing | doubled distance
3:3,True,0.8145739529872971,model TTL,94,33.5,31.0,2.5,0.8426501019254503,0.8450103741640248,5,67,allocation 3:3 | multiplexing | doubled distance
3:3,True,0.8145739529872971,model TTL,93,38.0,35.0,3.0,0.8383161431716909,0.8406038250898271,6,76,allocation 3:3 | multiplexing | doubled distance
3:3,True,0.8145739529872971,model TTL,95,38.0,36.5,1.5,0.84109268823945,0.8422217290225534,3,76,allocation 3:3 | multiplexing | doubled distance
3:3,True,0.8145739529872971,model TTL,96,35.0,33.5,1.5,0.8398844986616744,0.8410542002308694,3,70,allocation 3:3 | multiplexing | doubled distance
3:3,True,0.8145739529872971,model TTL,99,31.0,30.0,1.0,0.8395215754450773,0.8403802951917271,2,62,allocation 3:3 | multiplexing | doubled distance
3:3,True,0.8145739529872971,model TTL,97,44.5,42.5,2.0,0.8407333948863585,0.842016120410295,4,89,allocation 3:3 | multiplexing | doubled distance
3:3,True,0.8145739529872971,model TTL,98,39.5,37.0,2.5,0.8387718251439574,0.8406132195118368,5,79,allocation 3:3 | multiplexing | doubled distance
3:3,True,0.8468609294809456,no TTL,10,50.5,4.0,46.5,0.6907782919699832,0.8544509762807598,93,101,allocation 3:3 | multiplexing | doubled distance
3:3,True,0.8468609294809456,no TTL,7,32.5,0.5,32.0,0.6737644916865372,0.8491556042259759,64,65,allocation 3:3 | multiplexing | doubled distance
3:3,True,0.8468609294809456,no TTL,20,35.5,2.0,33.5,0.7024356939606701,0.8540372660214308,67,71,allocation 3:3 | multiplexing | doubled distance
3:3,True,0.8468609294809456,no TTL,16,31.5,4.0,27.5,0.6948986163644213,0.8540687501818224,55,63,allocation 3:3 | multiplexing | doubled distance
3:3,True,0.8468609294809456,no TTL,3,39.5,1.5,38.0,0.6688793500358775,0.8514227558138127,76,79,allocation 3:3 | multiplexing | doubled distance
3:3,True,0.8468609294809456,no TTL,30,30.0,1.5,28.5,0.6887869020800755,0.8547584164243001,57,60,allocation 3:3 | multiplexing | doubled distance
3:3,True,0.8468609294809456,no TTL,23,39.0,4.0,35.0,0.6852928708945029,0.855967628940202,70,78,allocation 3:3 | multiplexing | doubled distance
3:3,True,0.8468609294809456,no TTL,24,33.0,1.5,31.5,0.6683625922442958,0.851236388198341,63,66,allocation 3:3 | multiplexing | doubled distance
3:3,True,0.8468609294809456,no TTL,29,38.0,4.5,33.5,0.7039155469189255,0.8547473775541028,67,76,allocation 3:3 | multiplexing | doubled distance
3:3,True,0.8468609294809456,no TTL,14,42.5,3.0,39.5,0.6969797769623016,0.8522085333173572,79,85,allocation 3:3 | multiplexing | doubled distance
3:3,True,0.8468609294809456,no TTL,26,44.0,3.5,40.5,0.6889266554655539,0.8528163309404279,81,88,allocation 3:3 | multiplexing | doubled distance
3:3,True,0.8468609294809456,no TTL,19,40.5,2.5,38.0,0.681177483517975,0.8569876492969487,76,81,allocation 3:3 | multiplexing | doubled distance
3:3,True,0.8468609294809456,no TTL,2,38.0,2.5,35.5,0.6982073285777899,0.855985668341115,71,76,allocation 3:3 | multiplexing | doubled distance
3:3,True,0.8468609294809456,no TTL,5,37.5,1.5,36.0,0.6944517128990289,0.8519308760382485,72,75,allocation 3:3 | multiplexing | doubled distance
3:3,True,0.8468609294809456,no TTL,0,35.0,1.5,33.5,0.6741618360623228,0.8542634671348187,67,70,allocation 3:3 | multiplexing | doubled distance
3:3,True,0.8468609294809456,no TTL,11,38.0,2.5,35.5,0.7126190157849048,0.8540565625892577,71,76,allocation 3:3 | multiplexing | doubled distance
3:3,True,0.8468609294809456,no TTL,25,37.0,2.5,34.5,0.7112718571669998,0.8564294868748573,69,74,allocation 3:3 | multiplexing | doubled distance
3:3,True,0.8468609294809456,no TTL,28,38.5,1.0,37.5,0.6935398889246959,0.85795366433373,75,77,allocation 3:3 | multiplexing | doubled distance
3:3,True,0.8468609294809456,no TTL,17,35.5,1.0,34.5,0.678091357821887,0.8615241595001297,69,71,allocation 3:3 | multiplexing | doubled distance
3:3,True,0.8468609294809456,no TTL,6,34.0,1.0,33.0,0.6782748643929993,0.8538461139569486,66,68,allocation 3:3 | multiplexing | doubled distance
3:3,True,0.8468609294809456,no TTL,4,40.0,2.5,37.5,0.6757302491622772,0.8546346440176454,75,80,allocation 3:3 | multiplexing | doubled distance
3:3,True,0.8468609294809456,no TTL,27,36.5,3.5,33.0,0.6893001767093266,0.8549571139209805,66,73,allocation 3:3 | multiplexing | doubled distance
3:3,True,0.8468609294809456,no TTL,15,44.5,1.5,43.0,0.7145882222652569,0.8515424336432718,86,89,allocation 3:3 | multiplexing | doubled distance
3:3,True,0.8468609294809456,no TTL,9,47.5,2.5,45.0,0.6804260053117842,0.8572058070825914,90,95,allocation 3:3 | multiplexing | doubled distance
3:3,True,0.8468609294809456,no TTL,1,49.0,3.5,45.5,0.7294484300145779,0.8553983360014225,91,98,allocation 3:3 | multiplexing | doubled distance
3:3,True,0.8468609294809456,no TTL,8,40.5,2.5,38.0,0.685029969647598,0.8579696575742357,76,81,allocation 3:3 | multiplexing | doubled distance
3:3,True,0.8468609294809456,no TTL,21,40.5,1.5,39.0,0.7006898702393214,0.8579886879772269,78,81,allocation 3:3 | multiplexing | doubled distance
3:3,True,0.8468609294809456,no TTL,12,43.5,3.5,40.0,0.7060410138096239,0.8542769831446997,80,87,allocation 3:3 | multiplexing | doubled distance
3:3,True,0.8468609294809456,no TTL,18,37.0,3.0,34.0,0.7020686040889189,0.8537377377512492,68,74,allocation 3:3 | multiplexing | doubled distance
3:3,True,0.8468609294809456,no TTL,22,42.0,3.5,38.5,0.6963747819170337,0.8565214795603222,77,84,allocation 3:3 | multiplexing | doubled distance
3:3,True,0.8468609294809456,no TTL,13,36.5,2.0,34.5,0.6887832037001153,0.8520849777188833,69,73,allocation 3:3 | multiplexing | doubled distance
3:3,True,0.8468609294809456,no TTL,31,41.5,4.0,37.5,0.6944665490776717,0.8581441476629019,75,83,allocation 3:3 | multiplexing | doubled distance
3:3,True,0.8468609294809456,no TTL,32,38.5,3.0,35.5,0.6977319903678324,0.8517711746653709,71,77,allocation 3:3 | multiplexing | doubled distance
3:3,True,0.8468609294809456,no TTL,35,37.0,1.5,35.5,0.6803734533628338,0.854093247755494,71,74,allocation 3:3 | multiplexing | doubled distance
3:3,True,0.8468609294809456,no TTL,42,41.0,4.0,37.0,0.6952131857654948,0.8565673872275685,74,82,allocation 3:3 | multiplexing | doubled distance
3:3,True,0.8468609294809456,no TTL,45,31.0,2.0,29.0,0.6736285548938462,0.8572396727390637,58,62,allocation 3:3 | multiplexing | doubled distance
3:3,True,0.8468609294809456,no TTL,36,38.5,3.0,35.5,0.7097297354604662,0.8517995823562579,71,77,allocation 3:3 | multiplexing | doubled distance
3:3,True,0.8468609294809456,no TTL,38,33.0,0.5,32.5,0.6738069903376088,0.8610219808216474,65,66,allocation 3:3 | multiplexing | doubled distance
3:3,True,0.8468609294809456,no TTL,47,30.5,2.0,28.5,0.6965561266568071,0.853759125684391,57,61,allocation 3:3 | multiplexing | doubled distance
3:3,True,0.8468609294809456,no TTL,48,36.0,2.0,34.0,0.6882811696271351,0.8558651858182701,68,72,allocation 3:3 | multiplexing | doubled distance
3:3,True,0.8468609294809456,no TTL,37,41.5,4.0,37.5,0.6970664312807019,0.8544120845348514,75,83,allocation 3:3 | multiplexing | doubled distance
3:3,True,0.8468609294809456,no TTL,33,47.0,4.0,43.0,0.707937978073068,0.8532615844612681,86,94,allocation 3:3 | multiplexing | doubled distance
3:3,True,0.8468609294809456,no TTL,39,40.0,2.0,38.0,0.6969520403615602,0.8529945178467422,76,80,allocation 3:3 | multiplexing | doubled distance
3:3,True,0.8468609294809456,no TTL,34,47.0,3.5,43.5,0.6962867842147559,0.8527342347148985,87,94,allocation 3:3 | multiplexing | doubled distance
3:3,True,0.8468609294809456,no TTL,46,36.5,2.5,34.0,0.6864940170147901,0.8539902618563321,68,73,allocation 3:3 | multiplexing | doubled distance
3:3,True,0.8468609294809456,no TTL,53,35.0,2.5,32.5,0.6999561871334457,0.8534283265918599,65,70,allocation 3:3 | multiplexing | doubled distance
3:3,True,0.8468609294809456,no TTL,40,35.5,2.0,33.5,0.6613824856749587,0.8511753388190748,67,71,allocation 3:3 | multiplexing | doubled distance
3:3,True,0.8468609294809456,no TTL,55,35.5,2.5,33.0,0.7002799923996381,0.8549397497423342,66,71,allocation 3:3 | multiplexing | doubled distance
3:3,True,0.8468609294809456,no TTL,59,34.5,2.0,32.5,0.6771075571283229,0.854926068119181,65,69,allocation 3:3 | multiplexing | doubled distance
3:3,True,0.8468609294809456,no TTL,52,35.0,2.5,32.5,0.6778862537448125,0.8549133467502441,65,70,allocation 3:3 | multiplexing | doubled distance
3:3,True,0.8468609294809456,no TTL,58,36.5,2.0,34.5,0.6931028507759945,0.850295009814757,69,73,allocation 3:3 | multiplexing | doubled distance
3:3,True,0.8468609294809456,no TTL,43,50.0,4.0,46.0,0.6888848892033786,0.8536367907339782,92,100,allocation 3:3 | multiplexing | doubled distance
3:3,True,0.8468609294809456,no TTL,41,43.5,4.0,39.5,0.7150235247860526,0.8532090924185779,79,87,allocation 3:3 | multiplexing | doubled distance
3:3,True,0.8468609294809456,no TTL,51,44.5,2.5,42.0,0.7089808827474063,0.8555889570297194,84,89,allocation 3:3 | multiplexing | doubled distance
3:3,True,0.8468609294809456,no TTL,57,40.5,1.5,39.0,0.6959017615230528,0.8529943483055176,78,81,allocation 3:3 | multiplexing | doubled distance
3:3,True,0.8468609294809456,no TTL,60,32.5,1.0,31.5,0.681250114863779,0.8619066276204129,63,65,allocation 3:3 | multiplexing | doubled distance
3:3,True,0.8468609294809456,no TTL,44,42.5,2.5,40.0,0.710188530289941,0.8538048477615983,80,85,allocation 3:3 | multiplexing | doubled distance
3:3,True,0.8468609294809456,no TTL,54,37.5,3.5,34.0,0.6816804271421666,0.8525089256010896,68,75,allocation 3:3 | multiplexing | doubled distance
3:3,True,0.8468609294809456,no TTL,61,35.0,2.5,32.5,0.6858604193320319,0.855875517626101,65,70,allocation 3:3 | multiplexing | doubled distance
3:3,True,0.8468609294809456,no TTL,49,45.0,4.0,41.0,0.7089147419958981,0.8552894523832076,82,90,allocation 3:3 | multiplexing | doubled distance
3:3,True,0.8468609294809456,no TTL,56,41.0,3.5,37.5,0.7004672889201232,0.8559249933987081,75,82,allocation 3:3 | multiplexing | doubled distance
3:3,True,0.8468609294809456,no TTL,50,38.0,2.0,36.0,0.6843409198591883,0.8566047033306903,72,76,allocation 3:3 | multiplexing | doubled distance
3:3,True,0.8468609294809456,no TTL,63,38.5,3.5,35.0,0.6627110246155745,0.8546478220722518,70,77,allocation 3:3 | multiplexing | doubled distance
3:3,True,0.8468609294809456,no TTL,62,33.5,2.0,31.5,0.6888225692440735,0.8520326668030636,63,67,allocation 3:3 | multiplexing | doubled distance
3:3,True,0.8468609294809456,no TTL,93,42.5,3.0,39.5,0.7051304479179867,0.8530901257399693,79,85,allocation 3:3 | multiplexing | doubled distance
3:3,True,0.8468609294809456,no TTL,64,39.5,3.5,36.0,0.6991326026596233,0.8539938092229876,72,79,allocation 3:3 | multiplexing | doubled distance
3:3,True,0.8468609294809456,no TTL,65,40.5,4.5,36.0,0.674636389881962,0.8546928985947283,72,81,allocation 3:3 | multiplexing | doubled distance
3:3,True,0.8468609294809456,no TTL,71,38.0,2.5,35.5,0.6894960904290607,0.8557743179164564,71,76,allocation 3:3 | multiplexing | doubled distance
3:3,True,0.8468609294809456,no TTL,74,36.5,4.5,32.0,0.6786520024689889,0.8532530448014771,64,73,allocation 3:3 | multiplexing | doubled distance
3:3,True,0.8468609294809456,no TTL,68,34.5,2.5,32.0,0.7123659908872453,0.8550500249348689,64,69,allocation 3:3 | multiplexing | doubled distance
3:3,True,0.8468609294809456,no TTL,76,38.5,2.5,36.0,0.6771187646156624,0.85244637878679,72,77,allocation 3:3 | multiplexing | doubled distance
3:3,True,0.8468609294809456,no TTL,69,42.0,3.5,38.5,0.7135450728278596,0.8540622846785093,77,84,allocation 3:3 | multiplexing | doubled distance
3:3,True,0.8468609294809456,no TTL,66,43.0,3.5,39.5,0.6845809080230372,0.8543527010118828,79,86,allocation 3:3 | multiplexing | doubled distance
3:3,True,0.8468609294809456,no TTL,72,41.0,3.0,38.0,0.7002184755326935,0.8546401354861367,76,82,allocation 3:3 | multiplexing | doubled distance
3:3,True,0.8468609294809456,no TTL,81,34.0,0.5,33.5,0.6544310157361904,0.8478230101965157,67,68,allocation 3:3 | multiplexing | doubled distance
3:3,True,0.8468609294809456,no TTL,80,33.5,2.0,31.5,0.6697661512649574,0.8510049512440689,63,67,allocation 3:3 | multiplexing | doubled distance
3:3,True,0.8468609294809456,no TTL,73,46.0,3.0,43.0,0.6943053581542603,0.8567479335194753,86,92,allocation 3:3 | multiplexing | doubled distance
3:3,True,0.8468609294809456,no TTL,67,39.5,3.0,36.5,0.6884215320823046,0.856215234295657,73,79,allocation 3:3 | multiplexing | doubled distance
3:3,True,0.8468609294809456,no TTL,70,39.5,1.5,38.0,0.7137003871933706,0.8533193030444955,76,79,allocation 3:3 | multiplexing | doubled distance
3:3,True,0.8468609294809456,no TTL,79,39.5,2.0,37.5,0.68867405410791,0.8560030983333494,75,79,allocation 3:3 | multiplexing | doubled distance
3:3,True,0.8468609294809456,no TTL,77,34.0,3.0,31.0,0.6886713612438174,0.8564340042036513,62,68,allocation 3:3 | multiplexing | doubled distance
3:3,True,0.8468609294809456,no TTL,78,30.5,1.5,29.0,0.6681542717524013,0.8504842826531026,58,61,allocation 3:3 | multiplexing | doubled distance
3:3,True,0.8468609294809456,no TTL,84,42.0,3.0,39.0,0.7023451508818342,0.8578628179918024,78,84,allocation 3:3 | multiplexing | doubled distance
3:3,True,0.8468609294809456,no TTL,75,38.0,2.5,35.5,0.6871941503581876,0.8558944648934437,71,76,allocation 3:3 | multiplexing | doubled distance
3:3,True,0.8468609294809456,no TTL,85,41.0,3.5,37.5,0.6810369141592022,0.8543034613486308,75,82,allocation 3:3 | multiplexing | doubled distance
3:3,True,0.8468609294809456,no TTL,89,38.0,3.0,35.0,0.6922739198889766,0.8565908660922182,70,76,allocation 3:3 | multiplexing | doubled distance
3:3,True,0.8468609294809456,no TTL,87,34.5,3.0,31.5,0.6722532877812777,0.8527039204387366,63,69,allocation 3:3 | multiplexing | doubled distance
3:3,True,0.8468609294809456,no TTL,91,45.0,2.5,42.5,0.7040594477663723,0.8544178184123947,85,90,allocation 3:3 | multiplexing | doubled distance
3:3,True,0.8468609294809456,no TTL,83,40.5,2.0,38.5,0.7004537121062248,0.8569312455841072,77,81,allocation 3:3 | multiplexing | doubled distance
3:3,True,0.8468609294809456,no TTL,86,39.5,3.5,36.0,0.6897178282008463,0.8548078430201356,72,79,allocation 3:3 | multiplexing | doubled distance
3:3,True,0.8468609294809456,no TTL,82,46.5,4.5,42.0,0.7099810077562104,0.8560772787767683,84,93,allocation 3:3 | multiplexing | doubled distance
3:3,True,0.8468609294809456,no TTL,92,39.0,3.5,35.5,0.6886323287692492,0.8577539016680871,71,78,allocation 3:3 | multiplexing | doubled distance
3:3,True,0.8468609294809456,no TTL,90,47.5,5.0,42.5,0.7087168256187345,0.855370295727705,85,95,allocation 3:3 | multiplexing | doubled distance
3:3,True,0.8468609294809456,no TTL,88,41.5,4.5,37.0,0.706823674098779,0.8532041215506,74,83,allocation 3:3 | multiplexing | doubled distance
3:3,True,0.8468609294809456,no TTL,95,31.5,1.0,30.5,0.67187056057461,0.8560253206175804,61,63,allocation 3:3 | multiplexing | doubled distance
3:3,True,0.8468609294809456,no TTL,94,34.5,2.0,32.5,0.6989531712624751,0.8574804399251852,65,69,allocation 3:3 | multiplexing | doubled distance
3:3,True,0.8468609294809456,no TTL,96,36.0,3.0,33.0,0.6879528204532289,0.854135493608539,66,72,allocation 3:3 | multiplexing | doubled distance
3:3,True,0.8468609294809456,no TTL,99,35.5,1.0,34.5,0.6965687861373514,0.8515282194289173,69,71,allocation 3:3 | multiplexing | doubled distance
3:3,True,0.8468609294809456,no TTL,97,32.5,2.5,30.0,0.6912386943870609,0.8582707964124092,60,65,allocation 3:3 | multiplexing | doubled distance
3:3,True,0.8468609294809456,no TTL,98,42.5,5.0,37.5,0.717067911369209,0.8543824878810469,75,85,allocation 3:3 | multiplexing | doubled distance
3:3,True,0.8468609294809456,model TTL,25,32.5,30.5,2.0,0.8558607914955162,0.8565700072651183,4,65,allocation 3:3 | multiplexing | doubled distance
3:3,True,0.8468609294809456,model TTL,0,24.0,22.5,1.5,0.8557823038918363,0.8564479408030249,3,48,allocation 3:3 | multiplexing | doubled distance
3:3,True,0.8468609294809456,model TTL,1,28.0,26.0,2.0,0.8555638202846191,0.8563781410303022,4,56,allocation 3:3 | multiplexing | doubled distance
3:3,True,0.8468609294809456,model TTL,2,38.0,38.0,0.0,0.8564644793164149,0.8564644793164149,0,76,allocation 3:3 | multiplexing | doubled distance
3:3,True,0.8468609294809456,model TTL,4,27.5,26.0,1.5,0.854375233437225,0.8549261411260056,3,55,allocation 3:3 | multiplexing | doubled distance
3:3,True,0.8468609294809456,model TTL,3,32.5,31.5,1.0,0.8560212679713796,0.8563219462046208,2,65,allocation 3:3 | multiplexing | doubled distance
3:3,True,0.8468609294809456,model TTL,5,32.5,32.0,0.5,0.8559614802304296,0.8561265156287917,1,65,allocation 3:3 | multiplexing | doubled distance
3:3,True,0.8468609294809456,model TTL,7,32.5,31.5,1.0,0.8543652293642385,0.8546653968119053,2,65,allocation 3:3 | multiplexing | doubled distance
3:3,True,0.8468609294809456,model TTL,9,34.5,33.5,1.0,0.8553011576653151,0.855591219063798,2,69,allocation 3:3 | multiplexing | doubled distance
3:3,True,0.8468609294809456,model TTL,11,31.0,27.5,3.5,0.8549917849330446,0.8561781996386282,7,62,allocation 3:3 | multiplexing | doubled distance
3:3,True,0.8468609294809456,model TTL,6,31.5,31.5,0.0,0.855494719963354,0.855494719963354,0,63,allocation 3:3 | multiplexing | doubled distance
3:3,True,0.8468609294809456,model TTL,10,35.5,31.0,4.5,0.8549022533430869,0.8563219120789632,9,71,allocation 3:3 | multiplexing | doubled distance
3:3,True,0.8468609294809456,model TTL,14,30.5,28.5,2.0,0.855271691194218,0.8559638477021844,4,61,allocation 3:3 | multiplexing | doubled distance
3:3,True,0.8468609294809456,model TTL,13,31.5,29.0,2.5,0.8545476991748514,0.8553199271078862,5,63,allocation 3:3 | multiplexing | doubled distance
3:3,True,0.8468609294809456,model TTL,8,33.0,31.0,2.0,0.8553809188521473,0.8560409574223516,4,66,allocation 3:3 | multiplexing | doubled distance
3:3,True,0.8468609294809456,model TTL,12,27.0,26.0,1.0,0.8557670166855141,0.8561884948831778,2,54,allocation 3:3 | multiplexing | doubled distance
3:3,True,0.8468609294809456,model TTL,16,29.0,26.5,2.5,0.8548419082567801,0.8556899483227711,5,58,allocation 3:3 | multiplexing | doubled distance
3:3,True,0.8468609294809456,model TTL,17,23.5,22.0,1.5,0.8550621823018169,0.8557240145866887,3,47,allocation 3:3 | multiplexing | doubled distance
3:3,True,0.8468609294809456,model TTL,15,35.0,30.5,4.5,0.8549659358249502,0.8563622807609668,9,70,allocation 3:3 | multiplexing | doubled distance
3:3,True,0.8468609294809456,model TTL,19,32.5,32.0,0.5,0.8553096974631412,0.8554554536331466,1,65,allocation 3:3 | multiplexing | doubled distance
3:3,True,0.8468609294809456,model TTL,18,36.0,34.5,1.5,0.8546206879433319,0.8550366524333796,3,72,allocation 3:3 | multiplexing | doubled distance
3:3,True,0.8468609294809456,model TTL,20,27.0,25.0,2.0,0.8546736167385515,0.8554160380309305,4,54,allocation 3:3 | multiplexing | doubled distance
3:3,True,0.8468609294809456,model TTL,21,23.5,23.0,0.5,0.8565603817000521,0.8567832419248426,1,47,allocation 3:3 | multiplexing | doubled distance
3:3,True,0.8468609294809456,model TTL,23,28.5,27.0,1.5,0.8552279630617976,0.8557362786786998,3,57,allocation 3:3 | multiplexing | doubled distance
3:3,True,0.8468609294809456,model TTL,22,28.5,28.0,0.5,0.8565786575342837,0.8567582847487588,1,57,allocation 3:3 | multiplexing | doubled distance
3:3,True,0.8468609294809456,model TTL,24,27.5,25.5,2.0,0.8553825164068164,0.8561519211738388,4,55,allocation 3:3 | multiplexing | doubled distance
3:3,True,0.8468609294809456,model TTL,26,31.5,30.5,1.0,0.8543363638401985,0.8546327157375742,2,63,allocation 3:3 | multiplexing | doubled distance
3:3,True,0.8468609294809456,model TTL,27,32.0,30.5,1.5,0.8554050611049525,0.8558956795014558,3,64,allocation 3:3 | multiplexing | doubled distance
3:3,True,0.8468609294809456,model TTL,31,22.5,20.5,2.0,0.8541189441825329,0.8550842145993609,4,45,allocation 3:3 | multiplexing | doubled distance
3:3,True,0.8468609294809456,model TTL,29,29.0,27.5,1.5,0.8560749461162368,0.8566541777552017,3,58,allocation 3:3 | multiplexing | doubled distance
3:3,True,0.8468609294809456,model TTL,28,33.5,32.0,1.5,0.8553889444196671,0.8558902305978293,3,67,allocation 3:3 | multiplexing | doubled distance
3:3,True,0.8468609294809456,model TTL,30,31.0,30.0,1.0,0.8559934798457499,0.8563275236330633,2,62,allocation 3:3 | multiplexing | doubled distance
3:3,True,0.8468609294809456,model TTL,33,31.5,29.5,2.0,0.8558784079041223,0.8565924637051552,4,63,allocation 3:3 | multiplexing | doubled distance
3:3,True,0.8468609294809456,model TTL,32,39.0,36.0,3.0,0.8544554458724921,0.8551894192628164,6,78,allocation 3:3 | multiplexing | doubled distance
3:3,True,0.8468609294809456,model TTL,34,30.0,28.5,1.5,0.8550588544099099,0.8555339136558501,3,60,allocation 3:3 | multiplexing | doubled distance
3:3,True,0.8468609294809456,model TTL,36,33.0,31.5,1.5,0.8554948392641483,0.8559790514658594,3,66,allocation 3:3 | multiplexing | doubled distance
3:3,True,0.8468609294809456,model TTL,38,33.5,32.0,1.5,0.8550370592674832,0.8554527358022894,3,67,allocation 3:3 | multiplexing | doubled distance
3:3,True,0.8468609294809456,model TTL,35,30.5,29.0,1.5,0.8553199705487644,0.8558110934384839,3,61,allocation 3:3 | multiplexing | doubled distance
3:3,True,0.8468609294809456,model TTL,39,31.0,29.0,2.0,0.8552874321803393,0.8559862027134307,4,62,allocation 3:3 | multiplexing | doubled distance
3:3,True,0.8468609294809456,model TTL,37,33.0,30.0,3.0,0.8553443828635418,0.8563440568280184,6,66,allocation 3:3 | multiplexing | doubled distance
3:3,True,0.8468609294809456,model TTL,40,35.0,32.0,3.0,0.8550737187615234,0.8561627908795723,6,70,allocation 3:3 | multiplexing | doubled distance
3:3,True,0.8468609294809456,model TTL,43,27.5,24.0,3.5,0.8545427252933419,0.8558167296876844,7,55,allocation 3:3 | multiplexing | doubled distance
3:3,True,0.8468609294809456,model TTL,41,33.0,32.5,0.5,0.8550144752905481,0.8551701609259716,1,66,allocation 3:3 | multiplexing | doubled distance
3:3,True,0.8468609294809456,model TTL,46,29.5,28.0,1.5,0.8553778170942965,0.8559899228846444,3,59,allocation 3:3 | multiplexing | doubled distance
3:3,True,0.8468609294809456,model TTL,44,24.0,23.5,0.5,0.8563771559586577,0.856600312518885,1,48,allocation 3:3 | multiplexing | doubled distance
3:3,True,0.8468609294809456,model TTL,42,38.0,38.0,0.0,0.8557269189504384,0.8557269189504384,0,76,allocation 3:3 | multiplexing | doubled distance
3:3,True,0.8468609294809456,model TTL,47,27.0,25.0,2.0,0.8554444902712055,0.856284654300112,4,54,allocation 3:3 | multiplexing | doubled distance
3:3,True,0.8468609294809456,model TTL,45,37.0,34.0,3.0,0.8550295071506705,0.855878836979837,6,74,allocation 3:3 | multiplexing | doubled distance
3:3,True,0.8468609294809456,model TTL,49,28.5,26.0,2.5,0.8543211500717116,0.8551712014117796,5,57,allocation 3:3 | multiplexing | doubled distance
3:3,True,0.8468609294809456,model TTL,48,34.0,30.0,4.0,0.85485035726394,0.8561098036247716,8,68,allocation 3:3 | multiplexing | doubled distance
3:3,True,0.8468609294809456,model TTL,50,27.5,26.5,1.0,0.8559355744721526,0.8563143522669269,2,55,allocation 3:3 | multiplexing | doubled distance
3:3,True,0.8468609294809456,model TTL,51,33.5,31.5,2.0,0.8557665554804441,0.8563808884195424,4,67,allocation 3:3 | multiplexing | doubled distance
3:3,True,0.8468609294809456,model TTL,53,30.5,29.5,1.0,0.8554213951803877,0.8557743144136123,2,61,allocation 3:3 | multiplexing | doubled distance
3:3,True,0.8468609294809456,model TTL,52,31.5,29.5,2.0,0.8547002089615404,0.8553145322415129,4,63,allocation 3:3 | multiplexing | doubled distance
3:3,True,0.8468609294809456,model TTL,59,35.0,32.5,2.5,0.8556782252819497,0.8564338722094026,5,70,allocation 3:3 | multiplexing | doubled distance
3:3,True,0.8468609294809456,model TTL,54,38.0,37.0,1.0,0.8567342563067954,0.8570470796133057,2,76,allocation 3:3 | multiplexing | doubled distance
3:3,True,0.8468609294809456,model TTL,55,32.0,29.5,2.5,0.854471696649576,0.8553002884827932,5,64,allocation 3:3 | multiplexing | doubled distance
3:3,True,0.8468609294809456,model TTL,56,27.0,25.5,1.5,0.8543586567110333,0.8549164487417538,3,54,allocation 3:3 | multiplexing | doubled distance
3:3,True,0.8468609294809456,model TTL,57,36.5,34.0,2.5,0.8555882541941301,0.8562891317340765,5,73,allocation 3:3 | multiplexing | doubled distance
3:3,True,0.8468609294809456,model TTL,58,29.0,26.5,2.5,0.8565833448198983,0.857657830830339,5,58,allocation 3:3 | multiplexing | doubled distance
3:3,True,0.8468609294809456,model TTL,60,27.0,25.5,1.5,0.8545977436329436,0.855184968770496,3,54,allocation 3:3 | multiplexing | doubled distance
3:3,True,0.8468609294809456,model TTL,61,33.0,28.0,5.0,0.8542239510933526,0.8557430249325202,10,66,allocation 3:3 | multiplexing | doubled distance
3:3,True,0.8468609294809456,model TTL,62,31.5,29.0,2.5,0.8548615108505573,0.8556853186416881,5,63,allocation 3:3 | multiplexing | doubled distance
3:3,True,0.8468609294809456,model TTL,85,29.0,25.5,3.5,0.8546240942136837,0.8559094000002858,7,58,allocation 3:3 | multiplexing | doubled distance
3:3,True,0.8468609294809456,model TTL,63,34.5,33.0,1.5,0.8564316454939676,0.8569405616745965,3,69,allocation 3:3 | multiplexing | doubled distance
3:3,True,0.8468609294809456,model TTL,66,29.0,27.5,1.5,0.8559729405103352,0.8565456044684179,3,58,allocation 3:3 | multiplexing | doubled distance
3:3,True,0.8468609294809456,model TTL,64,33.0,29.0,4.0,0.85420578629571,0.8553973944862294,8,66,allocation 3:3 | multiplexing | doubled distance
3:3,True,0.8468609294809456,model TTL,67,34.5,32.5,2.0,0.8547838429228548,0.8553509073844642,4,69,allocation 3:3 | multiplexing | doubled distance
3:3,True,0.8468609294809456,model TTL,65,22.5,22.0,0.5,0.8564138235119313,0.8566511348004523,1,45,allocation 3:3 | multiplexing | doubled distance
3:3,True,0.8468609294809456,model TTL,68,34.0,33.5,0.5,0.8557001601183006,0.8558623773066827,1,68,allocation 3:3 | multiplexing | doubled distance
3:3,True,0.8468609294809456,model TTL,69,26.0,25.5,0.5,0.8566526711820512,0.8568854308604321,1,52,allocation 3:3 | multiplexing | doubled distance
3:3,True,0.8468609294809456,model TTL,71,34.0,33.0,1.0,0.8554656013717062,0.8557539661365438,2,68,allocation 3:3 | multiplexing | doubled distance
3:3,True,0.8468609294809456,model TTL,70,31.0,29.5,1.5,0.8553877858774689,0.8559138338296236,3,62,allocation 3:3 | multiplexing | doubled distance
3:3,True,0.8468609294809456,model TTL,72,33.5,31.0,2.5,0.8551990259935309,0.8560070208829456,5,67,allocation 3:3 | multiplexing | doubled distance
3:3,True,0.8468609294809456,model TTL,75,24.5,22.5,2.0,0.854746667303903,0.8555554455369706,4,49,allocation 3:3 | multiplexing | doubled distance
3:3,True,0.8468609294809456,model TTL,73,30.0,28.0,2.0,0.8550300199104066,0.8557234158496866,4,60,allocation 3:3 | multiplexing | doubled distance
3:3,True,0.8468609294809456,model TTL,74,27.0,27.0,0.0,0.8566469128926955,0.8566469128926955,0,54,allocation 3:3 | multiplexing | doubled distance
3:3,True,0.8468609294809456,model TTL,79,27.5,26.5,1.0,0.8561920813880677,0.8566214759505545,2,55,allocation 3:3 | multiplexing | doubled distance
3:3,True,0.8468609294809456,model TTL,77,34.0,31.0,3.0,0.8546193777438338,0.8555210144130869,6,68,allocation 3:3 | multiplexing | doubled distance
3:3,True,0.8468609294809456,model TTL,76,30.0,29.0,1.0,0.8556806248794108,0.856073650765619,2,60,allocation 3:3 | multiplexing | doubled distance
3:3,True,0.8468609294809456,model TTL,78,29.5,22.5,7.0,0.8536071218387904,0.8561852318806271,14,59,allocation 3:3 | multiplexing | doubled distance
3:3,True,0.8468609294809456,model TTL,81,28.0,26.0,2.0,0.8556196143007332,0.8564785091047017,4,56,allocation 3:3 | multiplexing | doubled distance
3:3,True,0.8468609294809456,model TTL,83,29.0,28.0,1.0,0.8558210620595834,0.8561826071129236,2,58,allocation 3:3 | multiplexing | doubled distance
3:3,True,0.8468609294809456,model TTL,80,31.0,29.0,2.0,0.8547276470208355,0.8553953541741375,4,62,allocation 3:3 | multiplexing | doubled distance
3:3,True,0.8468609294809456,model TTL,82,30.0,28.5,1.5,0.8557343641688743,0.8562827677754944,3,60,allocation 3:3 | multiplexing | doubled distance
3:3,True,0.8468609294809456,model TTL,84,32.0,31.5,0.5,0.8555803453365551,0.8558473634663041,1,64,allocation 3:3 | multiplexing | doubled distance
3:3,True,0.8468609294809456,model TTL,86,36.0,33.5,2.5,0.8549479445222018,0.8556804426285404,5,72,allocation 3:3 | multiplexing | doubled distance
3:3,True,0.8468609294809456,model TTL,87,30.0,28.0,2.0,0.8561303362063872,0.856930101444931,4,60,allocation 3:3 | multiplexing | doubled distance
3:3,True,0.8468609294809456,model TTL,88,27.5,26.5,1.0,0.856329243525721,0.8567693754958932,2,55,allocation 3:3 | multiplexing | doubled distance
3:3,True,0.8468609294809456,model TTL,89,32.5,29.0,3.5,0.8541818574022921,0.8552031136627519,7,65,allocation 3:3 | multiplexing | doubled distance
3:3,True,0.8468609294809456,model TTL,91,29.5,28.0,1.5,0.8545114740431982,0.8549894572140653,3,59,allocation 3:3 | multiplexing | doubled distance
3:3,True,0.8468609294809456,model TTL,90,43.0,41.5,1.5,0.855576124753516,0.8559557523190784,3,86,allocation 3:3 | multiplexing | doubled distance
3:3,True,0.8468609294809456,model TTL,92,33.5,29.0,4.5,0.8544990589850181,0.8560027769480923,9,67,allocation 3:3 | multiplexing | doubled distance
3:3,True,0.8468609294809456,model TTL,93,28.5,27.0,1.5,0.8552244791527357,0.8557470231017307,3,57,allocation 3:3 | multiplexing | doubled distance
3:3,True,0.8468609294809456,model TTL,94,30.0,28.5,1.5,0.8548331470220484,0.8553805731992618,3,60,allocation 3:3 | multiplexing | doubled distance
3:3,True,0.8468609294809456,model TTL,96,33.0,30.0,3.0,0.8542848557439733,0.855216359726424,6,66,allocation 3:3 | multiplexing | doubled distance
3:3,True,0.8468609294809456,model TTL,99,30.5,29.0,1.5,0.8553713595051681,0.8559127627378371,3,61,allocation 3:3 | multiplexing | doubled distance
3:3,True,0.8468609294809456,model TTL,95,30.5,29.0,1.5,0.8558271239778009,0.8563587604608165,3,61,allocation 3:3 | multiplexing | doubled distance
3:3,True,0.8468609294809456,model TTL,97,30.5,30.0,0.5,0.8556514419042187,0.8558277090626742,1,61,allocation 3:3 | multiplexing | doubled distance
3:3,True,0.8468609294809456,model TTL,98,34.5,31.5,3.0,0.8556001912919013,0.8566050161717922,6,69,allocation 3:3 | multiplexing | doubled distance
3:3,True,0.8791479059745941,no TTL,30,30.0,0.0,30.0,0.6887869020800755,,60,60,allocation 3:3 | multiplexing | doubled distance
3:3,True,0.8791479059745941,no TTL,20,35.5,0.0,35.5,0.7024356939606701,,71,71,allocation 3:3 | multiplexing | doubled distance
3:3,True,0.8791479059745941,no TTL,13,36.5,0.0,36.5,0.6887832037001153,,73,73,allocation 3:3 | multiplexing | doubled distance
3:3,True,0.8791479059745941,no TTL,24,33.0,0.0,33.0,0.6683625922442958,,66,66,allocation 3:3 | multiplexing | doubled distance
3:3,True,0.8791479059745941,no TTL,7,32.5,0.0,32.5,0.6737644916865372,,65,65,allocation 3:3 | multiplexing | doubled distance
3:3,True,0.8791479059745941,no TTL,6,34.0,0.0,34.0,0.6782748643929993,,68,68,allocation 3:3 | multiplexing | doubled distance
3:3,True,0.8791479059745941,no TTL,16,31.5,0.0,31.5,0.6948986163644213,,63,63,allocation 3:3 | multiplexing | doubled distance
3:3,True,0.8791479059745941,no TTL,3,39.5,0.0,39.5,0.6688793500358775,,79,79,allocation 3:3 | multiplexing | doubled distance
3:3,True,0.8791479059745941,no TTL,9,47.5,0.0,47.5,0.6804260053117842,,95,95,allocation 3:3 | multiplexing | doubled distance
3:3,True,0.8791479059745941,no TTL,4,40.0,0.0,40.0,0.6757302491622772,,80,80,allocation 3:3 | multiplexing | doubled distance
3:3,True,0.8791479059745941,no TTL,26,44.0,0.0,44.0,0.6889266554655539,,88,88,allocation 3:3 | multiplexing | doubled distance
3:3,True,0.8791479059745941,no TTL,17,35.5,0.0,35.5,0.678091357821887,,71,71,allocation 3:3 | multiplexing | doubled distance
3:3,True,0.8791479059745941,no TTL,2,38.0,0.0,38.0,0.6982073285777899,,76,76,allocation 3:3 | multiplexing | doubled distance
3:3,True,0.8791479059745941,no TTL,23,39.0,0.0,39.0,0.6852928708945029,,78,78,allocation 3:3 | multiplexing | doubled distance
3:3,True,0.8791479059745941,no TTL,14,42.5,0.0,42.5,0.6969797769623016,,85,85,allocation 3:3 | multiplexing | doubled distance
3:3,True,0.8791479059745941,no TTL,5,37.5,0.0,37.5,0.6944517128990289,,75,75,allocation 3:3 | multiplexing | doubled distance
3:3,True,0.8791479059745941,no TTL,0,35.0,0.0,35.0,0.6741618360623228,,70,70,allocation 3:3 | multiplexing | doubled distance
3:3,True,0.8791479059745941,no TTL,19,40.5,0.0,40.5,0.681177483517975,,81,81,allocation 3:3 | multiplexing | doubled distance
3:3,True,0.8791479059745941,no TTL,8,40.5,0.0,40.5,0.685029969647598,,81,81,allocation 3:3 | multiplexing | doubled distance
3:3,True,0.8791479059745941,no TTL,10,50.5,0.0,50.5,0.6907782919699832,,101,101,allocation 3:3 | multiplexing | doubled distance
3:3,True,0.8791479059745941,no TTL,11,38.0,0.0,38.0,0.7126190157849048,,76,76,allocation 3:3 | multiplexing | doubled distance
3:3,True,0.8791479059745941,no TTL,12,43.5,0.0,43.5,0.7060410138096239,,87,87,allocation 3:3 | multiplexing | doubled distance
3:3,True,0.8791479059745941,no TTL,28,38.5,0.0,38.5,0.6935398889246959,,77,77,allocation 3:3 | multiplexing | doubled distance
3:3,True,0.8791479059745941,no TTL,25,37.0,0.0,37.0,0.7112718571669998,,74,74,allocation 3:3 | multiplexing | doubled distance
3:3,True,0.8791479059745941,no TTL,18,37.0,0.0,37.0,0.7020686040889189,,74,74,allocation 3:3 | multiplexing | doubled distance
3:3,True,0.8791479059745941,no TTL,22,42.0,0.0,42.0,0.6963747819170337,,84,84,allocation 3:3 | multiplexing | doubled distance
3:3,True,0.8791479059745941,no TTL,29,38.0,0.0,38.0,0.7039155469189255,,76,76,allocation 3:3 | multiplexing | doubled distance
3:3,True,0.8791479059745941,no TTL,21,40.5,0.0,40.5,0.7006898702393214,,81,81,allocation 3:3 | multiplexing | doubled distance
3:3,True,0.8791479059745941,no TTL,1,49.0,0.0,49.0,0.7294484300145779,,98,98,allocation 3:3 | multiplexing | doubled distance
3:3,True,0.8791479059745941,no TTL,27,36.5,0.0,36.5,0.6893001767093266,,73,73,allocation 3:3 | multiplexing | doubled distance
3:3,True,0.8791479059745941,no TTL,15,44.5,0.0,44.5,0.7145882222652569,,89,89,allocation 3:3 | multiplexing | doubled distance
3:3,True,0.8791479059745941,no TTL,31,41.5,0.0,41.5,0.6944665490776717,,83,83,allocation 3:3 | multiplexing | doubled distance
3:3,True,0.8791479059745941,no TTL,35,37.0,0.0,37.0,0.6803734533628338,,74,74,allocation 3:3 | multiplexing | doubled distance
3:3,True,0.8791479059745941,no TTL,36,38.5,0.0,38.5,0.7097297354604662,,77,77,allocation 3:3 | multiplexing | doubled distance
3:3,True,0.8791479059745941,no TTL,51,44.5,0.0,44.5,0.7089808827474063,,89,89,allocation 3:3 | multiplexing | doubled distance
3:3,True,0.8791479059745941,no TTL,32,38.5,0.0,38.5,0.6977319903678324,,77,77,allocation 3:3 | multiplexing | doubled distance
3:3,True,0.8791479059745941,no TTL,42,41.0,0.0,41.0,0.6952131857654948,,82,82,allocation 3:3 | multiplexing | doubled distance
3:3,True,0.8791479059745941,no TTL,38,33.0,0.0,33.0,0.6738069903376088,,66,66,allocation 3:3 | multiplexing | doubled distance
3:3,True,0.8791479059745941,no TTL,37,41.5,0.0,41.5,0.6970664312807019,,83,83,allocation 3:3 | multiplexing | doubled distance
3:3,True,0.8791479059745941,no TTL,40,35.5,0.0,35.5,0.6613824856749587,,71,71,allocation 3:3 | multiplexing | doubled distance
3:3,True,0.8791479059745941,no TTL,46,36.5,0.0,36.5,0.6864940170147901,,73,73,allocation 3:3 | multiplexing | doubled distance
3:3,True,0.8791479059745941,no TTL,47,30.5,0.0,30.5,0.6965561266568071,,61,61,allocation 3:3 | multiplexing | doubled distance
3:3,True,0.8791479059745941,no TTL,39,40.0,0.0,40.0,0.6969520403615602,,80,80,allocation 3:3 | multiplexing | doubled distance
3:3,True,0.8791479059745941,no TTL,33,47.0,0.0,47.0,0.707937978073068,,94,94,allocation 3:3 | multiplexing | doubled distance
3:3,True,0.8791479059745941,no TTL,48,36.0,0.0,36.0,0.6882811696271351,,72,72,allocation 3:3 | multiplexing | doubled distance
3:3,True,0.8791479059745941,no TTL,45,31.0,0.0,31.0,0.6736285548938462,,62,62,allocation 3:3 | multiplexing | doubled distance
3:3,True,0.8791479059745941,no TTL,34,47.0,0.0,47.0,0.6962867842147559,,94,94,allocation 3:3 | multiplexing | doubled distance
3:3,True,0.8791479059745941,no TTL,53,35.0,0.0,35.0,0.6999561871334457,,70,70,allocation 3:3 | multiplexing | doubled distance
3:3,True,0.8791479059745941,no TTL,43,50.0,0.0,50.0,0.6888848892033786,,100,100,allocation 3:3 | multiplexing | doubled distance
3:3,True,0.8791479059745941,no TTL,54,37.5,0.0,37.5,0.6816804271421666,,75,75,allocation 3:3 | multiplexing | doubled distance
3:3,True,0.8791479059745941,no TTL,52,35.0,0.0,35.0,0.6778862537448125,,70,70,allocation 3:3 | multiplexing | doubled distance
3:3,True,0.8791479059745941,no TTL,55,35.5,0.0,35.5,0.7002799923996381,,71,71,allocation 3:3 | multiplexing | doubled distance
3:3,True,0.8791479059745941,no TTL,59,34.5,0.0,34.5,0.6771075571283229,,69,69,allocation 3:3 | multiplexing | doubled distance
3:3,True,0.8791479059745941,no TTL,44,42.5,0.0,42.5,0.710188530289941,,85,85,allocation 3:3 | multiplexing | doubled distance
3:3,True,0.8791479059745941,no TTL,50,38.0,0.0,38.0,0.6843409198591883,,76,76,allocation 3:3 | multiplexing | doubled distance
3:3,True,0.8791479059745941,no TTL,58,36.5,0.0,36.5,0.6931028507759945,,73,73,allocation 3:3 | multiplexing | doubled distance
3:3,True,0.8791479059745941,no TTL,41,43.5,0.0,43.5,0.7150235247860526,,87,87,allocation 3:3 | multiplexing | doubled distance
3:3,True,0.8791479059745941,no TTL,49,45.0,0.0,45.0,0.7089147419958981,,90,90,allocation 3:3 | multiplexing | doubled distance
3:3,True,0.8791479059745941,no TTL,57,40.5,0.0,40.5,0.6959017615230528,,81,81,allocation 3:3 | multiplexing | doubled distance
3:3,True,0.8791479059745941,no TTL,56,41.0,0.0,41.0,0.7004672889201232,,82,82,allocation 3:3 | multiplexing | doubled distance
3:3,True,0.8791479059745941,no TTL,60,32.5,0.0,32.5,0.681250114863779,,65,65,allocation 3:3 | multiplexing | doubled distance
3:3,True,0.8791479059745941,no TTL,61,35.0,0.0,35.0,0.6858604193320319,,70,70,allocation 3:3 | multiplexing | doubled distance
3:3,True,0.8791479059745941,no TTL,63,38.5,0.0,38.5,0.6627110246155745,,77,77,allocation 3:3 | multiplexing | doubled distance
3:3,True,0.8791479059745941,no TTL,62,33.5,0.0,33.5,0.6888225692440735,,67,67,allocation 3:3 | multiplexing | doubled distance
3:3,True,0.8791479059745941,no TTL,64,39.5,0.0,39.5,0.6991326026596233,,79,79,allocation 3:3 | multiplexing | doubled distance
3:3,True,0.8791479059745941,no TTL,65,40.5,0.0,40.5,0.674636389881962,,81,81,allocation 3:3 | multiplexing | doubled distance
3:3,True,0.8791479059745941,no TTL,66,43.0,0.0,43.0,0.6845809080230372,,86,86,allocation 3:3 | multiplexing | doubled distance
3:3,True,0.8791479059745941,no TTL,68,34.5,0.0,34.5,0.7123659908872453,,69,69,allocation 3:3 | multiplexing | doubled distance
3:3,True,0.8791479059745941,no TTL,74,36.5,0.0,36.5,0.6786520024689889,,73,73,allocation 3:3 | multiplexing | doubled distance
3:3,True,0.8791479059745941,no TTL,81,34.0,0.0,34.0,0.6544310157361904,,68,68,allocation 3:3 | multiplexing | doubled distance
3:3,True,0.8791479059745941,no TTL,76,38.5,0.0,38.5,0.6771187646156624,,77,77,allocation 3:3 | multiplexing | doubled distance
3:3,True,0.8791479059745941,no TTL,69,42.0,0.0,42.0,0.7135450728278596,,84,84,allocation 3:3 | multiplexing | doubled distance
3:3,True,0.8791479059745941,no TTL,72,41.0,0.0,41.0,0.7002184755326935,,82,82,allocation 3:3 | multiplexing | doubled distance
3:3,True,0.8791479059745941,no TTL,80,33.5,0.0,33.5,0.6697661512649574,,67,67,allocation 3:3 | multiplexing | doubled distance
3:3,True,0.8791479059745941,no TTL,86,39.5,0.0,39.5,0.6897178282008463,,79,79,allocation 3:3 | multiplexing | doubled distance
3:3,True,0.8791479059745941,no TTL,67,39.5,0.0,39.5,0.6884215320823046,,79,79,allocation 3:3 | multiplexing | doubled distance
3:3,True,0.8791479059745941,no TTL,79,39.5,0.0,39.5,0.68867405410791,,79,79,allocation 3:3 | multiplexing | doubled distance
3:3,True,0.8791479059745941,no TTL,70,39.5,0.0,39.5,0.7137003871933706,,79,79,allocation 3:3 | multiplexing | doubled distance
3:3,True,0.8791479059745941,no TTL,77,34.0,0.0,34.0,0.6886713612438174,,68,68,allocation 3:3 | multiplexing | doubled distance
3:3,True,0.8791479059745941,no TTL,78,30.5,0.0,30.5,0.6681542717524013,,61,61,allocation 3:3 | multiplexing | doubled distance
3:3,True,0.8791479059745941,no TTL,71,38.0,0.0,38.0,0.6894960904290607,,76,76,allocation 3:3 | multiplexing | doubled distance
3:3,True,0.8791479059745941,no TTL,75,38.0,0.0,38.0,0.6871941503581876,,76,76,allocation 3:3 | multiplexing | doubled distance
3:3,True,0.8791479059745941,no TTL,84,42.0,0.0,42.0,0.7023451508818342,,84,84,allocation 3:3 | multiplexing | doubled distance
3:3,True,0.8791479059745941,no TTL,73,46.0,0.0,46.0,0.6943053581542603,,92,92,allocation 3:3 | multiplexing | doubled distance
3:3,True,0.8791479059745941,no TTL,85,41.0,0.0,41.0,0.6810369141592022,,82,82,allocation 3:3 | multiplexing | doubled distance
3:3,True,0.8791479059745941,no TTL,87,34.5,0.0,34.5,0.6722532877812777,,69,69,allocation 3:3 | multiplexing | doubled distance
3:3,True,0.8791479059745941,no TTL,89,38.0,0.0,38.0,0.6922739198889766,,76,76,allocation 3:3 | multiplexing | doubled distance
3:3,True,0.8791479059745941,no TTL,83,40.5,0.0,40.5,0.7004537121062248,,81,81,allocation 3:3 | multiplexing | doubled distance
3:3,True,0.8791479059745941,no TTL,82,46.5,0.0,46.5,0.7099810077562104,,93,93,allocation 3:3 | multiplexing | doubled distance
3:3,True,0.8791479059745941,no TTL,88,41.5,0.0,41.5,0.706823674098779,,83,83,allocation 3:3 | multiplexing | doubled distance
3:3,True,0.8791479059745941,no TTL,90,47.5,0.0,47.5,0.7087168256187345,,95,95,allocation 3:3 | multiplexing | doubled distance
3:3,True,0.8791479059745941,no TTL,91,45.0,0.0,45.0,0.7040594477663723,,90,90,allocation 3:3 | multiplexing | doubled distance
3:3,True,0.8791479059745941,no TTL,92,39.0,0.0,39.0,0.6886323287692492,,78,78,allocation 3:3 | multiplexing | doubled distance
3:3,True,0.8791479059745941,no TTL,93,42.5,0.0,42.5,0.7051304479179867,,85,85,allocation 3:3 | multiplexing | doubled distance
3:3,True,0.8791479059745941,no TTL,94,34.5,0.0,34.5,0.6989531712624751,,69,69,allocation 3:3 | multiplexing | doubled distance
3:3,True,0.8791479059745941,no TTL,96,36.0,0.0,36.0,0.6879528204532289,,72,72,allocation 3:3 | multiplexing | doubled distance
3:3,True,0.8791479059745941,no TTL,95,31.5,0.0,31.5,0.67187056057461,,63,63,allocation 3:3 | multiplexing | doubled distance
3:3,True,0.8791479059745941,no TTL,97,32.5,0.0,32.5,0.6912386943870609,,65,65,allocation 3:3 | multiplexing | doubled distance
3:3,True,0.8791479059745941,no TTL,99,35.5,0.0,35.5,0.6965687861373514,,71,71,allocation 3:3 | multiplexing | doubled distance
3:3,True,0.8791479059745941,no TTL,98,42.5,0.0,42.5,0.717067911369209,,85,85,allocation 3:3 | multiplexing | doubled distance
3:3,True,0.8791479059745941,model TTL,5,0.0,0.0,0.0,,,0,0,allocation 3:3 | multiplexing | doubled distance
3:3,True,0.8791479059745941,model TTL,3,0.0,0.0,0.0,,,0,0,allocation 3:3 | multiplexing | doubled distance
3:3,True,0.8791479059745941,model TTL,0,0.0,0.0,0.0,,,0,0,allocation 3:3 | multiplexing | doubled distance
3:3,True,0.8791479059745941,model TTL,4,0.0,0.0,0.0,,,0,0,allocation 3:3 | multiplexing | doubled distance
3:3,True,0.8791479059745941,model TTL,6,0.0,0.0,0.0,,,0,0,allocation 3:3 | multiplexing | doubled distance
3:3,True,0.8791479059745941,model TTL,1,0.0,0.0,0.0,,,0,0,allocation 3:3 | multiplexing | doubled distance
3:3,True,0.8791479059745941,model TTL,2,0.0,0.0,0.0,,,0,0,allocation 3:3 | multiplexing | doubled distance
3:3,True,0.8791479059745941,model TTL,7,0.0,0.0,0.0,,,0,0,allocation 3:3 | multiplexing | doubled distance
3:3,True,0.8791479059745941,model TTL,9,0.0,0.0,0.0,,,0,0,allocation 3:3 | multiplexing | doubled distance
3:3,True,0.8791479059745941,model TTL,10,0.0,0.0,0.0,,,0,0,allocation 3:3 | multiplexing | doubled distance
3:3,True,0.8791479059745941,model TTL,8,0.0,0.0,0.0,,,0,0,allocation 3:3 | multiplexing | doubled distance
3:3,True,0.8791479059745941,model TTL,12,0.0,0.0,0.0,,,0,0,allocation 3:3 | multiplexing | doubled distance
3:3,True,0.8791479059745941,model TTL,13,0.0,0.0,0.0,,,0,0,allocation 3:3 | multiplexing | doubled distance
3:3,True,0.8791479059745941,model TTL,11,0.0,0.0,0.0,,,0,0,allocation 3:3 | multiplexing | doubled distance
3:3,True,0.8791479059745941,model TTL,16,0.0,0.0,0.0,,,0,0,allocation 3:3 | multiplexing | doubled distance
3:3,True,0.8791479059745941,model TTL,17,0.0,0.0,0.0,,,0,0,allocation 3:3 | multiplexing | doubled distance
3:3,True,0.8791479059745941,model TTL,14,0.0,0.0,0.0,,,0,0,allocation 3:3 | multiplexing | doubled distance
3:3,True,0.8791479059745941,model TTL,15,0.0,0.0,0.0,,,0,0,allocation 3:3 | multiplexing | doubled distance
3:3,True,0.8791479059745941,model TTL,19,0.0,0.0,0.0,,,0,0,allocation 3:3 | multiplexing | doubled distance
3:3,True,0.8791479059745941,model TTL,18,0.0,0.0,0.0,,,0,0,allocation 3:3 | multiplexing | doubled distance
3:3,True,0.8791479059745941,model TTL,20,0.0,0.0,0.0,,,0,0,allocation 3:3 | multiplexing | doubled distance
3:3,True,0.8791479059745941,model TTL,21,0.0,0.0,0.0,,,0,0,allocation 3:3 | multiplexing | doubled distance
3:3,True,0.8791479059745941,model TTL,22,0.0,0.0,0.0,,,0,0,allocation 3:3 | multiplexing | doubled distance
3:3,True,0.8791479059745941,model TTL,24,0.0,0.0,0.0,,,0,0,allocation 3:3 | multiplexing | doubled distance
3:3,True,0.8791479059745941,model TTL,23,0.0,0.0,0.0,,,0,0,allocation 3:3 | multiplexing | doubled distance
3:3,True,0.8791479059745941,model TTL,25,0.0,0.0,0.0,,,0,0,allocation 3:3 | multiplexing | doubled distance
3:3,True,0.8791479059745941,model TTL,26,0.0,0.0,0.0,,,0,0,allocation 3:3 | multiplexing | doubled distance
3:3,True,0.8791479059745941,model TTL,27,0.0,0.0,0.0,,,0,0,allocation 3:3 | multiplexing | doubled distance
3:3,True,0.8791479059745941,model TTL,28,0.0,0.0,0.0,,,0,0,allocation 3:3 | multiplexing | doubled distance
3:3,True,0.8791479059745941,model TTL,29,0.0,0.0,0.0,,,0,0,allocation 3:3 | multiplexing | doubled distance
3:3,True,0.8791479059745941,model TTL,30,0.0,0.0,0.0,,,0,0,allocation 3:3 | multiplexing | doubled distance
3:3,True,0.8791479059745941,model TTL,31,0.0,0.0,0.0,,,0,0,allocation 3:3 | multiplexing | doubled distance
3:3,True,0.8791479059745941,model TTL,41,0.0,0.0,0.0,,,0,0,allocation 3:3 | multiplexing | doubled distance
3:3,True,0.8791479059745941,model TTL,33,0.0,0.0,0.0,,,0,0,allocation 3:3 | multiplexing | doubled distance
3:3,True,0.8791479059745941,model TTL,32,0.0,0.0,0.0,,,0,0,allocation 3:3 | multiplexing | doubled distance
3:3,True,0.8791479059745941,model TTL,35,0.0,0.0,0.0,,,0,0,allocation 3:3 | multiplexing | doubled distance
3:3,True,0.8791479059745941,model TTL,34,0.0,0.0,0.0,,,0,0,allocation 3:3 | multiplexing | doubled distance
3:3,True,0.8791479059745941,model TTL,37,0.0,0.0,0.0,,,0,0,allocation 3:3 | multiplexing | doubled distance
3:3,True,0.8791479059745941,model TTL,36,0.0,0.0,0.0,,,0,0,allocation 3:3 | multiplexing | doubled distance
3:3,True,0.8791479059745941,model TTL,44,0.0,0.0,0.0,,,0,0,allocation 3:3 | multiplexing | doubled distance
3:3,True,0.8791479059745941,model TTL,40,0.0,0.0,0.0,,,0,0,allocation 3:3 | multiplexing | doubled distance
3:3,True,0.8791479059745941,model TTL,39,0.0,0.0,0.0,,,0,0,allocation 3:3 | multiplexing | doubled distance
3:3,True,0.8791479059745941,model TTL,42,0.0,0.0,0.0,,,0,0,allocation 3:3 | multiplexing | doubled distance
3:3,True,0.8791479059745941,model TTL,43,0.0,0.0,0.0,,,0,0,allocation 3:3 | multiplexing | doubled distance
3:3,True,0.8791479059745941,model TTL,46,0.0,0.0,0.0,,,0,0,allocation 3:3 | multiplexing | doubled distance
3:3,True,0.8791479059745941,model TTL,47,0.0,0.0,0.0,,,0,0,allocation 3:3 | multiplexing | doubled distance
3:3,True,0.8791479059745941,model TTL,45,0.0,0.0,0.0,,,0,0,allocation 3:3 | multiplexing | doubled distance
3:3,True,0.8791479059745941,model TTL,38,0.0,0.0,0.0,,,0,0,allocation 3:3 | multiplexing | doubled distance
3:3,True,0.8791479059745941,model TTL,48,0.0,0.0,0.0,,,0,0,allocation 3:3 | multiplexing | doubled distance
3:3,True,0.8791479059745941,model TTL,49,0.0,0.0,0.0,,,0,0,allocation 3:3 | multiplexing | doubled distance
3:3,True,0.8791479059745941,model TTL,50,0.0,0.0,0.0,,,0,0,allocation 3:3 | multiplexing | doubled distance
3:3,True,0.8791479059745941,model TTL,51,0.0,0.0,0.0,,,0,0,allocation 3:3 | multiplexing | doubled distance
3:3,True,0.8791479059745941,model TTL,54,0.0,0.0,0.0,,,0,0,allocation 3:3 | multiplexing | doubled distance
3:3,True,0.8791479059745941,model TTL,52,0.0,0.0,0.0,,,0,0,allocation 3:3 | multiplexing | doubled distance
3:3,True,0.8791479059745941,model TTL,53,0.0,0.0,0.0,,,0,0,allocation 3:3 | multiplexing | doubled distance
3:3,True,0.8791479059745941,model TTL,55,0.0,0.0,0.0,,,0,0,allocation 3:3 | multiplexing | doubled distance
3:3,True,0.8791479059745941,model TTL,56,0.0,0.0,0.0,,,0,0,allocation 3:3 | multiplexing | doubled distance
3:3,True,0.8791479059745941,model TTL,58,0.0,0.0,0.0,,,0,0,allocation 3:3 | multiplexing | doubled distance
3:3,True,0.8791479059745941,model TTL,57,0.0,0.0,0.0,,,0,0,allocation 3:3 | multiplexing | doubled distance
3:3,True,0.8791479059745941,model TTL,59,0.0,0.0,0.0,,,0,0,allocation 3:3 | multiplexing | doubled distance
3:3,True,0.8791479059745941,model TTL,60,0.0,0.0,0.0,,,0,0,allocation 3:3 | multiplexing | doubled distance
3:3,True,0.8791479059745941,model TTL,61,0.0,0.0,0.0,,,0,0,allocation 3:3 | multiplexing | doubled distance
3:3,True,0.8791479059745941,model TTL,63,0.0,0.0,0.0,,,0,0,allocation 3:3 | multiplexing | doubled distance
3:3,True,0.8791479059745941,model TTL,62,0.0,0.0,0.0,,,0,0,allocation 3:3 | multiplexing | doubled distance
3:3,True,0.8791479059745941,model TTL,64,0.0,0.0,0.0,,,0,0,allocation 3:3 | multiplexing | doubled distance
3:3,True,0.8791479059745941,model TTL,75,0.0,0.0,0.0,,,0,0,allocation 3:3 | multiplexing | doubled distance
3:3,True,0.8791479059745941,model TTL,65,0.0,0.0,0.0,,,0,0,allocation 3:3 | multiplexing | doubled distance
3:3,True,0.8791479059745941,model TTL,66,0.0,0.0,0.0,,,0,0,allocation 3:3 | multiplexing | doubled distance
3:3,True,0.8791479059745941,model TTL,68,0.0,0.0,0.0,,,0,0,allocation 3:3 | multiplexing | doubled distance
3:3,True,0.8791479059745941,model TTL,71,0.0,0.0,0.0,,,0,0,allocation 3:3 | multiplexing | doubled distance
3:3,True,0.8791479059745941,model TTL,69,0.0,0.0,0.0,,,0,0,allocation 3:3 | multiplexing | doubled distance
3:3,True,0.8791479059745941,model TTL,70,0.0,0.0,0.0,,,0,0,allocation 3:3 | multiplexing | doubled distance
3:3,True,0.8791479059745941,model TTL,67,0.0,0.0,0.0,,,0,0,allocation 3:3 | multiplexing | doubled distance
3:3,True,0.8791479059745941,model TTL,73,0.0,0.0,0.0,,,0,0,allocation 3:3 | multiplexing | doubled distance
3:3,True,0.8791479059745941,model TTL,72,0.0,0.0,0.0,,,0,0,allocation 3:3 | multiplexing | doubled distance
3:3,True,0.8791479059745941,model TTL,78,0.0,0.0,0.0,,,0,0,allocation 3:3 | multiplexing | doubled distance
3:3,True,0.8791479059745941,model TTL,74,0.0,0.0,0.0,,,0,0,allocation 3:3 | multiplexing | doubled distance
3:3,True,0.8791479059745941,model TTL,77,0.0,0.0,0.0,,,0,0,allocation 3:3 | multiplexing | doubled distance
3:3,True,0.8791479059745941,model TTL,79,0.0,0.0,0.0,,,0,0,allocation 3:3 | multiplexing | doubled distance
3:3,True,0.8791479059745941,model TTL,76,0.0,0.0,0.0,,,0,0,allocation 3:3 | multiplexing | doubled distance
3:3,True,0.8791479059745941,model TTL,80,0.0,0.0,0.0,,,0,0,allocation 3:3 | multiplexing | doubled distance
3:3,True,0.8791479059745941,model TTL,82,0.0,0.0,0.0,,,0,0,allocation 3:3 | multiplexing | doubled distance
3:3,True,0.8791479059745941,model TTL,81,0.0,0.0,0.0,,,0,0,allocation 3:3 | multiplexing | doubled distance
3:3,True,0.8791479059745941,model TTL,84,0.0,0.0,0.0,,,0,0,allocation 3:3 | multiplexing | doubled distance
3:3,True,0.8791479059745941,model TTL,83,0.0,0.0,0.0,,,0,0,allocation 3:3 | multiplexing | doubled distance
3:3,True,0.8791479059745941,model TTL,93,0.0,0.0,0.0,,,0,0,allocation 3:3 | multiplexing | doubled distance
3:3,True,0.8791479059745941,model TTL,86,0.0,0.0,0.0,,,0,0,allocation 3:3 | multiplexing | doubled distance
3:3,True,0.8791479059745941,model TTL,85,0.0,0.0,0.0,,,0,0,allocation 3:3 | multiplexing | doubled distance
3:3,True,0.8791479059745941,model TTL,87,0.0,0.0,0.0,,,0,0,allocation 3:3 | multiplexing | doubled distance
3:3,True,0.8791479059745941,model TTL,88,0.0,0.0,0.0,,,0,0,allocation 3:3 | multiplexing | doubled distance
3:3,True,0.8791479059745941,model TTL,90,0.0,0.0,0.0,,,0,0,allocation 3:3 | multiplexing | doubled distance
3:3,True,0.8791479059745941,model TTL,89,0.0,0.0,0.0,,,0,0,allocation 3:3 | multiplexing | doubled distance
3:3,True,0.8791479059745941,model TTL,91,0.0,0.0,0.0,,,0,0,allocation 3:3 | multiplexing | doubled distance
3:3,True,0.8791479059745941,model TTL,92,0.0,0.0,0.0,,,0,0,allocation 3:3 | multiplexing | doubled distance
3:3,True,0.8791479059745941,model TTL,94,0.0,0.0,0.0,,,0,0,allocation 3:3 | multiplexing | doubled distance
3:3,True,0.8791479059745941,model TTL,95,0.0,0.0,0.0,,,0,0,allocation 3:3 | multiplexing | doubled distance
3:3,True,0.8791479059745941,model TTL,99,0.0,0.0,0.0,,,0,0,allocation 3:3 | multiplexing | doubled distance
3:3,True,0.8791479059745941,model TTL,98,0.0,0.0,0.0,,,0,0,allocation 3:3 | multiplexing | doubled distance
3:3,True,0.8791479059745941,model TTL,96,0.0,0.0,0.0,,,0,0,allocation 3:3 | multiplexing | doubled distance
3:3,True,0.8791479059745941,model TTL,97,0.0,0.0,0.0,,,0,0,allocation 3:3 | multiplexing | doubled distance
